... logging to /root/.ros/log/661d81b6-dfa4-11f0-b480-2ccf676ee7bc/roslaunch-raspberrypi-1568.log
Checking log directory for disk usage. This may take a while.
Press Ctrl-C to interrupt
Done checking log file disk usage. Usage is <1GB.
]2;/home/ubuntu/ros_ws/src/ainex_bringup/launch/bringup.launch
[1mstarted roslaunch server http://raspberrypi:43279/[0m

SUMMARY
========

PARAMETERS
 * /ainex_controller/controllers/ainex_controller/joint_controllers: ['l_ank_roll_cont...
 * /ainex_controller/controllers/ainex_controller/joint_trajectory_action_node/constraints/goal_time: 0.05
 * /ainex_controller/controllers/ainex_controller/joint_trajectory_action_node/min_velocity: 0.1
 * /ainex_controller/controllers/ainex_controller/type: JointTrajectoryAc...
 * /ainex_controller/controllers/head_pan_controller/joint_name: head_pan
 * /ainex_controller/controllers/head_pan_controller/joint_speed: 1.0
 * /ainex_controller/controllers/head_pan_controller/port_id: 1
 * /ainex_controller/controllers/head_pan_controller/servo/id: 23
 * /ainex_controller/controllers/head_pan_controller/servo/init: 500
 * /ainex_controller/controllers/head_pan_controller/servo/max: 1000
 * /ainex_controller/controllers/head_pan_controller/servo/min: 0
 * /ainex_controller/controllers/head_pan_controller/type: JointPositionCont...
 * /ainex_controller/controllers/head_tilt_controller/joint_name: head_tilt
 * /ainex_controller/controllers/head_tilt_controller/joint_speed: 1.0
 * /ainex_controller/controllers/head_tilt_controller/port_id: 1
 * /ainex_controller/controllers/head_tilt_controller/servo/id: 24
 * /ainex_controller/controllers/head_tilt_controller/servo/init: 500
 * /ainex_controller/controllers/head_tilt_controller/servo/max: 1000
 * /ainex_controller/controllers/head_tilt_controller/servo/min: 0
 * /ainex_controller/controllers/head_tilt_controller/type: JointPositionCont...
 * /ainex_controller/controllers/l_ank_pitch_controller/joint_name: l_ank_pitch
 * /ainex_controller/controllers/l_ank_pitch_controller/joint_speed: 1.0
 * /ainex_controller/controllers/l_ank_pitch_controller/port_id: 1
 * /ainex_controller/controllers/l_ank_pitch_controller/servo/id: 3
 * /ainex_controller/controllers/l_ank_pitch_controller/servo/init: 500
 * /ainex_controller/controllers/l_ank_pitch_controller/servo/max: 1000
 * /ainex_controller/controllers/l_ank_pitch_controller/servo/min: 0
 * /ainex_controller/controllers/l_ank_pitch_controller/type: JointPositionCont...
 * /ainex_controller/controllers/l_ank_roll_controller/joint_name: l_ank_roll
 * /ainex_controller/controllers/l_ank_roll_controller/joint_speed: 1.0
 * /ainex_controller/controllers/l_ank_roll_controller/port_id: 1
 * /ainex_controller/controllers/l_ank_roll_controller/servo/id: 1
 * /ainex_controller/controllers/l_ank_roll_controller/servo/init: 500
 * /ainex_controller/controllers/l_ank_roll_controller/servo/max: 1000
 * /ainex_controller/controllers/l_ank_roll_controller/servo/min: 0
 * /ainex_controller/controllers/l_ank_roll_controller/type: JointPositionCont...
 * /ainex_controller/controllers/l_el_pitch_controller/joint_name: l_el_pitch
 * /ainex_controller/controllers/l_el_pitch_controller/joint_speed: 1.0
 * /ainex_controller/controllers/l_el_pitch_controller/port_id: 1
 * /ainex_controller/controllers/l_el_pitch_controller/servo/id: 17
 * /ainex_controller/controllers/l_el_pitch_controller/servo/init: 500
 * /ainex_controller/controllers/l_el_pitch_controller/servo/max: 1000
 * /ainex_controller/controllers/l_el_pitch_controller/servo/min: 0
 * /ainex_controller/controllers/l_el_pitch_controller/type: JointPositionCont...
 * /ainex_controller/controllers/l_el_yaw_controller/joint_name: l_el_yaw
 * /ainex_controller/controllers/l_el_yaw_controller/joint_speed: 1.0
 * /ainex_controller/controllers/l_el_yaw_controller/port_id: 1
 * /ainex_controller/controllers/l_el_yaw_controller/servo/id: 19
 * /ainex_controller/controllers/l_el_yaw_controller/servo/init: 500
 * /ainex_controller/controllers/l_el_yaw_controller/servo/max: 1000
 * /ainex_controller/controllers/l_el_yaw_controller/servo/min: 0
 * /ainex_controller/controllers/l_el_yaw_controller/type: JointPositionCont...
 * /ainex_controller/controllers/l_gripper_controller/joint_name: l_gripper
 * /ainex_controller/controllers/l_gripper_controller/joint_speed: 1.0
 * /ainex_controller/controllers/l_gripper_controller/port_id: 1
 * /ainex_controller/controllers/l_gripper_controller/servo/id: 21
 * /ainex_controller/controllers/l_gripper_controller/servo/init: 500
 * /ainex_controller/controllers/l_gripper_controller/servo/max: 1000
 * /ainex_controller/controllers/l_gripper_controller/servo/min: 0
 * /ainex_controller/controllers/l_gripper_controller/type: JointPositionCont...
 * /ainex_controller/controllers/l_hip_pitch_controller/joint_name: l_hip_pitch
 * /ainex_controller/controllers/l_hip_pitch_controller/joint_speed: 1.0
 * /ainex_controller/controllers/l_hip_pitch_controller/port_id: 1
 * /ainex_controller/controllers/l_hip_pitch_controller/servo/id: 7
 * /ainex_controller/controllers/l_hip_pitch_controller/servo/init: 500
 * /ainex_controller/controllers/l_hip_pitch_controller/servo/max: 1000
 * /ainex_controller/controllers/l_hip_pitch_controller/servo/min: 0
 * /ainex_controller/controllers/l_hip_pitch_controller/type: JointPositionCont...
 * /ainex_controller/controllers/l_hip_roll_controller/joint_name: l_hip_roll
 * /ainex_controller/controllers/l_hip_roll_controller/joint_speed: 1.0
 * /ainex_controller/controllers/l_hip_roll_controller/port_id: 1
 * /ainex_controller/controllers/l_hip_roll_controller/servo/id: 9
 * /ainex_controller/controllers/l_hip_roll_controller/servo/init: 500
 * /ainex_controller/controllers/l_hip_roll_controller/servo/max: 1000
 * /ainex_controller/controllers/l_hip_roll_controller/servo/min: 0
 * /ainex_controller/controllers/l_hip_roll_controller/type: JointPositionCont...
 * /ainex_controller/controllers/l_hip_yaw_controller/joint_name: l_hip_yaw
 * /ainex_controller/controllers/l_hip_yaw_controller/joint_speed: 1.0
 * /ainex_controller/controllers/l_hip_yaw_controller/port_id: 1
 * /ainex_controller/controllers/l_hip_yaw_controller/servo/id: 11
 * /ainex_controller/controllers/l_hip_yaw_controller/servo/init: 500
 * /ainex_controller/controllers/l_hip_yaw_controller/servo/max: 1000
 * /ainex_controller/controllers/l_hip_yaw_controller/servo/min: 0
 * /ainex_controller/controllers/l_hip_yaw_controller/type: JointPositionCont...
 * /ainex_controller/controllers/l_knee_controller/joint_name: l_knee
 * /ainex_controller/controllers/l_knee_controller/joint_speed: 1.0
 * /ainex_controller/controllers/l_knee_controller/port_id: 1
 * /ainex_controller/controllers/l_knee_controller/servo/id: 5
 * /ainex_controller/controllers/l_knee_controller/servo/init: 240
 * /ainex_controller/controllers/l_knee_controller/servo/max: 1000
 * /ainex_controller/controllers/l_knee_controller/servo/min: 0
 * /ainex_controller/controllers/l_knee_controller/type: JointPositionCont...
 * /ainex_controller/controllers/l_sho_pitch_controller/joint_name: l_sho_pitch
 * /ainex_controller/controllers/l_sho_pitch_controller/joint_speed: 1.0
 * /ainex_controller/controllers/l_sho_pitch_controller/port_id: 1
 * /ainex_controller/controllers/l_sho_pitch_controller/servo/id: 13
 * /ainex_controller/controllers/l_sho_pitch_controller/servo/init: 875
 * /ainex_controller/controllers/l_sho_pitch_controller/servo/max: 0
 * /ainex_controller/controllers/l_sho_pitch_controller/servo/min: 1000
 * /ainex_controller/controllers/l_sho_pitch_controller/type: JointPositionCont...
 * /ainex_controller/controllers/l_sho_roll_controller/joint_name: l_sho_roll
 * /ainex_controller/controllers/l_sho_roll_controller/joint_speed: 1.0
 * /ainex_controller/controllers/l_sho_roll_controller/port_id: 1
 * /ainex_controller/controllers/l_sho_roll_controller/servo/id: 15
 * /ainex_controller/controllers/l_sho_roll_controller/servo/init: 500
 * /ainex_controller/controllers/l_sho_roll_controller/servo/max: 1000
 * /ainex_controller/controllers/l_sho_roll_controller/servo/min: 0
 * /ainex_controller/controllers/l_sho_roll_controller/type: JointPositionCont...
 * /ainex_controller/controllers/r_ank_pitch_controller/joint_name: r_ank_pitch
 * /ainex_controller/controllers/r_ank_pitch_controller/joint_speed: 1.0
 * /ainex_controller/controllers/r_ank_pitch_controller/port_id: 1
 * /ainex_controller/controllers/r_ank_pitch_controller/servo/id: 4
 * /ainex_controller/controllers/r_ank_pitch_controller/servo/init: 500
 * /ainex_controller/controllers/r_ank_pitch_controller/servo/max: 1000
 * /ainex_controller/controllers/r_ank_pitch_controller/servo/min: 0
 * /ainex_controller/controllers/r_ank_pitch_controller/type: JointPositionCont...
 * /ainex_controller/controllers/r_ank_roll_controller/joint_name: r_ank_roll
 * /ainex_controller/controllers/r_ank_roll_controller/joint_speed: 1.0
 * /ainex_controller/controllers/r_ank_roll_controller/port_id: 1
 * /ainex_controller/controllers/r_ank_roll_controller/servo/id: 2
 * /ainex_controller/controllers/r_ank_roll_controller/servo/init: 500
 * /ainex_controller/controllers/r_ank_roll_controller/servo/max: 1000
 * /ainex_controller/controllers/r_ank_roll_controller/servo/min: 0
 * /ainex_controller/controllers/r_ank_roll_controller/type: JointPositionCont...
 * /ainex_controller/controllers/r_el_pitch_controller/joint_name: r_el_pitch
 * /ainex_controller/controllers/r_el_pitch_controller/joint_speed: 1.0
 * /ainex_controller/controllers/r_el_pitch_controller/port_id: 1
 * /ainex_controller/controllers/r_el_pitch_controller/servo/id: 18
 * /ainex_controller/controllers/r_el_pitch_controller/servo/init: 500
 * /ainex_controller/controllers/r_el_pitch_controller/servo/max: 1000
 * /ainex_controller/controllers/r_el_pitch_controller/servo/min: 0
 * /ainex_controller/controllers/r_el_pitch_controller/type: JointPositionCont...
 * /ainex_controller/controllers/r_el_yaw_controller/joint_name: r_el_yaw
 * /ainex_controller/controllers/r_el_yaw_controller/joint_speed: 1.0
 * /ainex_controller/controllers/r_el_yaw_controller/port_id: 1
 * /ainex_controller/controllers/r_el_yaw_controller/servo/id: 20
 * /ainex_controller/controllers/r_el_yaw_controller/servo/init: 500
 * /ainex_controller/controllers/r_el_yaw_controller/servo/max: 1000
 * /ainex_controller/controllers/r_el_yaw_controller/servo/min: 0
 * /ainex_controller/controllers/r_el_yaw_controller/type: JointPositionCont...
 * /ainex_controller/controllers/r_gripper_controller/joint_name: r_gripper
 * /ainex_controller/controllers/r_gripper_controller/joint_speed: 1.0
 * /ainex_controller/controllers/r_gripper_controller/port_id: 1
 * /ainex_controller/controllers/r_gripper_controller/servo/id: 22
 * /ainex_controller/controllers/r_gripper_controller/servo/init: 500
 * /ainex_controller/controllers/r_gripper_controller/servo/max: 1000
 * /ainex_controller/controllers/r_gripper_controller/servo/min: 0
 * /ainex_controller/controllers/r_gripper_controller/type: JointPositionCont...
 * /ainex_controller/controllers/r_hip_pitch_controller/joint_name: r_hip_pitch
 * /ainex_controller/controllers/r_hip_pitch_controller/joint_speed: 1.0
 * /ainex_controller/controllers/r_hip_pitch_controller/port_id: 1
 * /ainex_controller/controllers/r_hip_pitch_controller/servo/id: 8
 * /ainex_controller/controllers/r_hip_pitch_controller/servo/init: 500
 * /ainex_controller/controllers/r_hip_pitch_controller/servo/max: 1000
 * /ainex_controller/controllers/r_hip_pitch_controller/servo/min: 0
 * /ainex_controller/controllers/r_hip_pitch_controller/type: JointPositionCont...
 * /ainex_controller/controllers/r_hip_roll_controller/joint_name: r_hip_roll
 * /ainex_controller/controllers/r_hip_roll_controller/joint_speed: 1.0
 * /ainex_controller/controllers/r_hip_roll_controller/port_id: 1
 * /ainex_controller/controllers/r_hip_roll_controller/servo/id: 10
 * /ainex_controller/controllers/r_hip_roll_controller/servo/init: 500
 * /ainex_controller/controllers/r_hip_roll_controller/servo/max: 1000
 * /ainex_controller/controllers/r_hip_roll_controller/servo/min: 0
 * /ainex_controller/controllers/r_hip_roll_controller/type: JointPositionCont...
 * /ainex_controller/controllers/r_hip_yaw_controller/joint_name: r_hip_yaw
 * /ainex_controller/controllers/r_hip_yaw_controller/joint_speed: 1.0
 * /ainex_controller/controllers/r_hip_yaw_controller/port_id: 1
 * /ainex_controller/controllers/r_hip_yaw_controller/servo/id: 12
 * /ainex_controller/controllers/r_hip_yaw_controller/servo/init: 500
 * /ainex_controller/controllers/r_hip_yaw_controller/servo/max: 1000
 * /ainex_controller/controllers/r_hip_yaw_controller/servo/min: 0
 * /ainex_controller/controllers/r_hip_yaw_controller/type: JointPositionCont...
 * /ainex_controller/controllers/r_knee_controller/joint_name: r_knee
 * /ainex_controller/controllers/r_knee_controller/joint_speed: 1.0
 * /ainex_controller/controllers/r_knee_controller/port_id: 1
 * /ainex_controller/controllers/r_knee_controller/servo/id: 6
 * /ainex_controller/controllers/r_knee_controller/servo/init: 760
 * /ainex_controller/controllers/r_knee_controller/servo/max: 1000
 * /ainex_controller/controllers/r_knee_controller/servo/min: 0
 * /ainex_controller/controllers/r_knee_controller/type: JointPositionCont...
 * /ainex_controller/controllers/r_sho_pitch_controller/joint_name: r_sho_pitch
 * /ainex_controller/controllers/r_sho_pitch_controller/joint_speed: 1.0
 * /ainex_controller/controllers/r_sho_pitch_controller/port_id: 1
 * /ainex_controller/controllers/r_sho_pitch_controller/servo/id: 14
 * /ainex_controller/controllers/r_sho_pitch_controller/servo/init: 125
 * /ainex_controller/controllers/r_sho_pitch_controller/servo/max: 0
 * /ainex_controller/controllers/r_sho_pitch_controller/servo/min: 1000
 * /ainex_controller/controllers/r_sho_pitch_controller/type: JointPositionCont...
 * /ainex_controller/controllers/r_sho_roll_controller/joint_name: r_sho_roll
 * /ainex_controller/controllers/r_sho_roll_controller/joint_speed: 1.0
 * /ainex_controller/controllers/r_sho_roll_controller/port_id: 1
 * /ainex_controller/controllers/r_sho_roll_controller/servo/id: 16
 * /ainex_controller/controllers/r_sho_roll_controller/servo/init: 500
 * /ainex_controller/controllers/r_sho_roll_controller/servo/max: 1000
 * /ainex_controller/controllers/r_sho_roll_controller/servo/min: 0
 * /ainex_controller/controllers/r_sho_roll_controller/type: JointPositionCont...
 * /ainex_controller/gazebo_sim: False
 * /ainex_controller/init_pose/head_pan: 0.0
 * /ainex_controller/init_pose/head_tilt: 0.0
 * /ainex_controller/init_pose/l_ank_pitch: 0.625
 * /ainex_controller/init_pose/l_ank_roll: 0.016
 * /ainex_controller/init_pose/l_el_pitch: -0.1
 * /ainex_controller/init_pose/l_el_yaw: -1.926
 * /ainex_controller/init_pose/l_gripper: 0.0
 * /ainex_controller/init_pose/l_hip_pitch: -0.828
 * /ainex_controller/init_pose/l_hip_roll: 0.016
 * /ainex_controller/init_pose/l_hip_yaw: 0.0
 * /ainex_controller/init_pose/l_knee: 1.192
 * /ainex_controller/init_pose/l_sho_pitch: 0.0
 * /ainex_controller/init_pose/l_sho_roll: 1.293
 * /ainex_controller/init_pose/r_ank_pitch: -0.625
 * /ainex_controller/init_pose/r_ank_roll: -0.016
 * /ainex_controller/init_pose/r_el_pitch: 0.1
 * /ainex_controller/init_pose/r_el_yaw: 1.926
 * /ainex_controller/init_pose/r_gripper: 0.0
 * /ainex_controller/init_pose/r_hip_pitch: 0.828
 * /ainex_controller/init_pose/r_hip_roll: -0.016
 * /ainex_controller/init_pose/r_hip_yaw: 0.0
 * /ainex_controller/init_pose/r_knee: -1.192
 * /ainex_controller/init_pose/r_sho_pitch: 0.0
 * /ainex_controller/init_pose/r_sho_roll: -1.293
 * /ainex_controller/serial_ports: [{'port_name': '/...
 * /app/color_track/color_track/pid1_d: 0.003
 * /app/color_track/color_track/pid1_i: 0.0
 * /app/color_track/color_track/pid1_p: 0.13
 * /app/color_track/color_track/pid2_d: 0.003
 * /app/color_track/color_track/pid2_i: 0.0
 * /app/color_track/color_track/pid2_p: 0.13
 * /camera/camera_frame_id: camera
 * /camera/camera_info_url: file:///home/ubun...
 * /camera/camera_name: camera
 * /camera/frame_rate: 10.0
 * /camera/image_height: 480
 * /camera/image_raw/compressed/jpeg_quality: 30
 * /camera/image_topic: image_raw
 * /camera/image_width: 640
 * /camera/io_method: mmap
 * /camera/pixel_format: yuyv
 * /camera/rectify_color/queue_size: 10
 * /camera/video_device: /dev/usb_cam
 * /color_detection/debug: False
 * /color_detection/enable_display: False
 * /color_detection/enable_roi: True
 * /color_track/pid1_d: 0.003
 * /color_track/pid1_i: 0.0
 * /color_track/pid1_p: 0.13
 * /color_track/pid2_d: 0.003
 * /color_track/pid2_i: 0.0
 * /color_track/pid2_p: 0.13
 * /face_detect/confidence: 0.5
 * /face_detect/enable_display: False
 * /imu_calib/calib_file: /home/ubuntu/ros_...
 * /imu_filter/bias_alpha: 0.15
 * /imu_filter/do_adaptive_gain: True
 * /imu_filter/do_bias_estimation: True
 * /imu_filter/gain_acc: 0.15
 * /imu_filter/use_mag: True
 * /joystick/autorepeat_rate: 20.0
 * /joystick/coalesce_interval: 0.05
 * /joystick/dev: /dev/input/js0
 * /ros_robot_controller/calibration: [9.103e-07, 7.42e...
 * /ros_robot_controller/freq: 100
 * /ros_robot_controller/imu_frame: imu_link
 * /rosapi/params_glob: [*]
 * /rosapi/services_glob: [*]
 * /rosapi/topics_glob: [*]
 * /rosbridge_websocket/address: 0.0.0.0
 * /rosbridge_websocket/authenticate: False
 * /rosbridge_websocket/bson_only_mode: False
 * /rosbridge_websocket/delay_between_messages: 0
 * /rosbridge_websocket/fragment_timeout: 600
 * /rosbridge_websocket/max_message_size: None
 * /rosbridge_websocket/params_glob: [*]
 * /rosbridge_websocket/port: 9090
 * /rosbridge_websocket/retry_startup_delay: 5
 * /rosbridge_websocket/services_glob: [*]
 * /rosbridge_websocket/topics_glob: [*]
 * /rosbridge_websocket/unregister_timeout: 3600000
 * /rosbridge_websocket/use_compression: False
 * /rosbridge_websocket/websocket_external_port: None
 * /rosbridge_websocket/websocket_ping_interval: 0
 * /rosbridge_websocket/websocket_ping_timeout: 30
 * /rosdistro: noetic
 * /rosversion: 1.16.0
 * /teleop_fetch/head_sensitivity: 1.0
 * /teleop_fetch/max_head_pan: 2.0
 * /teleop_fetch/max_head_tilt: 2.0
 * /teleop_fetch/movement_duration: 0.2

NODES
  /
    ainex_controller (ainex_kinematics/ainex_controller.py)
    app (ainex_app/app_node.py)
    camera (usb_cam/usb_cam_node)
    color_detection (ainex_example/color_detection_node.py)
    face_detect (ainex_example/face_detect_node.py)
    imu_calib (imu_calib/apply_calib)
    imu_filter (imu_complementary_filter/complementary_filter_node)
    joystick (joy/joy_node)
    joystick_control (ainex_peripherals/joystick_control.py)
    ros_robot_controller (ros_robot_controller/ros_robot_controller_node.py)
    rosapi (rosapi/rosapi_node)
    rosbridge_websocket (rosbridge_server/rosbridge_websocket)
    teleop_fetch (teleop_fetch/fetcher.py)
    topici_list (proverka_nod/topici_list.py)
    web_video_server (web_video_server/web_video_server)
  /camera/
    manager (nodelet/nodelet)
    rectify_color (nodelet/nodelet)
Exception in thread Thread-5:
Traceback (most recent call last):
  File "/usr/lib/python3/dist-packages/serial/serialposix.py", line 500, in read
    raise SerialException(
serial.serialutil.SerialException: device reports readiness to read but returned no data (device disconnected or multiple access on port?)

During handling of the above exception, another exception occurred:

Traceback (most recent call last):
  File "/usr/lib/python3.8/threading.py", line 932, in _bootstrap_inner
    self.run()
  File "/usr/lib/python3.8/threading.py", line 870, in run
    self._target(*self._args, **self._kwargs)
  File "/home/ubuntu/ros_ws/src/ainex_driver/ros_robot_controller/src/ros_robot_controller/ros_robot_controller_sdk.py", line 501, in recv_task
    recv_data = self.port.read()
  File "/usr/lib/python3/dist-packages/serial/serialposix.py", line 509, in read
    raise SerialException('read failed: {}'.format(e))
serial.serialutil.SerialException: read failed: device reports readiness to read but returned no data (device disconnected or multiple access on port?)
Traceback (most recent call last):
  File "/home/ubuntu/ros_ws/src/ainex_app/scripts/app_node.py", line 9, in <module>
    from transitions import Machine
ModuleNotFoundError: No module named 'transitions'
[33m[ WARN] [1766455767.090782418]: unknown control 'white_balance_temperature_auto'
[0m
[33m[ WARN] [1766455767.100107693]: unknown control 'focus_auto'
[0m
2025-12-23 02:09:27+0000 [-] Log opened.
Traceback (most recent call last):
  File "/home/ubuntu/ros_ws/src/ainex_example/scripts/face_detect/face_detect_node.py", line 12, in <module>
    import mediapipe as mp
ModuleNotFoundError: No module named 'mediapipe'
2025-12-23 02:09:27+0000 [-] registered capabilities (classes):
2025-12-23 02:09:27+0000 [-]  - <class 'rosbridge_library.capabilities.call_service.CallService'>
2025-12-23 02:09:27+0000 [-]  - <class 'rosbridge_library.capabilities.advertise.Advertise'>
2025-12-23 02:09:27+0000 [-]  - <class 'rosbridge_library.capabilities.publish.Publish'>
2025-12-23 02:09:27+0000 [-]  - <class 'rosbridge_library.capabilities.subscribe.Subscribe'>
2025-12-23 02:09:27+0000 [-]  - <class 'rosbridge_library.capabilities.defragmentation.Defragment'>
2025-12-23 02:09:27+0000 [-]  - <class 'rosbridge_library.capabilities.advertise_service.AdvertiseService'>
2025-12-23 02:09:27+0000 [-]  - <class 'rosbridge_library.capabilities.service_response.ServiceResponse'>
2025-12-23 02:09:27+0000 [-]  - <class 'rosbridge_library.capabilities.unadvertise_service.UnadvertiseService'>
2025-12-23 02:09:27+0000 [-] WebSocketServerFactory starting on 9090
2025-12-23 02:09:27+0000 [-] Starting factory <autobahn.twisted.websocket.WebSocketServerFactory object at 0x7ffed69c5a90>
2025-12-23 02:09:27+0000 [-] [INFO] [1766455767.535343]: Rosbridge WebSocket server started at ws://0.0.0.0:9090
[INFO] [1766455768.802769]: Serial port reading thread started
[INFO] [1766455768.803011]: SerialHandler initialized
[INFO] [1766455768.812291]: GameServices initialized for robot: robot_1
[INFO] [1766455768.822745]: PID stabilization enabled: Kp=0.008, Ki=0.04, Kd=0.0003, setpoint=90.0°, limits=(-2.05, 2.05)
[INFO] [1766455768.824367]: StabilizationModule initialized: enabled=True
[INFO] [1766455768.825703]: SpeedControl module initialized with 4 speed modes: [1, 2, 3, 4]
[INFO] [1766455768.826818]: SpeedControl initialized with stabilization: enabled=True
[INFO] [1766455768.834408]: ButtonHandler module initialized
[INFO] [1766455768.840174]: Joystick Controller Initialized
shutdown request: user request
[INFO] [1766455804.816360]: Shutting down joystick controller...
[INFO] [1766455804.820463]: Robot stopped on shutdown
[INFO] [1766455804.924882]: Serial port reading thread stopped
[33m[ WARN] [1766455806.037188464]: Shutdown request received.[0m
[33m[ WARN] [1766455806.037590440]: Reason given for shutdown: [[/joystick] Reason: new node registered with same name][0m
[0m[ INFO] [1766455764.433109250]: Opened joystick: /dev/input/js0 (SHANWAN Android Gamepad). deadzone_: 0.050000.[0m
[INFO] [1766455768.445504]: ainex controller init finish
shutdown request: user request
[33m[ WARN] [1766455898.661721184]: Shutdown request received.[0m
[33m[ WARN] [1766455898.661988078]: Reason given for shutdown: [user request][0m
[33m[ WARN] [1766455898.687998461]: Shutdown request received.[0m
[33m[ WARN] [1766455898.688132352]: Reason given for shutdown: [user request][0m
[33m[ WARN] [1766455898.714535020]: Shutdown request received. Reason: [user request][0m
[33m[ WARN] [1766455898.857652526]: Shutdown request received.[0m
[33m[ WARN] [1766455898.863759378]: Reason given for shutdown: [user request][0m
[33m[ WARN] [1766455898.898951299]: Shutdown request received.[0m
[33m[ WARN] [1766455898.903168136]: Reason given for shutdown: [user request][0m
shutdown request: user request
[INFO] [1766455898.929024]: ------motor stop-------
terminate called after throwing an instance of 'boost::wrapexcept<boost::lock_error>'
  what():  boost: mutex lock failed in pthread_mutex_lock: Invalid argument
2025-12-23 02:11:39+0000 [-] shutdown request: user request
2025-12-23 02:11:39+0000 [autobahn.twisted.websocket.WebSocketServerFactory] (TCP Port 9090 Closed)
2025-12-23 02:11:39+0000 [-] Stopping factory <autobahn.twisted.websocket.WebSocketServerFactory object at 0x7ffed69c5a90>
2025-12-23 02:11:39+0000 [-] Main loop terminated.
[33m[ WARN] [1766455899.413343799]: Shutdown request received.[0m
[33m[ WARN] [1766455899.413424597]: Reason given for shutdown: [user request][0m
[INFO] [1766455765.969569]: Rosapi started
shutdown request: user request
[0m[ INFO] [1766455766.727470530]: Waiting For connections on 0.0.0.0:8080[0m
[INFO] [1766455766.052901]: ActionGroups Publisher запущен и публикует данные в /action_groups_data
[INFO] [1766455766.187813]: TeleopFetcher нода инициализирована
[INFO] [1766455766.189357]: Чувствительность головы: 1.0
[INFO] [1766455766.190935]: Максимальный поворот головы: ±2.0
[INFO] [1766455766.193628]: Максимальный наклон головы: ±2.0
[INFO] [1766455766.195532]: Подписка на топики:
[INFO] [1766455766.197124]:   - /quest/poses: данные о положении головы и рук оператора
[INFO] [1766455766.198481]:   - /quest/joints: данные о кнопках и джойстиках VR контроллеров
[INFO] [1766455766.199716]: Готов к получению данных от VR гарнитуры Quest
[INFO] [1766455766.201230]: Начальное состояние управления руками: idle
[INFO] [1766455766.202477]: Управление головой: отключено
[INFO] [1766455766.203562]: Для калибровки нажмите X на левом контроллере
[INFO] [1766455766.204882]: Установка рук робота в стартовую позицию...
[INFO] [1766455766.205955]: Сервопривод ID14: позиция 126
[INFO] [1766455766.206882]: Сервопривод ID16: позиция 167
[INFO] [1766455766.207854]: Сервопривод ID18: позиция 498
[INFO] [1766455766.208760]: Сервопривод ID20: позиция 956
[INFO] [1766455766.209930]: Сервопривод ID22: позиция 500
[INFO] [1766455766.211099]: Сервопривод ID13: позиция 874
[INFO] [1766455766.212042]: Сервопривод ID15: позиция 833
[INFO] [1766455766.213356]: Сервопривод ID17: позиция 502
[INFO] [1766455766.215157]: Сервопривод ID19: позиция 44
[INFO] [1766455766.217407]: Сервопривод ID21: позиция 500
[INFO] [1766455766.221570]: Команда установки стартовой позы рук отправлена
[INFO] [1766455766.229401]: Установлено 10 сервоприводов
[INFO] [1766455766.833001]: Стартовая поза рук установлена
[INFO] [1766455766.838793]: TeleopFetcher нода запущена
[31m[app-16] process has died [pid 1692, exit code 1, cmd /home/ubuntu/ros_ws/src/ainex_app/scripts/app_node.py __name:=app __log:=/root/.ros/log/661d81b6-dfa4-11f0-b480-2ccf676ee7bc/app-16.log].
log file: /root/.ros/log/661d81b6-dfa4-11f0-b480-2ccf676ee7bc/app-16*.log[0m
[31m[face_detect-15] process has died [pid 1689, exit code 1, cmd /home/ubuntu/ros_ws/src/ainex_example/scripts/face_detect/face_detect_node.py __name:=face_detect __log:=/root/.ros/log/661d81b6-dfa4-11f0-b480-2ccf676ee7bc/face_detect-15.log].
log file: /root/.ros/log/661d81b6-dfa4-11f0-b480-2ccf676ee7bc/face_detect-15*.log[0m
[31m================================================================================REQUIRED process [ros_robot_controller-5] has died!
process has finished cleanly
log file: /root/.ros/log/661d81b6-dfa4-11f0-b480-2ccf676ee7bc/ros_robot_controller-5*.log
Initiating shutdown!
================================================================================[0m
[31m[color_detection-14] escalating to SIGTERM[0m
[31m[color_detection-14] escalating to SIGKILL[0m
[31mShutdown errors:
 * process[color_detection-14, pid 1688]: required SIGKILL. May still be running.[0m

auto-starting new master
[1mprocess[master]: started with pid [1622][0m
[1mROS_MASTER_URI=http://localhost:11311[0m
]2;/home/ubuntu/ros_ws/src/ainex_bringup/launch/bringup.launch http://localhost:11311
[1msetting /run_id to 661d81b6-dfa4-11f0-b480-2ccf676ee7bc[0m
[1mprocess[rosout-1]: started with pid [1650][0m
started core service [/rosout]
[1mprocess[camera-2]: started with pid [1653][0m
[1mprocess[camera/manager-3]: started with pid [1654][0m
[1mprocess[camera/rectify_color-4]: started with pid [1655][0m
[1mprocess[ros_robot_controller-5]: started with pid [1656][0m
[1mprocess[ainex_controller-6]: started with pid [1657][0m
[1mprocess[imu_calib-7]: started with pid [1658][0m
[1mprocess[imu_filter-8]: started with pid [1659][0m
[1mprocess[joystick-9]: started with pid [1660][0m
[1mprocess[joystick_control-10]: started with pid [1661][0m
[1mprocess[web_video_server-11]: started with pid [1671][0m
[1mprocess[rosbridge_websocket-12]: started with pid [1680][0m
[1mprocess[rosapi-13]: started with pid [1682][0m
[1mprocess[color_detection-14]: started with pid [1688][0m
[1mprocess[face_detect-15]: started with pid [1689][0m
[1mprocess[app-16]: started with pid [1692][0m
[1mprocess[teleop_fetch-17]: started with pid [1697][0m
[1mprocess[topici_list-18]: started with pid [1708][0m
[1m[joystick_control-10] process has finished cleanly
log file: /root/.ros/log/661d81b6-dfa4-11f0-b480-2ccf676ee7bc/joystick_control-10*.log[0m
[1m[joystick-9] process has finished cleanly
log file: /root/.ros/log/661d81b6-dfa4-11f0-b480-2ccf676ee7bc/joystick-9*.log[0m
[1m[ainex_controller-6] process has finished cleanly
log file: /root/.ros/log/661d81b6-dfa4-11f0-b480-2ccf676ee7bc/ainex_controller-6*.log[0m
[1m[camera/rectify_color-4] process has finished cleanly
log file: /root/.ros/log/661d81b6-dfa4-11f0-b480-2ccf676ee7bc/camera-rectify_color-4*.log[0m
[1m[camera/manager-3] process has finished cleanly
log file: /root/.ros/log/661d81b6-dfa4-11f0-b480-2ccf676ee7bc/camera-manager-3*.log[0m
[topici_list-18] killing on exit
[color_detection-14] killing on exit
[teleop_fetch-17] killing on exit
[web_video_server-11] killing on exit
[imu_calib-7] killing on exit
[ros_robot_controller-5] killing on exit
[rosapi-13] killing on exit
[camera-2] killing on exit
[rosbridge_websocket-12] killing on exit
[imu_filter-8] killing on exit
[rosout-1] killing on exit
[master] killing on exit
shutting down processing monitor...
... shutting down processing monitor complete
[1mdone[0m
... logging to /root/.ros/log/c57019d0-dfa4-11f0-beab-2ccf676ee7bc/roslaunch-raspberrypi-4270.log
Checking log directory for disk usage. This may take a while.
Press Ctrl-C to interrupt
Done checking log file disk usage. Usage is <1GB.
]2;/home/ubuntu/ros_ws/src/ainex_bringup/launch/bringup.launch
[1mstarted roslaunch server http://raspberrypi:44087/[0m

SUMMARY
========

PARAMETERS
 * /ainex_controller/controllers/ainex_controller/joint_controllers: ['l_ank_roll_cont...
 * /ainex_controller/controllers/ainex_controller/joint_trajectory_action_node/constraints/goal_time: 0.05
 * /ainex_controller/controllers/ainex_controller/joint_trajectory_action_node/min_velocity: 0.1
 * /ainex_controller/controllers/ainex_controller/type: JointTrajectoryAc...
 * /ainex_controller/controllers/head_pan_controller/joint_name: head_pan
 * /ainex_controller/controllers/head_pan_controller/joint_speed: 1.0
 * /ainex_controller/controllers/head_pan_controller/port_id: 1
 * /ainex_controller/controllers/head_pan_controller/servo/id: 23
 * /ainex_controller/controllers/head_pan_controller/servo/init: 500
 * /ainex_controller/controllers/head_pan_controller/servo/max: 1000
 * /ainex_controller/controllers/head_pan_controller/servo/min: 0
 * /ainex_controller/controllers/head_pan_controller/type: JointPositionCont...
 * /ainex_controller/controllers/head_tilt_controller/joint_name: head_tilt
 * /ainex_controller/controllers/head_tilt_controller/joint_speed: 1.0
 * /ainex_controller/controllers/head_tilt_controller/port_id: 1
 * /ainex_controller/controllers/head_tilt_controller/servo/id: 24
 * /ainex_controller/controllers/head_tilt_controller/servo/init: 500
 * /ainex_controller/controllers/head_tilt_controller/servo/max: 1000
 * /ainex_controller/controllers/head_tilt_controller/servo/min: 0
 * /ainex_controller/controllers/head_tilt_controller/type: JointPositionCont...
 * /ainex_controller/controllers/l_ank_pitch_controller/joint_name: l_ank_pitch
 * /ainex_controller/controllers/l_ank_pitch_controller/joint_speed: 1.0
 * /ainex_controller/controllers/l_ank_pitch_controller/port_id: 1
 * /ainex_controller/controllers/l_ank_pitch_controller/servo/id: 3
 * /ainex_controller/controllers/l_ank_pitch_controller/servo/init: 500
 * /ainex_controller/controllers/l_ank_pitch_controller/servo/max: 1000
 * /ainex_controller/controllers/l_ank_pitch_controller/servo/min: 0
 * /ainex_controller/controllers/l_ank_pitch_controller/type: JointPositionCont...
 * /ainex_controller/controllers/l_ank_roll_controller/joint_name: l_ank_roll
 * /ainex_controller/controllers/l_ank_roll_controller/joint_speed: 1.0
 * /ainex_controller/controllers/l_ank_roll_controller/port_id: 1
 * /ainex_controller/controllers/l_ank_roll_controller/servo/id: 1
 * /ainex_controller/controllers/l_ank_roll_controller/servo/init: 500
 * /ainex_controller/controllers/l_ank_roll_controller/servo/max: 1000
 * /ainex_controller/controllers/l_ank_roll_controller/servo/min: 0
 * /ainex_controller/controllers/l_ank_roll_controller/type: JointPositionCont...
 * /ainex_controller/controllers/l_el_pitch_controller/joint_name: l_el_pitch
 * /ainex_controller/controllers/l_el_pitch_controller/joint_speed: 1.0
 * /ainex_controller/controllers/l_el_pitch_controller/port_id: 1
 * /ainex_controller/controllers/l_el_pitch_controller/servo/id: 17
 * /ainex_controller/controllers/l_el_pitch_controller/servo/init: 500
 * /ainex_controller/controllers/l_el_pitch_controller/servo/max: 1000
 * /ainex_controller/controllers/l_el_pitch_controller/servo/min: 0
 * /ainex_controller/controllers/l_el_pitch_controller/type: JointPositionCont...
 * /ainex_controller/controllers/l_el_yaw_controller/joint_name: l_el_yaw
 * /ainex_controller/controllers/l_el_yaw_controller/joint_speed: 1.0
 * /ainex_controller/controllers/l_el_yaw_controller/port_id: 1
 * /ainex_controller/controllers/l_el_yaw_controller/servo/id: 19
 * /ainex_controller/controllers/l_el_yaw_controller/servo/init: 500
 * /ainex_controller/controllers/l_el_yaw_controller/servo/max: 1000
 * /ainex_controller/controllers/l_el_yaw_controller/servo/min: 0
 * /ainex_controller/controllers/l_el_yaw_controller/type: JointPositionCont...
 * /ainex_controller/controllers/l_gripper_controller/joint_name: l_gripper
 * /ainex_controller/controllers/l_gripper_controller/joint_speed: 1.0
 * /ainex_controller/controllers/l_gripper_controller/port_id: 1
 * /ainex_controller/controllers/l_gripper_controller/servo/id: 21
 * /ainex_controller/controllers/l_gripper_controller/servo/init: 500
 * /ainex_controller/controllers/l_gripper_controller/servo/max: 1000
 * /ainex_controller/controllers/l_gripper_controller/servo/min: 0
 * /ainex_controller/controllers/l_gripper_controller/type: JointPositionCont...
 * /ainex_controller/controllers/l_hip_pitch_controller/joint_name: l_hip_pitch
 * /ainex_controller/controllers/l_hip_pitch_controller/joint_speed: 1.0
 * /ainex_controller/controllers/l_hip_pitch_controller/port_id: 1
 * /ainex_controller/controllers/l_hip_pitch_controller/servo/id: 7
 * /ainex_controller/controllers/l_hip_pitch_controller/servo/init: 500
 * /ainex_controller/controllers/l_hip_pitch_controller/servo/max: 1000
 * /ainex_controller/controllers/l_hip_pitch_controller/servo/min: 0
 * /ainex_controller/controllers/l_hip_pitch_controller/type: JointPositionCont...
 * /ainex_controller/controllers/l_hip_roll_controller/joint_name: l_hip_roll
 * /ainex_controller/controllers/l_hip_roll_controller/joint_speed: 1.0
 * /ainex_controller/controllers/l_hip_roll_controller/port_id: 1
 * /ainex_controller/controllers/l_hip_roll_controller/servo/id: 9
 * /ainex_controller/controllers/l_hip_roll_controller/servo/init: 500
 * /ainex_controller/controllers/l_hip_roll_controller/servo/max: 1000
 * /ainex_controller/controllers/l_hip_roll_controller/servo/min: 0
 * /ainex_controller/controllers/l_hip_roll_controller/type: JointPositionCont...
 * /ainex_controller/controllers/l_hip_yaw_controller/joint_name: l_hip_yaw
 * /ainex_controller/controllers/l_hip_yaw_controller/joint_speed: 1.0
 * /ainex_controller/controllers/l_hip_yaw_controller/port_id: 1
 * /ainex_controller/controllers/l_hip_yaw_controller/servo/id: 11
 * /ainex_controller/controllers/l_hip_yaw_controller/servo/init: 500
 * /ainex_controller/controllers/l_hip_yaw_controller/servo/max: 1000
 * /ainex_controller/controllers/l_hip_yaw_controller/servo/min: 0
 * /ainex_controller/controllers/l_hip_yaw_controller/type: JointPositionCont...
 * /ainex_controller/controllers/l_knee_controller/joint_name: l_knee
 * /ainex_controller/controllers/l_knee_controller/joint_speed: 1.0
 * /ainex_controller/controllers/l_knee_controller/port_id: 1
 * /ainex_controller/controllers/l_knee_controller/servo/id: 5
 * /ainex_controller/controllers/l_knee_controller/servo/init: 240
 * /ainex_controller/controllers/l_knee_controller/servo/max: 1000
 * /ainex_controller/controllers/l_knee_controller/servo/min: 0
 * /ainex_controller/controllers/l_knee_controller/type: JointPositionCont...
 * /ainex_controller/controllers/l_sho_pitch_controller/joint_name: l_sho_pitch
 * /ainex_controller/controllers/l_sho_pitch_controller/joint_speed: 1.0
 * /ainex_controller/controllers/l_sho_pitch_controller/port_id: 1
 * /ainex_controller/controllers/l_sho_pitch_controller/servo/id: 13
 * /ainex_controller/controllers/l_sho_pitch_controller/servo/init: 875
 * /ainex_controller/controllers/l_sho_pitch_controller/servo/max: 0
 * /ainex_controller/controllers/l_sho_pitch_controller/servo/min: 1000
 * /ainex_controller/controllers/l_sho_pitch_controller/type: JointPositionCont...
 * /ainex_controller/controllers/l_sho_roll_controller/joint_name: l_sho_roll
 * /ainex_controller/controllers/l_sho_roll_controller/joint_speed: 1.0
 * /ainex_controller/controllers/l_sho_roll_controller/port_id: 1
 * /ainex_controller/controllers/l_sho_roll_controller/servo/id: 15
 * /ainex_controller/controllers/l_sho_roll_controller/servo/init: 500
 * /ainex_controller/controllers/l_sho_roll_controller/servo/max: 1000
 * /ainex_controller/controllers/l_sho_roll_controller/servo/min: 0
 * /ainex_controller/controllers/l_sho_roll_controller/type: JointPositionCont...
 * /ainex_controller/controllers/r_ank_pitch_controller/joint_name: r_ank_pitch
 * /ainex_controller/controllers/r_ank_pitch_controller/joint_speed: 1.0
 * /ainex_controller/controllers/r_ank_pitch_controller/port_id: 1
 * /ainex_controller/controllers/r_ank_pitch_controller/servo/id: 4
 * /ainex_controller/controllers/r_ank_pitch_controller/servo/init: 500
 * /ainex_controller/controllers/r_ank_pitch_controller/servo/max: 1000
 * /ainex_controller/controllers/r_ank_pitch_controller/servo/min: 0
 * /ainex_controller/controllers/r_ank_pitch_controller/type: JointPositionCont...
 * /ainex_controller/controllers/r_ank_roll_controller/joint_name: r_ank_roll
 * /ainex_controller/controllers/r_ank_roll_controller/joint_speed: 1.0
 * /ainex_controller/controllers/r_ank_roll_controller/port_id: 1
 * /ainex_controller/controllers/r_ank_roll_controller/servo/id: 2
 * /ainex_controller/controllers/r_ank_roll_controller/servo/init: 500
 * /ainex_controller/controllers/r_ank_roll_controller/servo/max: 1000
 * /ainex_controller/controllers/r_ank_roll_controller/servo/min: 0
 * /ainex_controller/controllers/r_ank_roll_controller/type: JointPositionCont...
 * /ainex_controller/controllers/r_el_pitch_controller/joint_name: r_el_pitch
 * /ainex_controller/controllers/r_el_pitch_controller/joint_speed: 1.0
 * /ainex_controller/controllers/r_el_pitch_controller/port_id: 1
 * /ainex_controller/controllers/r_el_pitch_controller/servo/id: 18
 * /ainex_controller/controllers/r_el_pitch_controller/servo/init: 500
 * /ainex_controller/controllers/r_el_pitch_controller/servo/max: 1000
 * /ainex_controller/controllers/r_el_pitch_controller/servo/min: 0
 * /ainex_controller/controllers/r_el_pitch_controller/type: JointPositionCont...
 * /ainex_controller/controllers/r_el_yaw_controller/joint_name: r_el_yaw
 * /ainex_controller/controllers/r_el_yaw_controller/joint_speed: 1.0
 * /ainex_controller/controllers/r_el_yaw_controller/port_id: 1
 * /ainex_controller/controllers/r_el_yaw_controller/servo/id: 20
 * /ainex_controller/controllers/r_el_yaw_controller/servo/init: 500
 * /ainex_controller/controllers/r_el_yaw_controller/servo/max: 1000
 * /ainex_controller/controllers/r_el_yaw_controller/servo/min: 0
 * /ainex_controller/controllers/r_el_yaw_controller/type: JointPositionCont...
 * /ainex_controller/controllers/r_gripper_controller/joint_name: r_gripper
 * /ainex_controller/controllers/r_gripper_controller/joint_speed: 1.0
 * /ainex_controller/controllers/r_gripper_controller/port_id: 1
 * /ainex_controller/controllers/r_gripper_controller/servo/id: 22
 * /ainex_controller/controllers/r_gripper_controller/servo/init: 500
 * /ainex_controller/controllers/r_gripper_controller/servo/max: 1000
 * /ainex_controller/controllers/r_gripper_controller/servo/min: 0
 * /ainex_controller/controllers/r_gripper_controller/type: JointPositionCont...
 * /ainex_controller/controllers/r_hip_pitch_controller/joint_name: r_hip_pitch
 * /ainex_controller/controllers/r_hip_pitch_controller/joint_speed: 1.0
 * /ainex_controller/controllers/r_hip_pitch_controller/port_id: 1
 * /ainex_controller/controllers/r_hip_pitch_controller/servo/id: 8
 * /ainex_controller/controllers/r_hip_pitch_controller/servo/init: 500
 * /ainex_controller/controllers/r_hip_pitch_controller/servo/max: 1000
 * /ainex_controller/controllers/r_hip_pitch_controller/servo/min: 0
 * /ainex_controller/controllers/r_hip_pitch_controller/type: JointPositionCont...
 * /ainex_controller/controllers/r_hip_roll_controller/joint_name: r_hip_roll
 * /ainex_controller/controllers/r_hip_roll_controller/joint_speed: 1.0
 * /ainex_controller/controllers/r_hip_roll_controller/port_id: 1
 * /ainex_controller/controllers/r_hip_roll_controller/servo/id: 10
 * /ainex_controller/controllers/r_hip_roll_controller/servo/init: 500
 * /ainex_controller/controllers/r_hip_roll_controller/servo/max: 1000
 * /ainex_controller/controllers/r_hip_roll_controller/servo/min: 0
 * /ainex_controller/controllers/r_hip_roll_controller/type: JointPositionCont...
 * /ainex_controller/controllers/r_hip_yaw_controller/joint_name: r_hip_yaw
 * /ainex_controller/controllers/r_hip_yaw_controller/joint_speed: 1.0
 * /ainex_controller/controllers/r_hip_yaw_controller/port_id: 1
 * /ainex_controller/controllers/r_hip_yaw_controller/servo/id: 12
 * /ainex_controller/controllers/r_hip_yaw_controller/servo/init: 500
 * /ainex_controller/controllers/r_hip_yaw_controller/servo/max: 1000
 * /ainex_controller/controllers/r_hip_yaw_controller/servo/min: 0
 * /ainex_controller/controllers/r_hip_yaw_controller/type: JointPositionCont...
 * /ainex_controller/controllers/r_knee_controller/joint_name: r_knee
 * /ainex_controller/controllers/r_knee_controller/joint_speed: 1.0
 * /ainex_controller/controllers/r_knee_controller/port_id: 1
 * /ainex_controller/controllers/r_knee_controller/servo/id: 6
 * /ainex_controller/controllers/r_knee_controller/servo/init: 760
 * /ainex_controller/controllers/r_knee_controller/servo/max: 1000
 * /ainex_controller/controllers/r_knee_controller/servo/min: 0
 * /ainex_controller/controllers/r_knee_controller/type: JointPositionCont...
 * /ainex_controller/controllers/r_sho_pitch_controller/joint_name: r_sho_pitch
 * /ainex_controller/controllers/r_sho_pitch_controller/joint_speed: 1.0
 * /ainex_controller/controllers/r_sho_pitch_controller/port_id: 1
 * /ainex_controller/controllers/r_sho_pitch_controller/servo/id: 14
 * /ainex_controller/controllers/r_sho_pitch_controller/servo/init: 125
 * /ainex_controller/controllers/r_sho_pitch_controller/servo/max: 0
 * /ainex_controller/controllers/r_sho_pitch_controller/servo/min: 1000
 * /ainex_controller/controllers/r_sho_pitch_controller/type: JointPositionCont...
 * /ainex_controller/controllers/r_sho_roll_controller/joint_name: r_sho_roll
 * /ainex_controller/controllers/r_sho_roll_controller/joint_speed: 1.0
 * /ainex_controller/controllers/r_sho_roll_controller/port_id: 1
 * /ainex_controller/controllers/r_sho_roll_controller/servo/id: 16
 * /ainex_controller/controllers/r_sho_roll_controller/servo/init: 500
 * /ainex_controller/controllers/r_sho_roll_controller/servo/max: 1000
 * /ainex_controller/controllers/r_sho_roll_controller/servo/min: 0
 * /ainex_controller/controllers/r_sho_roll_controller/type: JointPositionCont...
 * /ainex_controller/gazebo_sim: False
 * /ainex_controller/init_pose/head_pan: 0.0
 * /ainex_controller/init_pose/head_tilt: 0.0
 * /ainex_controller/init_pose/l_ank_pitch: 0.625
 * /ainex_controller/init_pose/l_ank_roll: 0.016
 * /ainex_controller/init_pose/l_el_pitch: -0.1
 * /ainex_controller/init_pose/l_el_yaw: -1.926
 * /ainex_controller/init_pose/l_gripper: 0.0
 * /ainex_controller/init_pose/l_hip_pitch: -0.828
 * /ainex_controller/init_pose/l_hip_roll: 0.016
 * /ainex_controller/init_pose/l_hip_yaw: 0.0
 * /ainex_controller/init_pose/l_knee: 1.192
 * /ainex_controller/init_pose/l_sho_pitch: 0.0
 * /ainex_controller/init_pose/l_sho_roll: 1.293
 * /ainex_controller/init_pose/r_ank_pitch: -0.625
 * /ainex_controller/init_pose/r_ank_roll: -0.016
 * /ainex_controller/init_pose/r_el_pitch: 0.1
 * /ainex_controller/init_pose/r_el_yaw: 1.926
 * /ainex_controller/init_pose/r_gripper: 0.0
 * /ainex_controller/init_pose/r_hip_pitch: 0.828
 * /ainex_controller/init_pose/r_hip_roll: -0.016
 * /ainex_controller/init_pose/r_hip_yaw: 0.0
 * /ainex_controller/init_pose/r_knee: -1.192
 * /ainex_controller/init_pose/r_sho_pitch: 0.0
 * /ainex_controller/init_pose/r_sho_roll: -1.293
 * /ainex_controller/serial_ports: [{'port_name': '/...
 * /app/color_track/color_track/pid1_d: 0.003
 * /app/color_track/color_track/pid1_i: 0.0
 * /app/color_track/color_track/pid1_p: 0.13
 * /app/color_track/color_track/pid2_d: 0.003
 * /app/color_track/color_track/pid2_i: 0.0
 * /app/color_track/color_track/pid2_p: 0.13
 * /camera/camera_frame_id: camera
 * /camera/camera_info_url: file:///home/ubun...
 * /camera/camera_name: camera
 * /camera/frame_rate: 10.0
 * /camera/image_height: 480
 * /camera/image_raw/compressed/jpeg_quality: 30
 * /camera/image_topic: image_raw
 * /camera/image_width: 640
 * /camera/io_method: mmap
 * /camera/pixel_format: yuyv
 * /camera/rectify_color/queue_size: 10
 * /camera/video_device: /dev/usb_cam
 * /color_detection/debug: False
 * /color_detection/enable_display: False
 * /color_detection/enable_roi: True
 * /color_track/pid1_d: 0.003
 * /color_track/pid1_i: 0.0
 * /color_track/pid1_p: 0.13
 * /color_track/pid2_d: 0.003
 * /color_track/pid2_i: 0.0
 * /color_track/pid2_p: 0.13
 * /face_detect/confidence: 0.5
 * /face_detect/enable_display: False
 * /imu_calib/calib_file: /home/ubuntu/ros_...
 * /imu_filter/bias_alpha: 0.15
 * /imu_filter/do_adaptive_gain: True
 * /imu_filter/do_bias_estimation: True
 * /imu_filter/gain_acc: 0.15
 * /imu_filter/use_mag: True
 * /joystick/autorepeat_rate: 20.0
 * /joystick/coalesce_interval: 0.05
 * /joystick/dev: /dev/input/js0
 * /ros_robot_controller/calibration: [9.103e-07, 7.42e...
 * /ros_robot_controller/freq: 100
 * /ros_robot_controller/imu_frame: imu_link
 * /rosapi/params_glob: [*]
 * /rosapi/services_glob: [*]
 * /rosapi/topics_glob: [*]
 * /rosbridge_websocket/address: 0.0.0.0
 * /rosbridge_websocket/authenticate: False
 * /rosbridge_websocket/bson_only_mode: False
 * /rosbridge_websocket/delay_between_messages: 0
 * /rosbridge_websocket/fragment_timeout: 600
 * /rosbridge_websocket/max_message_size: None
 * /rosbridge_websocket/params_glob: [*]
 * /rosbridge_websocket/port: 9090
 * /rosbridge_websocket/retry_startup_delay: 5
 * /rosbridge_websocket/services_glob: [*]
 * /rosbridge_websocket/topics_glob: [*]
 * /rosbridge_websocket/unregister_timeout: 3600000
 * /rosbridge_websocket/use_compression: False
 * /rosbridge_websocket/websocket_external_port: None
 * /rosbridge_websocket/websocket_ping_interval: 0
 * /rosbridge_websocket/websocket_ping_timeout: 30
 * /rosdistro: noetic
 * /rosversion: 1.16.0
 * /teleop_fetch/head_sensitivity: 1.0
 * /teleop_fetch/max_head_pan: 2.0
 * /teleop_fetch/max_head_tilt: 2.0
 * /teleop_fetch/movement_duration: 0.2

NODES
  /
    ainex_controller (ainex_kinematics/ainex_controller.py)
    app (ainex_app/app_node.py)
    camera (usb_cam/usb_cam_node)
    color_detection (ainex_example/color_detection_node.py)
    face_detect (ainex_example/face_detect_node.py)
    imu_calib (imu_calib/apply_calib)
    imu_filter (imu_complementary_filter/complementary_filter_node)
    joystick (joy/joy_node)
    joystick_control (ainex_peripherals/joystick_control.py)
    ros_robot_controller (ros_robot_controller/ros_robot_controller_node.py)
    rosapi (rosapi/rosapi_node)
    rosbridge_websocket (rosbridge_server/rosbridge_websocket)
    teleop_fetch (teleop_fetch/fetcher.py)
    topici_list (proverka_nod/topici_list.py)
    web_video_server (web_video_server/web_video_server)
  /camera/
    manager (nodelet/nodelet)
    rectify_color (nodelet/nodelet)
[33m[ WARN] [1766455925.445855188]: unknown control 'white_balance_temperature_auto'
[0m
[33m[ WARN] [1766455925.466899538]: unknown control 'focus_auto'
[0m
2025-12-23 02:12:06+0000 [-] Log opened.
Traceback (most recent call last):
  File "/home/ubuntu/ros_ws/src/ainex_app/scripts/app_node.py", line 9, in <module>
    from transitions import Machine
ModuleNotFoundError: No module named 'transitions'
2025-12-23 02:12:06+0000 [-] registered capabilities (classes):
2025-12-23 02:12:06+0000 [-]  - <class 'rosbridge_library.capabilities.call_service.CallService'>
2025-12-23 02:12:06+0000 [-]  - <class 'rosbridge_library.capabilities.advertise.Advertise'>
2025-12-23 02:12:06+0000 [-]  - <class 'rosbridge_library.capabilities.publish.Publish'>
2025-12-23 02:12:06+0000 [-]  - <class 'rosbridge_library.capabilities.subscribe.Subscribe'>
2025-12-23 02:12:06+0000 [-]  - <class 'rosbridge_library.capabilities.defragmentation.Defragment'>
2025-12-23 02:12:06+0000 [-]  - <class 'rosbridge_library.capabilities.advertise_service.AdvertiseService'>
2025-12-23 02:12:06+0000 [-]  - <class 'rosbridge_library.capabilities.service_response.ServiceResponse'>
2025-12-23 02:12:06+0000 [-]  - <class 'rosbridge_library.capabilities.unadvertise_service.UnadvertiseService'>
2025-12-23 02:12:06+0000 [-] WebSocketServerFactory starting on 9090
2025-12-23 02:12:06+0000 [-] Starting factory <autobahn.twisted.websocket.WebSocketServerFactory object at 0x7fffbaadccd0>
2025-12-23 02:12:06+0000 [-] [INFO] [1766455926.572236]: Rosbridge WebSocket server started at ws://0.0.0.0:9090
Traceback (most recent call last):
  File "/home/ubuntu/ros_ws/src/ainex_example/scripts/face_detect/face_detect_node.py", line 12, in <module>
    import mediapipe as mp
ModuleNotFoundError: No module named 'mediapipe'
[INFO] [1766455928.316768]: Serial port reading thread started
[INFO] [1766455928.317030]: SerialHandler initialized
[INFO] [1766455928.326626]: GameServices initialized for robot: robot_1
[INFO] [1766455928.336988]: PID stabilization enabled: Kp=0.08, Ki=0.04, Kd=0.003, setpoint=90.0°, limits=(-2.05, 2.05)
[INFO] [1766455928.338497]: StabilizationModule initialized: enabled=True
[INFO] [1766455928.339655]: SpeedControl module initialized with 4 speed modes: [1, 2, 3, 4]
[INFO] [1766455928.340642]: SpeedControl initialized with stabilization: enabled=True
[INFO] [1766455928.347998]: ButtonHandler module initialized
[INFO] [1766455928.356218]: Joystick Controller Initialized
[INFO] [1766455928.395339]: IMU data received
shutdown request: user request
[INFO] [1766455962.261220]: Shutting down joystick controller...
[INFO] [1766455962.266045]: Robot stopped on shutdown
[INFO] [1766455962.437751]: Serial port reading thread stopped
[33m[ WARN] [1766455963.458147798]: Shutdown request received.[0m
[33m[ WARN] [1766455963.459481305]: Reason given for shutdown: [[/joystick] Reason: new node registered with same name][0m
[0m[ INFO] [1766455924.237114354]: Opened joystick: /dev/input/js0 (SHANWAN Android Gamepad). deadzone_: 0.050000.[0m
[31m[ERROR] [1766457768.594834431]: VIDIOC_DQBUF error 19, No such device[0m
[0m[ INFO] [1766455925.298103774]: camera calibration URL: file:///home/ubuntu/.ros/camera_info/head_camera.yaml[0m
[0m[ INFO] [1766455925.303209776]: Starting 'camera' (/dev/usb_cam) at 640x480 via mmap (yuyv) at 30 FPS[0m
[33m[ WARN] [1766457774.206573601]: unknown control 'white_balance_temperature_auto'
[0m
[33m[ WARN] [1766457774.210336595]: unknown control 'focus_auto'
[0m
[INFO] [1766455927.888409]: ainex controller init finish
shutdown request: user request
[33m[ WARN] [1766461304.324920384]: Shutdown request received.[0m
[33m[ WARN] [1766461304.325027884]: Reason given for shutdown: [user request][0m
[33m[ WARN] [1766461304.347948234]: Shutdown request received.[0m
[33m[ WARN] [1766461304.348073865]: Reason given for shutdown: [user request][0m
[33m[ WARN] [1766461304.371395235]: Shutdown request received. Reason: [user request][0m
[33m[ WARN] [1766461304.500568840]: Shutdown request received.[0m
[33m[ WARN] [1766461304.500697211]: Reason given for shutdown: [user request][0m
[33m[ WARN] [1766461304.531850723]: Shutdown request received.[0m
[33m[ WARN] [1766461304.531959890]: Reason given for shutdown: [user request][0m
shutdown request: user request
[INFO] [1766461304.601736]: ------motor stop-------
[0m[ INFO] [1766455926.399814691]: Calibrating gyros; do not move the IMU[0m
[0m[ INFO] [1766455927.444062625]: Gyro calibration complete! (bias = [-0.081, 0.002, -0.012])[0m
terminate called after throwing an instance of 'boost::wrapexcept<boost::lock_error>'
  what():  boost: mutex lock failed in pthread_mutex_lock: Invalid argument
2025-12-23 03:41:44+0000 [-] shutdown request: user request
2025-12-23 03:41:44+0000 [autobahn.twisted.websocket.WebSocketServerFactory] (TCP Port 9090 Closed)
2025-12-23 03:41:44+0000 [-] Stopping factory <autobahn.twisted.websocket.WebSocketServerFactory object at 0x7fffbaadccd0>
2025-12-23 03:41:44+0000 [-] Main loop terminated.
[33m[ WARN] [1766461305.129462816]: Shutdown request received.[0m
[33m[ WARN] [1766461305.132297345]: Reason given for shutdown: [user request][0m
[0m[ INFO] [1766455924.949418886]: Waiting For connections on 0.0.0.0:8080[0m
[INFO] [1766455926.178874]: Rosapi started
shutdown request: user request
[INFO] [1766455925.803300]: TeleopFetcher нода инициализирована
[INFO] [1766455925.810112]: Чувствительность головы: 1.0
[INFO] [1766455925.818144]: Максимальный поворот головы: ±2.0
[INFO] [1766455925.828959]: Максимальный наклон головы: ±2.0
[INFO] [1766455925.833605]: Подписка на топики:
[INFO] [1766455925.842634]:   - /quest/poses: данные о положении головы и рук оператора
[INFO] [1766455925.854134]:   - /quest/joints: данные о кнопках и джойстиках VR контроллеров
[INFO] [1766455925.863946]: Готов к получению данных от VR гарнитуры Quest
[INFO] [1766455925.868751]: Начальное состояние управления руками: idle
[INFO] [1766455925.871393]: Управление головой: отключено
[INFO] [1766455925.881587]: Для калибровки нажмите X на левом контроллере
[INFO] [1766455925.883770]: Установка рук робота в стартовую позицию...
[INFO] [1766455925.887424]: Сервопривод ID14: позиция 126
[INFO] [1766455925.897784]: Сервопривод ID16: позиция 167
[INFO] [1766455925.902031]: Сервопривод ID18: позиция 498
[INFO] [1766455925.905521]: Сервопривод ID20: позиция 956
[INFO] [1766455925.908028]: Сервопривод ID22: позиция 500
[INFO] [1766455925.910686]: Сервопривод ID13: позиция 874
[INFO] [1766455925.912959]: Сервопривод ID15: позиция 833
[INFO] [1766455925.915100]: Сервопривод ID17: позиция 502
[INFO] [1766455925.917374]: Сервопривод ID19: позиция 44
[INFO] [1766455925.919599]: Сервопривод ID21: позиция 500
[INFO] [1766455925.921754]: Команда установки стартовой позы рук отправлена
[INFO] [1766455925.923855]: Установлено 10 сервоприводов
[INFO] [1766455926.529005]: Стартовая поза рук установлена
[INFO] [1766455926.531336]: TeleopFetcher нода запущена
[INFO] [1766455925.193219]: ActionGroups Publisher запущен и публикует данные в /action_groups_data
[31m[app-16] process has died [pid 4408, exit code 1, cmd /home/ubuntu/ros_ws/src/ainex_app/scripts/app_node.py __name:=app __log:=/root/.ros/log/c57019d0-dfa4-11f0-beab-2ccf676ee7bc/app-16.log].
log file: /root/.ros/log/c57019d0-dfa4-11f0-beab-2ccf676ee7bc/app-16*.log[0m
[31m[face_detect-15] process has died [pid 4407, exit code 1, cmd /home/ubuntu/ros_ws/src/ainex_example/scripts/face_detect/face_detect_node.py __name:=face_detect __log:=/root/.ros/log/c57019d0-dfa4-11f0-beab-2ccf676ee7bc/face_detect-15.log].
log file: /root/.ros/log/c57019d0-dfa4-11f0-beab-2ccf676ee7bc/face_detect-15*.log[0m
[31m[camera-2] process has died [pid 4358, exit code 1, cmd /opt/ros/noetic/lib/usb_cam/usb_cam_node __name:=camera __log:=/root/.ros/log/c57019d0-dfa4-11f0-beab-2ccf676ee7bc/camera-2.log].
log file: /root/.ros/log/c57019d0-dfa4-11f0-beab-2ccf676ee7bc/camera-2*.log[0m
[31m[camera-2] process has died [pid 21570, exit code -7, cmd /opt/ros/noetic/lib/usb_cam/usb_cam_node __name:=camera __log:=/root/.ros/log/c57019d0-dfa4-11f0-beab-2ccf676ee7bc/camera-2.log].
log file: /root/.ros/log/c57019d0-dfa4-11f0-beab-2ccf676ee7bc/camera-2*.log[0m
[31m================================================================================REQUIRED process [ros_robot_controller-5] has died!
process has finished cleanly
log file: /root/.ros/log/c57019d0-dfa4-11f0-beab-2ccf676ee7bc/ros_robot_controller-5*.log
Initiating shutdown!
================================================================================[0m
[31m[color_detection-14] escalating to SIGTERM[0m
[31m[color_detection-14] escalating to SIGKILL[0m
[31mShutdown errors:
 * process[color_detection-14, pid 4406]: required SIGKILL. May still be running.[0m

auto-starting new master
[1mprocess[master]: started with pid [4330][0m
[1mROS_MASTER_URI=http://localhost:11311[0m
]2;/home/ubuntu/ros_ws/src/ainex_bringup/launch/bringup.launch http://localhost:11311
[1msetting /run_id to c57019d0-dfa4-11f0-beab-2ccf676ee7bc[0m
[1mprocess[rosout-1]: started with pid [4351][0m
started core service [/rosout]
[1mprocess[camera-2]: started with pid [4358][0m
[1mprocess[camera/manager-3]: started with pid [4359][0m
[1mprocess[camera/rectify_color-4]: started with pid [4360][0m
[1mprocess[ros_robot_controller-5]: started with pid [4361][0m
[1mprocess[ainex_controller-6]: started with pid [4362][0m
[1mprocess[imu_calib-7]: started with pid [4368][0m
[1mprocess[imu_filter-8]: started with pid [4383][0m
[1mprocess[joystick-9]: started with pid [4395][0m
[1mprocess[joystick_control-10]: started with pid [4398][0m
[1mprocess[web_video_server-11]: started with pid [4403][0m
[1mprocess[rosbridge_websocket-12]: started with pid [4404][0m
[1mprocess[rosapi-13]: started with pid [4405][0m
[1mprocess[color_detection-14]: started with pid [4406][0m
[1mprocess[face_detect-15]: started with pid [4407][0m
[1mprocess[app-16]: started with pid [4408][0m
[1mprocess[teleop_fetch-17]: started with pid [4409][0m
[1mprocess[topici_list-18]: started with pid [4410][0m
[1m[joystick_control-10] process has finished cleanly
log file: /root/.ros/log/c57019d0-dfa4-11f0-beab-2ccf676ee7bc/joystick_control-10*.log[0m
[1m[joystick-9] process has finished cleanly
log file: /root/.ros/log/c57019d0-dfa4-11f0-beab-2ccf676ee7bc/joystick-9*.log[0m
[camera-2] restarting process
[1mprocess[camera-2]: started with pid [21570][0m
[1m[ainex_controller-6] process has finished cleanly
log file: /root/.ros/log/c57019d0-dfa4-11f0-beab-2ccf676ee7bc/ainex_controller-6*.log[0m
[1m[camera/manager-3] process has finished cleanly
log file: /root/.ros/log/c57019d0-dfa4-11f0-beab-2ccf676ee7bc/camera-manager-3*.log[0m
[1m[camera/rectify_color-4] process has finished cleanly
log file: /root/.ros/log/c57019d0-dfa4-11f0-beab-2ccf676ee7bc/camera-rectify_color-4*.log[0m
[1m[imu_calib-7] process has finished cleanly
log file: /root/.ros/log/c57019d0-dfa4-11f0-beab-2ccf676ee7bc/imu_calib-7*.log[0m
[topici_list-18] killing on exit
[color_detection-14] killing on exit
[teleop_fetch-17] killing on exit
[imu_filter-8] killing on exit
[camera-2] killing on exit
[rosbridge_websocket-12] killing on exit
[rosapi-13] killing on exit
[ros_robot_controller-5] killing on exit
[web_video_server-11] killing on exit
[rosout-1] killing on exit
[master] killing on exit
shutting down processing monitor...
... shutting down processing monitor complete
[1mdone[0m
... logging to /root/.ros/log/5b549096-dfbb-11f0-98df-2ccf676ee7bc/roslaunch-raspberrypi-2333.log
Checking log directory for disk usage. This may take a while.
Press Ctrl-C to interrupt
Done checking log file disk usage. Usage is <1GB.
]2;/home/ubuntu/ros_ws/src/ainex_bringup/launch/bringup.launch
[1mstarted roslaunch server http://raspberrypi:36075/[0m

SUMMARY
========

PARAMETERS
 * /ainex_controller/controllers/ainex_controller/joint_controllers: ['l_ank_roll_cont...
 * /ainex_controller/controllers/ainex_controller/joint_trajectory_action_node/constraints/goal_time: 0.05
 * /ainex_controller/controllers/ainex_controller/joint_trajectory_action_node/min_velocity: 0.1
 * /ainex_controller/controllers/ainex_controller/type: JointTrajectoryAc...
 * /ainex_controller/controllers/head_pan_controller/joint_name: head_pan
 * /ainex_controller/controllers/head_pan_controller/joint_speed: 1.0
 * /ainex_controller/controllers/head_pan_controller/port_id: 1
 * /ainex_controller/controllers/head_pan_controller/servo/id: 23
 * /ainex_controller/controllers/head_pan_controller/servo/init: 500
 * /ainex_controller/controllers/head_pan_controller/servo/max: 1000
 * /ainex_controller/controllers/head_pan_controller/servo/min: 0
 * /ainex_controller/controllers/head_pan_controller/type: JointPositionCont...
 * /ainex_controller/controllers/head_tilt_controller/joint_name: head_tilt
 * /ainex_controller/controllers/head_tilt_controller/joint_speed: 1.0
 * /ainex_controller/controllers/head_tilt_controller/port_id: 1
 * /ainex_controller/controllers/head_tilt_controller/servo/id: 24
 * /ainex_controller/controllers/head_tilt_controller/servo/init: 500
 * /ainex_controller/controllers/head_tilt_controller/servo/max: 1000
 * /ainex_controller/controllers/head_tilt_controller/servo/min: 0
 * /ainex_controller/controllers/head_tilt_controller/type: JointPositionCont...
 * /ainex_controller/controllers/l_ank_pitch_controller/joint_name: l_ank_pitch
 * /ainex_controller/controllers/l_ank_pitch_controller/joint_speed: 1.0
 * /ainex_controller/controllers/l_ank_pitch_controller/port_id: 1
 * /ainex_controller/controllers/l_ank_pitch_controller/servo/id: 3
 * /ainex_controller/controllers/l_ank_pitch_controller/servo/init: 500
 * /ainex_controller/controllers/l_ank_pitch_controller/servo/max: 1000
 * /ainex_controller/controllers/l_ank_pitch_controller/servo/min: 0
 * /ainex_controller/controllers/l_ank_pitch_controller/type: JointPositionCont...
 * /ainex_controller/controllers/l_ank_roll_controller/joint_name: l_ank_roll
 * /ainex_controller/controllers/l_ank_roll_controller/joint_speed: 1.0
 * /ainex_controller/controllers/l_ank_roll_controller/port_id: 1
 * /ainex_controller/controllers/l_ank_roll_controller/servo/id: 1
 * /ainex_controller/controllers/l_ank_roll_controller/servo/init: 500
 * /ainex_controller/controllers/l_ank_roll_controller/servo/max: 1000
 * /ainex_controller/controllers/l_ank_roll_controller/servo/min: 0
 * /ainex_controller/controllers/l_ank_roll_controller/type: JointPositionCont...
 * /ainex_controller/controllers/l_el_pitch_controller/joint_name: l_el_pitch
 * /ainex_controller/controllers/l_el_pitch_controller/joint_speed: 1.0
 * /ainex_controller/controllers/l_el_pitch_controller/port_id: 1
 * /ainex_controller/controllers/l_el_pitch_controller/servo/id: 17
 * /ainex_controller/controllers/l_el_pitch_controller/servo/init: 500
 * /ainex_controller/controllers/l_el_pitch_controller/servo/max: 1000
 * /ainex_controller/controllers/l_el_pitch_controller/servo/min: 0
 * /ainex_controller/controllers/l_el_pitch_controller/type: JointPositionCont...
 * /ainex_controller/controllers/l_el_yaw_controller/joint_name: l_el_yaw
 * /ainex_controller/controllers/l_el_yaw_controller/joint_speed: 1.0
 * /ainex_controller/controllers/l_el_yaw_controller/port_id: 1
 * /ainex_controller/controllers/l_el_yaw_controller/servo/id: 19
 * /ainex_controller/controllers/l_el_yaw_controller/servo/init: 500
 * /ainex_controller/controllers/l_el_yaw_controller/servo/max: 1000
 * /ainex_controller/controllers/l_el_yaw_controller/servo/min: 0
 * /ainex_controller/controllers/l_el_yaw_controller/type: JointPositionCont...
 * /ainex_controller/controllers/l_gripper_controller/joint_name: l_gripper
 * /ainex_controller/controllers/l_gripper_controller/joint_speed: 1.0
 * /ainex_controller/controllers/l_gripper_controller/port_id: 1
 * /ainex_controller/controllers/l_gripper_controller/servo/id: 21
 * /ainex_controller/controllers/l_gripper_controller/servo/init: 500
 * /ainex_controller/controllers/l_gripper_controller/servo/max: 1000
 * /ainex_controller/controllers/l_gripper_controller/servo/min: 0
 * /ainex_controller/controllers/l_gripper_controller/type: JointPositionCont...
 * /ainex_controller/controllers/l_hip_pitch_controller/joint_name: l_hip_pitch
 * /ainex_controller/controllers/l_hip_pitch_controller/joint_speed: 1.0
 * /ainex_controller/controllers/l_hip_pitch_controller/port_id: 1
 * /ainex_controller/controllers/l_hip_pitch_controller/servo/id: 7
 * /ainex_controller/controllers/l_hip_pitch_controller/servo/init: 500
 * /ainex_controller/controllers/l_hip_pitch_controller/servo/max: 1000
 * /ainex_controller/controllers/l_hip_pitch_controller/servo/min: 0
 * /ainex_controller/controllers/l_hip_pitch_controller/type: JointPositionCont...
 * /ainex_controller/controllers/l_hip_roll_controller/joint_name: l_hip_roll
 * /ainex_controller/controllers/l_hip_roll_controller/joint_speed: 1.0
 * /ainex_controller/controllers/l_hip_roll_controller/port_id: 1
 * /ainex_controller/controllers/l_hip_roll_controller/servo/id: 9
 * /ainex_controller/controllers/l_hip_roll_controller/servo/init: 500
 * /ainex_controller/controllers/l_hip_roll_controller/servo/max: 1000
 * /ainex_controller/controllers/l_hip_roll_controller/servo/min: 0
 * /ainex_controller/controllers/l_hip_roll_controller/type: JointPositionCont...
 * /ainex_controller/controllers/l_hip_yaw_controller/joint_name: l_hip_yaw
 * /ainex_controller/controllers/l_hip_yaw_controller/joint_speed: 1.0
 * /ainex_controller/controllers/l_hip_yaw_controller/port_id: 1
 * /ainex_controller/controllers/l_hip_yaw_controller/servo/id: 11
 * /ainex_controller/controllers/l_hip_yaw_controller/servo/init: 500
 * /ainex_controller/controllers/l_hip_yaw_controller/servo/max: 1000
 * /ainex_controller/controllers/l_hip_yaw_controller/servo/min: 0
 * /ainex_controller/controllers/l_hip_yaw_controller/type: JointPositionCont...
 * /ainex_controller/controllers/l_knee_controller/joint_name: l_knee
 * /ainex_controller/controllers/l_knee_controller/joint_speed: 1.0
 * /ainex_controller/controllers/l_knee_controller/port_id: 1
 * /ainex_controller/controllers/l_knee_controller/servo/id: 5
 * /ainex_controller/controllers/l_knee_controller/servo/init: 240
 * /ainex_controller/controllers/l_knee_controller/servo/max: 1000
 * /ainex_controller/controllers/l_knee_controller/servo/min: 0
 * /ainex_controller/controllers/l_knee_controller/type: JointPositionCont...
 * /ainex_controller/controllers/l_sho_pitch_controller/joint_name: l_sho_pitch
 * /ainex_controller/controllers/l_sho_pitch_controller/joint_speed: 1.0
 * /ainex_controller/controllers/l_sho_pitch_controller/port_id: 1
 * /ainex_controller/controllers/l_sho_pitch_controller/servo/id: 13
 * /ainex_controller/controllers/l_sho_pitch_controller/servo/init: 875
 * /ainex_controller/controllers/l_sho_pitch_controller/servo/max: 0
 * /ainex_controller/controllers/l_sho_pitch_controller/servo/min: 1000
 * /ainex_controller/controllers/l_sho_pitch_controller/type: JointPositionCont...
 * /ainex_controller/controllers/l_sho_roll_controller/joint_name: l_sho_roll
 * /ainex_controller/controllers/l_sho_roll_controller/joint_speed: 1.0
 * /ainex_controller/controllers/l_sho_roll_controller/port_id: 1
 * /ainex_controller/controllers/l_sho_roll_controller/servo/id: 15
 * /ainex_controller/controllers/l_sho_roll_controller/servo/init: 500
 * /ainex_controller/controllers/l_sho_roll_controller/servo/max: 1000
 * /ainex_controller/controllers/l_sho_roll_controller/servo/min: 0
 * /ainex_controller/controllers/l_sho_roll_controller/type: JointPositionCont...
 * /ainex_controller/controllers/r_ank_pitch_controller/joint_name: r_ank_pitch
 * /ainex_controller/controllers/r_ank_pitch_controller/joint_speed: 1.0
 * /ainex_controller/controllers/r_ank_pitch_controller/port_id: 1
 * /ainex_controller/controllers/r_ank_pitch_controller/servo/id: 4
 * /ainex_controller/controllers/r_ank_pitch_controller/servo/init: 500
 * /ainex_controller/controllers/r_ank_pitch_controller/servo/max: 1000
 * /ainex_controller/controllers/r_ank_pitch_controller/servo/min: 0
 * /ainex_controller/controllers/r_ank_pitch_controller/type: JointPositionCont...
 * /ainex_controller/controllers/r_ank_roll_controller/joint_name: r_ank_roll
 * /ainex_controller/controllers/r_ank_roll_controller/joint_speed: 1.0
 * /ainex_controller/controllers/r_ank_roll_controller/port_id: 1
 * /ainex_controller/controllers/r_ank_roll_controller/servo/id: 2
 * /ainex_controller/controllers/r_ank_roll_controller/servo/init: 500
 * /ainex_controller/controllers/r_ank_roll_controller/servo/max: 1000
 * /ainex_controller/controllers/r_ank_roll_controller/servo/min: 0
 * /ainex_controller/controllers/r_ank_roll_controller/type: JointPositionCont...
 * /ainex_controller/controllers/r_el_pitch_controller/joint_name: r_el_pitch
 * /ainex_controller/controllers/r_el_pitch_controller/joint_speed: 1.0
 * /ainex_controller/controllers/r_el_pitch_controller/port_id: 1
 * /ainex_controller/controllers/r_el_pitch_controller/servo/id: 18
 * /ainex_controller/controllers/r_el_pitch_controller/servo/init: 500
 * /ainex_controller/controllers/r_el_pitch_controller/servo/max: 1000
 * /ainex_controller/controllers/r_el_pitch_controller/servo/min: 0
 * /ainex_controller/controllers/r_el_pitch_controller/type: JointPositionCont...
 * /ainex_controller/controllers/r_el_yaw_controller/joint_name: r_el_yaw
 * /ainex_controller/controllers/r_el_yaw_controller/joint_speed: 1.0
 * /ainex_controller/controllers/r_el_yaw_controller/port_id: 1
 * /ainex_controller/controllers/r_el_yaw_controller/servo/id: 20
 * /ainex_controller/controllers/r_el_yaw_controller/servo/init: 500
 * /ainex_controller/controllers/r_el_yaw_controller/servo/max: 1000
 * /ainex_controller/controllers/r_el_yaw_controller/servo/min: 0
 * /ainex_controller/controllers/r_el_yaw_controller/type: JointPositionCont...
 * /ainex_controller/controllers/r_gripper_controller/joint_name: r_gripper
 * /ainex_controller/controllers/r_gripper_controller/joint_speed: 1.0
 * /ainex_controller/controllers/r_gripper_controller/port_id: 1
 * /ainex_controller/controllers/r_gripper_controller/servo/id: 22
 * /ainex_controller/controllers/r_gripper_controller/servo/init: 500
 * /ainex_controller/controllers/r_gripper_controller/servo/max: 1000
 * /ainex_controller/controllers/r_gripper_controller/servo/min: 0
 * /ainex_controller/controllers/r_gripper_controller/type: JointPositionCont...
 * /ainex_controller/controllers/r_hip_pitch_controller/joint_name: r_hip_pitch
 * /ainex_controller/controllers/r_hip_pitch_controller/joint_speed: 1.0
 * /ainex_controller/controllers/r_hip_pitch_controller/port_id: 1
 * /ainex_controller/controllers/r_hip_pitch_controller/servo/id: 8
 * /ainex_controller/controllers/r_hip_pitch_controller/servo/init: 500
 * /ainex_controller/controllers/r_hip_pitch_controller/servo/max: 1000
 * /ainex_controller/controllers/r_hip_pitch_controller/servo/min: 0
 * /ainex_controller/controllers/r_hip_pitch_controller/type: JointPositionCont...
 * /ainex_controller/controllers/r_hip_roll_controller/joint_name: r_hip_roll
 * /ainex_controller/controllers/r_hip_roll_controller/joint_speed: 1.0
 * /ainex_controller/controllers/r_hip_roll_controller/port_id: 1
 * /ainex_controller/controllers/r_hip_roll_controller/servo/id: 10
 * /ainex_controller/controllers/r_hip_roll_controller/servo/init: 500
 * /ainex_controller/controllers/r_hip_roll_controller/servo/max: 1000
 * /ainex_controller/controllers/r_hip_roll_controller/servo/min: 0
 * /ainex_controller/controllers/r_hip_roll_controller/type: JointPositionCont...
 * /ainex_controller/controllers/r_hip_yaw_controller/joint_name: r_hip_yaw
 * /ainex_controller/controllers/r_hip_yaw_controller/joint_speed: 1.0
 * /ainex_controller/controllers/r_hip_yaw_controller/port_id: 1
 * /ainex_controller/controllers/r_hip_yaw_controller/servo/id: 12
 * /ainex_controller/controllers/r_hip_yaw_controller/servo/init: 500
 * /ainex_controller/controllers/r_hip_yaw_controller/servo/max: 1000
 * /ainex_controller/controllers/r_hip_yaw_controller/servo/min: 0
 * /ainex_controller/controllers/r_hip_yaw_controller/type: JointPositionCont...
 * /ainex_controller/controllers/r_knee_controller/joint_name: r_knee
 * /ainex_controller/controllers/r_knee_controller/joint_speed: 1.0
 * /ainex_controller/controllers/r_knee_controller/port_id: 1
 * /ainex_controller/controllers/r_knee_controller/servo/id: 6
 * /ainex_controller/controllers/r_knee_controller/servo/init: 760
 * /ainex_controller/controllers/r_knee_controller/servo/max: 1000
 * /ainex_controller/controllers/r_knee_controller/servo/min: 0
 * /ainex_controller/controllers/r_knee_controller/type: JointPositionCont...
 * /ainex_controller/controllers/r_sho_pitch_controller/joint_name: r_sho_pitch
 * /ainex_controller/controllers/r_sho_pitch_controller/joint_speed: 1.0
 * /ainex_controller/controllers/r_sho_pitch_controller/port_id: 1
 * /ainex_controller/controllers/r_sho_pitch_controller/servo/id: 14
 * /ainex_controller/controllers/r_sho_pitch_controller/servo/init: 125
 * /ainex_controller/controllers/r_sho_pitch_controller/servo/max: 0
 * /ainex_controller/controllers/r_sho_pitch_controller/servo/min: 1000
 * /ainex_controller/controllers/r_sho_pitch_controller/type: JointPositionCont...
 * /ainex_controller/controllers/r_sho_roll_controller/joint_name: r_sho_roll
 * /ainex_controller/controllers/r_sho_roll_controller/joint_speed: 1.0
 * /ainex_controller/controllers/r_sho_roll_controller/port_id: 1
 * /ainex_controller/controllers/r_sho_roll_controller/servo/id: 16
 * /ainex_controller/controllers/r_sho_roll_controller/servo/init: 500
 * /ainex_controller/controllers/r_sho_roll_controller/servo/max: 1000
 * /ainex_controller/controllers/r_sho_roll_controller/servo/min: 0
 * /ainex_controller/controllers/r_sho_roll_controller/type: JointPositionCont...
 * /ainex_controller/gazebo_sim: False
 * /ainex_controller/init_pose/head_pan: 0.0
 * /ainex_controller/init_pose/head_tilt: 0.0
 * /ainex_controller/init_pose/l_ank_pitch: 0.625
 * /ainex_controller/init_pose/l_ank_roll: 0.016
 * /ainex_controller/init_pose/l_el_pitch: -0.1
 * /ainex_controller/init_pose/l_el_yaw: -1.926
 * /ainex_controller/init_pose/l_gripper: 0.0
 * /ainex_controller/init_pose/l_hip_pitch: -0.828
 * /ainex_controller/init_pose/l_hip_roll: 0.016
 * /ainex_controller/init_pose/l_hip_yaw: 0.0
 * /ainex_controller/init_pose/l_knee: 1.192
 * /ainex_controller/init_pose/l_sho_pitch: 0.0
 * /ainex_controller/init_pose/l_sho_roll: 1.293
 * /ainex_controller/init_pose/r_ank_pitch: -0.625
 * /ainex_controller/init_pose/r_ank_roll: -0.016
 * /ainex_controller/init_pose/r_el_pitch: 0.1
 * /ainex_controller/init_pose/r_el_yaw: 1.926
 * /ainex_controller/init_pose/r_gripper: 0.0
 * /ainex_controller/init_pose/r_hip_pitch: 0.828
 * /ainex_controller/init_pose/r_hip_roll: -0.016
 * /ainex_controller/init_pose/r_hip_yaw: 0.0
 * /ainex_controller/init_pose/r_knee: -1.192
 * /ainex_controller/init_pose/r_sho_pitch: 0.0
 * /ainex_controller/init_pose/r_sho_roll: -1.293
 * /ainex_controller/serial_ports: [{'port_name': '/...
 * /app/color_track/color_track/pid1_d: 0.003
 * /app/color_track/color_track/pid1_i: 0.0
 * /app/color_track/color_track/pid1_p: 0.13
 * /app/color_track/color_track/pid2_d: 0.003
 * /app/color_track/color_track/pid2_i: 0.0
 * /app/color_track/color_track/pid2_p: 0.13
 * /camera/camera_frame_id: camera
 * /camera/camera_info_url: file:///home/ubun...
 * /camera/camera_name: camera
 * /camera/frame_rate: 10.0
 * /camera/image_height: 480
 * /camera/image_raw/compressed/jpeg_quality: 30
 * /camera/image_topic: image_raw
 * /camera/image_width: 640
 * /camera/io_method: mmap
 * /camera/pixel_format: yuyv
 * /camera/rectify_color/queue_size: 10
 * /camera/video_device: /dev/usb_cam
 * /color_detection/debug: False
 * /color_detection/enable_display: False
 * /color_detection/enable_roi: True
 * /color_track/pid1_d: 0.003
 * /color_track/pid1_i: 0.0
 * /color_track/pid1_p: 0.13
 * /color_track/pid2_d: 0.003
 * /color_track/pid2_i: 0.0
 * /color_track/pid2_p: 0.13
 * /face_detect/confidence: 0.5
 * /face_detect/enable_display: False
 * /imu_calib/calib_file: /home/ubuntu/ros_...
 * /imu_filter/bias_alpha: 0.15
 * /imu_filter/do_adaptive_gain: True
 * /imu_filter/do_bias_estimation: True
 * /imu_filter/gain_acc: 0.15
 * /imu_filter/use_mag: True
 * /joystick/autorepeat_rate: 20.0
 * /joystick/coalesce_interval: 0.05
 * /joystick/dev: /dev/input/js0
 * /ros_robot_controller/calibration: [9.103e-07, 7.42e...
 * /ros_robot_controller/freq: 100
 * /ros_robot_controller/imu_frame: imu_link
 * /rosapi/params_glob: [*]
 * /rosapi/services_glob: [*]
 * /rosapi/topics_glob: [*]
 * /rosbridge_websocket/address: 0.0.0.0
 * /rosbridge_websocket/authenticate: False
 * /rosbridge_websocket/bson_only_mode: False
 * /rosbridge_websocket/delay_between_messages: 0
 * /rosbridge_websocket/fragment_timeout: 600
 * /rosbridge_websocket/max_message_size: None
 * /rosbridge_websocket/params_glob: [*]
 * /rosbridge_websocket/port: 9090
 * /rosbridge_websocket/retry_startup_delay: 5
 * /rosbridge_websocket/services_glob: [*]
 * /rosbridge_websocket/topics_glob: [*]
 * /rosbridge_websocket/unregister_timeout: 3600000
 * /rosbridge_websocket/use_compression: False
 * /rosbridge_websocket/websocket_external_port: None
 * /rosbridge_websocket/websocket_ping_interval: 0
 * /rosbridge_websocket/websocket_ping_timeout: 30
 * /rosdistro: noetic
 * /rosversion: 1.16.0
 * /teleop_fetch/head_sensitivity: 1.0
 * /teleop_fetch/max_head_pan: 2.0
 * /teleop_fetch/max_head_tilt: 2.0
 * /teleop_fetch/movement_duration: 0.2

NODES
  /
    ainex_controller (ainex_kinematics/ainex_controller.py)
    app (ainex_app/app_node.py)
    camera (usb_cam/usb_cam_node)
    color_detection (ainex_example/color_detection_node.py)
    face_detect (ainex_example/face_detect_node.py)
    imu_calib (imu_calib/apply_calib)
    imu_filter (imu_complementary_filter/complementary_filter_node)
    joystick (joy/joy_node)
    joystick_control (ainex_peripherals/joystick_control.py)
    ros_robot_controller (ros_robot_controller/ros_robot_controller_node.py)
    rosapi (rosapi/rosapi_node)
    rosbridge_websocket (rosbridge_server/rosbridge_websocket)
    teleop_fetch (teleop_fetch/fetcher.py)
    topici_list (proverka_nod/topici_list.py)
    web_video_server (web_video_server/web_video_server)
  /camera/
    manager (nodelet/nodelet)
    rectify_color (nodelet/nodelet)
[31m[ERROR] [1766465625.789066715]: Cannot identify '/dev/usb_cam': 2, No such file or directory[0m
[0m[ INFO] [1766465625.785483372]: camera calibration URL: file:///home/ubuntu/.ros/camera_info/head_camera.yaml[0m
[0m[ INFO] [1766465625.788660265]: Starting 'camera' (/dev/usb_cam) at 640x480 via mmap (yuyv) at 30 FPS[0m
2025-12-23 04:53:46+0000 [-] Log opened.
Traceback (most recent call last):
  File "/home/ubuntu/ros_ws/src/ainex_app/scripts/app_node.py", line 9, in <module>
    from transitions import Machine
ModuleNotFoundError: No module named 'transitions'
2025-12-23 04:53:46+0000 [-] registered capabilities (classes):
2025-12-23 04:53:46+0000 [-]  - <class 'rosbridge_library.capabilities.call_service.CallService'>
2025-12-23 04:53:46+0000 [-]  - <class 'rosbridge_library.capabilities.advertise.Advertise'>
2025-12-23 04:53:46+0000 [-]  - <class 'rosbridge_library.capabilities.publish.Publish'>
2025-12-23 04:53:46+0000 [-]  - <class 'rosbridge_library.capabilities.subscribe.Subscribe'>
2025-12-23 04:53:46+0000 [-]  - <class 'rosbridge_library.capabilities.defragmentation.Defragment'>
2025-12-23 04:53:46+0000 [-]  - <class 'rosbridge_library.capabilities.advertise_service.AdvertiseService'>
2025-12-23 04:53:46+0000 [-]  - <class 'rosbridge_library.capabilities.service_response.ServiceResponse'>
2025-12-23 04:53:46+0000 [-]  - <class 'rosbridge_library.capabilities.unadvertise_service.UnadvertiseService'>
2025-12-23 04:53:47+0000 [-] WebSocketServerFactory starting on 9090
2025-12-23 04:53:47+0000 [-] Starting factory <autobahn.twisted.websocket.WebSocketServerFactory object at 0x7fffaa44f1c0>
2025-12-23 04:53:47+0000 [-] [INFO] [1766465627.189784]: Rosbridge WebSocket server started at ws://0.0.0.0:9090
Traceback (most recent call last):
  File "/home/ubuntu/ros_ws/src/ainex_example/scripts/face_detect/face_detect_node.py", line 12, in <module>
    import mediapipe as mp
ModuleNotFoundError: No module named 'mediapipe'
[31m[ERROR] [1766465631.253363391]: Cannot identify '/dev/usb_cam': 2, No such file or directory[0m
[0m[ INFO] [1766465631.252162155]: camera calibration URL: file:///home/ubuntu/.ros/camera_info/head_camera.yaml[0m
[0m[ INFO] [1766465631.253317242]: Starting 'camera' (/dev/usb_cam) at 640x480 via mmap (yuyv) at 30 FPS[0m
[31m[ERROR] [1766465636.692089967]: Cannot identify '/dev/usb_cam': 2, No such file or directory[0m
[0m[ INFO] [1766465636.690887529]: camera calibration URL: file:///home/ubuntu/.ros/camera_info/head_camera.yaml[0m
[0m[ INFO] [1766465636.692036633]: Starting 'camera' (/dev/usb_cam) at 640x480 via mmap (yuyv) at 30 FPS[0m
[31m[ERROR] [1766465642.134961195]: Cannot identify '/dev/usb_cam': 2, No such file or directory[0m
[0m[ INFO] [1766465642.133798797]: camera calibration URL: file:///home/ubuntu/.ros/camera_info/head_camera.yaml[0m
[0m[ INFO] [1766465642.134908325]: Starting 'camera' (/dev/usb_cam) at 640x480 via mmap (yuyv) at 30 FPS[0m
[31m[ERROR] [1766465647.592312080]: Cannot identify '/dev/usb_cam': 2, No such file or directory[0m
[0m[ INFO] [1766465647.591139904]: camera calibration URL: file:///home/ubuntu/.ros/camera_info/head_camera.yaml[0m
[0m[ INFO] [1766465647.592265931]: Starting 'camera' (/dev/usb_cam) at 640x480 via mmap (yuyv) at 30 FPS[0m
[31m[ERROR] [1766465653.036279062]: Cannot identify '/dev/usb_cam': 2, No such file or directory[0m
[0m[ INFO] [1766465653.035100146]: camera calibration URL: file:///home/ubuntu/.ros/camera_info/head_camera.yaml[0m
[0m[ INFO] [1766465653.036223006]: Starting 'camera' (/dev/usb_cam) at 640x480 via mmap (yuyv) at 30 FPS[0m
[31m[ERROR] [1766465658.476207338]: Cannot identify '/dev/usb_cam': 2, No such file or directory[0m
[0m[ INFO] [1766465658.474579995]: camera calibration URL: file:///home/ubuntu/.ros/camera_info/head_camera.yaml[0m
[0m[ INFO] [1766465658.476144394]: Starting 'camera' (/dev/usb_cam) at 640x480 via mmap (yuyv) at 30 FPS[0m
[31m[ERROR] [1766465663.917561783]: Cannot identify '/dev/usb_cam': 2, No such file or directory[0m
[0m[ INFO] [1766465663.916002330]: camera calibration URL: file:///home/ubuntu/.ros/camera_info/head_camera.yaml[0m
[0m[ INFO] [1766465663.917504172]: Starting 'camera' (/dev/usb_cam) at 640x480 via mmap (yuyv) at 30 FPS[0m
[31m[ERROR] [1766465669.364657189]: Cannot identify '/dev/usb_cam': 2, No such file or directory[0m
[0m[ INFO] [1766465669.363503850]: camera calibration URL: file:///home/ubuntu/.ros/camera_info/head_camera.yaml[0m
[0m[ INFO] [1766465669.364606022]: Starting 'camera' (/dev/usb_cam) at 640x480 via mmap (yuyv) at 30 FPS[0m
[31m[ERROR] [1766465674.788385718]: Cannot identify '/dev/usb_cam': 2, No such file or directory[0m
[0m[ INFO] [1766465674.786972304]: camera calibration URL: file:///home/ubuntu/.ros/camera_info/head_camera.yaml[0m
[0m[ INFO] [1766465674.788332032]: Starting 'camera' (/dev/usb_cam) at 640x480 via mmap (yuyv) at 30 FPS[0m
[31m[ERROR] [1766465680.242186052]: Cannot identify '/dev/usb_cam': 2, No such file or directory[0m
[0m[ INFO] [1766465680.240894083]: camera calibration URL: file:///home/ubuntu/.ros/camera_info/head_camera.yaml[0m
[0m[ INFO] [1766465680.242128774]: Starting 'camera' (/dev/usb_cam) at 640x480 via mmap (yuyv) at 30 FPS[0m
[31m[ERROR] [1766465685.671919759]: Cannot identify '/dev/usb_cam': 2, No such file or directory[0m
[0m[ INFO] [1766465685.670709310]: camera calibration URL: file:///home/ubuntu/.ros/camera_info/head_camera.yaml[0m
[0m[ INFO] [1766465685.671873074]: Starting 'camera' (/dev/usb_cam) at 640x480 via mmap (yuyv) at 30 FPS[0m
[31m[ERROR] [1766465691.125846485]: Cannot identify '/dev/usb_cam': 2, No such file or directory[0m
[0m[ INFO] [1766465691.124672202]: camera calibration URL: file:///home/ubuntu/.ros/camera_info/head_camera.yaml[0m
[0m[ INFO] [1766465691.125790966]: Starting 'camera' (/dev/usb_cam) at 640x480 via mmap (yuyv) at 30 FPS[0m
[31m[ERROR] [1766465696.570052896]: Cannot identify '/dev/usb_cam': 2, No such file or directory[0m
[0m[ INFO] [1766465696.568595280]: camera calibration URL: file:///home/ubuntu/.ros/camera_info/head_camera.yaml[0m
[0m[ INFO] [1766465696.570006414]: Starting 'camera' (/dev/usb_cam) at 640x480 via mmap (yuyv) at 30 FPS[0m
[31m[ERROR] [1766465702.032085316]: Cannot identify '/dev/usb_cam': 2, No such file or directory[0m
[0m[ INFO] [1766465702.030920701]: camera calibration URL: file:///home/ubuntu/.ros/camera_info/head_camera.yaml[0m
[0m[ INFO] [1766465702.032034686]: Starting 'camera' (/dev/usb_cam) at 640x480 via mmap (yuyv) at 30 FPS[0m
[31m[ERROR] [1766465707.463403960]: Cannot identify '/dev/usb_cam': 2, No such file or directory[0m
[0m[ INFO] [1766465707.462184956]: camera calibration URL: file:///home/ubuntu/.ros/camera_info/head_camera.yaml[0m
[0m[ INFO] [1766465707.463349052]: Starting 'camera' (/dev/usb_cam) at 640x480 via mmap (yuyv) at 30 FPS[0m
[31m[ERROR] [1766465712.892783950]: Cannot identify '/dev/usb_cam': 2, No such file or directory[0m
[0m[ INFO] [1766465712.891578465]: camera calibration URL: file:///home/ubuntu/.ros/camera_info/head_camera.yaml[0m
[0m[ INFO] [1766465712.892731876]: Starting 'camera' (/dev/usb_cam) at 640x480 via mmap (yuyv) at 30 FPS[0m
[31m[ERROR] [1766465718.342975464]: Cannot identify '/dev/usb_cam': 2, No such file or directory[0m
[0m[ INFO] [1766465718.341708645]: camera calibration URL: file:///home/ubuntu/.ros/camera_info/head_camera.yaml[0m
[0m[ INFO] [1766465718.342924834]: Starting 'camera' (/dev/usb_cam) at 640x480 via mmap (yuyv) at 30 FPS[0m
[31m[ERROR] [1766465724.082052459]: Cannot identify '/dev/usb_cam': 2, No such file or directory[0m
[0m[ INFO] [1766465724.077781039]: camera calibration URL: file:///home/ubuntu/.ros/camera_info/head_camera.yaml[0m
[0m[ INFO] [1766465724.081957107]: Starting 'camera' (/dev/usb_cam) at 640x480 via mmap (yuyv) at 30 FPS[0m
[31m[ERROR] [1766465729.576929899]: Cannot identify '/dev/usb_cam': 2, No such file or directory[0m
[0m[ INFO] [1766465729.575641691]: camera calibration URL: file:///home/ubuntu/.ros/camera_info/head_camera.yaml[0m
[0m[ INFO] [1766465729.576875195]: Starting 'camera' (/dev/usb_cam) at 640x480 via mmap (yuyv) at 30 FPS[0m
[31m[ERROR] [1766465735.025695360]: Cannot identify '/dev/usb_cam': 2, No such file or directory[0m
[0m[ INFO] [1766465735.024471297]: camera calibration URL: file:///home/ubuntu/.ros/camera_info/head_camera.yaml[0m
[0m[ INFO] [1766465735.025642877]: Starting 'camera' (/dev/usb_cam) at 640x480 via mmap (yuyv) at 30 FPS[0m
[31m[ERROR] [1766465740.474490990]: Cannot identify '/dev/usb_cam': 2, No such file or directory[0m
[0m[ INFO] [1766465740.473203427]: camera calibration URL: file:///home/ubuntu/.ros/camera_info/head_camera.yaml[0m
[0m[ INFO] [1766465740.474439933]: Starting 'camera' (/dev/usb_cam) at 640x480 via mmap (yuyv) at 30 FPS[0m
[31m[ERROR] [1766465745.915896749]: Cannot identify '/dev/usb_cam': 2, No such file or directory[0m
[0m[ INFO] [1766465745.914587633]: camera calibration URL: file:///home/ubuntu/.ros/camera_info/head_camera.yaml[0m
[0m[ INFO] [1766465745.915845322]: Starting 'camera' (/dev/usb_cam) at 640x480 via mmap (yuyv) at 30 FPS[0m
[31m[ERROR] [1766465751.345465784]: Cannot identify '/dev/usb_cam': 2, No such file or directory[0m
[0m[ INFO] [1766465751.344269804]: camera calibration URL: file:///home/ubuntu/.ros/camera_info/head_camera.yaml[0m
[0m[ INFO] [1766465751.345414727]: Starting 'camera' (/dev/usb_cam) at 640x480 via mmap (yuyv) at 30 FPS[0m
[31m[ERROR] [1766465756.785598707]: Cannot identify '/dev/usb_cam': 2, No such file or directory[0m
[0m[ INFO] [1766465756.784340116]: camera calibration URL: file:///home/ubuntu/.ros/camera_info/head_camera.yaml[0m
[0m[ INFO] [1766465756.785547169]: Starting 'camera' (/dev/usb_cam) at 640x480 via mmap (yuyv) at 30 FPS[0m
[31m[ERROR] [1766465762.223317817]: Cannot identify '/dev/usb_cam': 2, No such file or directory[0m
[0m[ INFO] [1766465762.222084544]: camera calibration URL: file:///home/ubuntu/.ros/camera_info/head_camera.yaml[0m
[0m[ INFO] [1766465762.223270464]: Starting 'camera' (/dev/usb_cam) at 640x480 via mmap (yuyv) at 30 FPS[0m
[31m[ERROR] [1766465767.683859393]: Cannot identify '/dev/usb_cam': 2, No such file or directory[0m
[0m[ INFO] [1766465767.682554712]: camera calibration URL: file:///home/ubuntu/.ros/camera_info/head_camera.yaml[0m
[0m[ INFO] [1766465767.683802540]: Starting 'camera' (/dev/usb_cam) at 640x480 via mmap (yuyv) at 30 FPS[0m
[31m[ERROR] [1766465773.111867531]: Cannot identify '/dev/usb_cam': 2, No such file or directory[0m
[0m[ INFO] [1766465773.110694744]: camera calibration URL: file:///home/ubuntu/.ros/camera_info/head_camera.yaml[0m
[0m[ INFO] [1766465773.111800659]: Starting 'camera' (/dev/usb_cam) at 640x480 via mmap (yuyv) at 30 FPS[0m
[31m[camera-2] process has died [pid 2415, exit code 1, cmd /opt/ros/noetic/lib/usb_cam/usb_cam_node __name:=camera __log:=/root/.ros/log/5b549096-dfbb-11f0-98df-2ccf676ee7bc/camera-2.log].
log file: /root/.ros/log/5b549096-dfbb-11f0-98df-2ccf676ee7bc/camera-2*.log[0m
[31m[app-16] process has died [pid 2468, exit code 1, cmd /home/ubuntu/ros_ws/src/ainex_app/scripts/app_node.py __name:=app __log:=/root/.ros/log/5b549096-dfbb-11f0-98df-2ccf676ee7bc/app-16.log].
log file: /root/.ros/log/5b549096-dfbb-11f0-98df-2ccf676ee7bc/app-16*.log[0m
[31m[face_detect-15] process has died [pid 2467, exit code 1, cmd /home/ubuntu/ros_ws/src/ainex_example/scripts/face_detect/face_detect_node.py __name:=face_detect __log:=/root/.ros/log/5b549096-dfbb-11f0-98df-2ccf676ee7bc/face_detect-15.log].
log file: /root/.ros/log/5b549096-dfbb-11f0-98df-2ccf676ee7bc/face_detect-15*.log[0m
[31m[camera-2] process has died [pid 2691, exit code 1, cmd /opt/ros/noetic/lib/usb_cam/usb_cam_node __name:=camera __log:=/root/.ros/log/5b549096-dfbb-11f0-98df-2ccf676ee7bc/camera-2.log].
log file: /root/.ros/log/5b549096-dfbb-11f0-98df-2ccf676ee7bc/camera-2*.log[0m
[31m[camera-2] process has died [pid 2719, exit code 1, cmd /opt/ros/noetic/lib/usb_cam/usb_cam_node __name:=camera __log:=/root/.ros/log/5b549096-dfbb-11f0-98df-2ccf676ee7bc/camera-2.log].
log file: /root/.ros/log/5b549096-dfbb-11f0-98df-2ccf676ee7bc/camera-2*.log[0m
[31m[camera-2] process has died [pid 2747, exit code 1, cmd /opt/ros/noetic/lib/usb_cam/usb_cam_node __name:=camera __log:=/root/.ros/log/5b549096-dfbb-11f0-98df-2ccf676ee7bc/camera-2.log].
log file: /root/.ros/log/5b549096-dfbb-11f0-98df-2ccf676ee7bc/camera-2*.log[0m
[31m[camera-2] process has died [pid 2769, exit code 1, cmd /opt/ros/noetic/lib/usb_cam/usb_cam_node __name:=camera __log:=/root/.ros/log/5b549096-dfbb-11f0-98df-2ccf676ee7bc/camera-2.log].
log file: /root/.ros/log/5b549096-dfbb-11f0-98df-2ccf676ee7bc/camera-2*.log[0m
[31m[camera-2] process has died [pid 2797, exit code 1, cmd /opt/ros/noetic/lib/usb_cam/usb_cam_node __name:=camera __log:=/root/.ros/log/5b549096-dfbb-11f0-98df-2ccf676ee7bc/camera-2.log].
log file: /root/.ros/log/5b549096-dfbb-11f0-98df-2ccf676ee7bc/camera-2*.log[0m
[31m[camera-2] process has died [pid 2825, exit code 1, cmd /opt/ros/noetic/lib/usb_cam/usb_cam_node __name:=camera __log:=/root/.ros/log/5b549096-dfbb-11f0-98df-2ccf676ee7bc/camera-2.log].
log file: /root/.ros/log/5b549096-dfbb-11f0-98df-2ccf676ee7bc/camera-2*.log[0m
[31m[camera-2] process has died [pid 2853, exit code 1, cmd /opt/ros/noetic/lib/usb_cam/usb_cam_node __name:=camera __log:=/root/.ros/log/5b549096-dfbb-11f0-98df-2ccf676ee7bc/camera-2.log].
log file: /root/.ros/log/5b549096-dfbb-11f0-98df-2ccf676ee7bc/camera-2*.log[0m
[31m[camera-2] process has died [pid 2881, exit code 1, cmd /opt/ros/noetic/lib/usb_cam/usb_cam_node __name:=camera __log:=/root/.ros/log/5b549096-dfbb-11f0-98df-2ccf676ee7bc/camera-2.log].
log file: /root/.ros/log/5b549096-dfbb-11f0-98df-2ccf676ee7bc/camera-2*.log[0m
[31m[camera-2] process has died [pid 2917, exit code 1, cmd /opt/ros/noetic/lib/usb_cam/usb_cam_node __name:=camera __log:=/root/.ros/log/5b549096-dfbb-11f0-98df-2ccf676ee7bc/camera-2.log].
log file: /root/.ros/log/5b549096-dfbb-11f0-98df-2ccf676ee7bc/camera-2*.log[0m
[31m[camera-2] process has died [pid 2939, exit code 1, cmd /opt/ros/noetic/lib/usb_cam/usb_cam_node __name:=camera __log:=/root/.ros/log/5b549096-dfbb-11f0-98df-2ccf676ee7bc/camera-2.log].
log file: /root/.ros/log/5b549096-dfbb-11f0-98df-2ccf676ee7bc/camera-2*.log[0m
[31m[camera-2] process has died [pid 2975, exit code 1, cmd /opt/ros/noetic/lib/usb_cam/usb_cam_node __name:=camera __log:=/root/.ros/log/5b549096-dfbb-11f0-98df-2ccf676ee7bc/camera-2.log].
log file: /root/.ros/log/5b549096-dfbb-11f0-98df-2ccf676ee7bc/camera-2*.log[0m
[31m[camera-2] process has died [pid 3003, exit code 1, cmd /opt/ros/noetic/lib/usb_cam/usb_cam_node __name:=camera __log:=/root/.ros/log/5b549096-dfbb-11f0-98df-2ccf676ee7bc/camera-2.log].
log file: /root/.ros/log/5b549096-dfbb-11f0-98df-2ccf676ee7bc/camera-2*.log[0m
[31m[camera-2] process has died [pid 3033, exit code 1, cmd /opt/ros/noetic/lib/usb_cam/usb_cam_node __name:=camera __log:=/root/.ros/log/5b549096-dfbb-11f0-98df-2ccf676ee7bc/camera-2.log].
log file: /root/.ros/log/5b549096-dfbb-11f0-98df-2ccf676ee7bc/camera-2*.log[0m
[31m[camera-2] process has died [pid 3069, exit code 1, cmd /opt/ros/noetic/lib/usb_cam/usb_cam_node __name:=camera __log:=/root/.ros/log/5b549096-dfbb-11f0-98df-2ccf676ee7bc/camera-2.log].
log file: /root/.ros/log/5b549096-dfbb-11f0-98df-2ccf676ee7bc/camera-2*.log[0m
[31m[camera-2] process has died [pid 3105, exit code 1, cmd /opt/ros/noetic/lib/usb_cam/usb_cam_node __name:=camera __log:=/root/.ros/log/5b549096-dfbb-11f0-98df-2ccf676ee7bc/camera-2.log].
log file: /root/.ros/log/5b549096-dfbb-11f0-98df-2ccf676ee7bc/camera-2*.log[0m
[31m[camera-2] process has died [pid 3131, exit code 1, cmd /opt/ros/noetic/lib/usb_cam/usb_cam_node __name:=camera __log:=/root/.ros/log/5b549096-dfbb-11f0-98df-2ccf676ee7bc/camera-2.log].
log file: /root/.ros/log/5b549096-dfbb-11f0-98df-2ccf676ee7bc/camera-2*.log[0m
[31m[camera-2] process has died [pid 3159, exit code 1, cmd /opt/ros/noetic/lib/usb_cam/usb_cam_node __name:=camera __log:=/root/.ros/log/5b549096-dfbb-11f0-98df-2ccf676ee7bc/camera-2.log].
log file: /root/.ros/log/5b549096-dfbb-11f0-98df-2ccf676ee7bc/camera-2*.log[0m
[31m[camera-2] process has died [pid 3211, exit code 1, cmd /opt/ros/noetic/lib/usb_cam/usb_cam_node __name:=camera __log:=/root/.ros/log/5b549096-dfbb-11f0-98df-2ccf676ee7bc/camera-2.log].
log file: /root/.ros/log/5b549096-dfbb-11f0-98df-2ccf676ee7bc/camera-2*.log[0m
[31m[camera-2] process has died [pid 3241, exit code 1, cmd /opt/ros/noetic/lib/usb_cam/usb_cam_node __name:=camera __log:=/root/.ros/log/5b549096-dfbb-11f0-98df-2ccf676ee7bc/camera-2.log].
log file: /root/.ros/log/5b549096-dfbb-11f0-98df-2ccf676ee7bc/camera-2*.log[0m
[31m[camera-2] process has died [pid 3269, exit code 1, cmd /opt/ros/noetic/lib/usb_cam/usb_cam_node __name:=camera __log:=/root/.ros/log/5b549096-dfbb-11f0-98df-2ccf676ee7bc/camera-2.log].
log file: /root/.ros/log/5b549096-dfbb-11f0-98df-2ccf676ee7bc/camera-2*.log[0m
[31m[camera-2] process has died [pid 3376, exit code 1, cmd /opt/ros/noetic/lib/usb_cam/usb_cam_node __name:=camera __log:=/root/.ros/log/5b549096-dfbb-11f0-98df-2ccf676ee7bc/camera-2.log].
log file: /root/.ros/log/5b549096-dfbb-11f0-98df-2ccf676ee7bc/camera-2*.log[0m
[31m[camera-2] process has died [pid 3470, exit code 1, cmd /opt/ros/noetic/lib/usb_cam/usb_cam_node __name:=camera __log:=/root/.ros/log/5b549096-dfbb-11f0-98df-2ccf676ee7bc/camera-2.log].
log file: /root/.ros/log/5b549096-dfbb-11f0-98df-2ccf676ee7bc/camera-2*.log[0m
[31m[camera-2] process has died [pid 3494, exit code 1, cmd /opt/ros/noetic/lib/usb_cam/usb_cam_node __name:=camera __log:=/root/.ros/log/5b549096-dfbb-11f0-98df-2ccf676ee7bc/camera-2.log].
log file: /root/.ros/log/5b549096-dfbb-11f0-98df-2ccf676ee7bc/camera-2*.log[0m
[31m[camera-2] process has died [pid 3512, exit code 1, cmd /opt/ros/noetic/lib/usb_cam/usb_cam_node __name:=camera __log:=/root/.ros/log/5b549096-dfbb-11f0-98df-2ccf676ee7bc/camera-2.log].
log file: /root/.ros/log/5b549096-dfbb-11f0-98df-2ccf676ee7bc/camera-2*.log[0m
[31m[camera-2] process has died [pid 3540, exit code 1, cmd /opt/ros/noetic/lib/usb_cam/usb_cam_node __name:=camera __log:=/root/.ros/log/5b549096-dfbb-11f0-98df-2ccf676ee7bc/camera-2.log].
log file: /root/.ros/log/5b549096-dfbb-11f0-98df-2ccf676ee7bc/camera-2*.log[0m
[31m[camera-2] process has died [pid 3568, exit code 1, cmd /opt/ros/noetic/lib/usb_cam/usb_cam_node __name:=camera __log:=/root/.ros/log/5b549096-dfbb-11f0-98df-2ccf676ee7bc/camera-2.log].
log file: /root/.ros/log/5b549096-dfbb-11f0-98df-2ccf676ee7bc/camera-2*.log[0m
[31m[ERROR] [1766465778.566103205]: Cannot identify '/dev/usb_cam': 2, No such file or directory[0m
[0m[ INFO] [1766465778.564833584]: camera calibration URL: file:///home/ubuntu/.ros/camera_info/head_camera.yaml[0m
[0m[ INFO] [1766465778.566052833]: Starting 'camera' (/dev/usb_cam) at 640x480 via mmap (yuyv) at 30 FPS[0m
[31m[ERROR] [1766465783.976227349]: Cannot identify '/dev/usb_cam': 2, No such file or directory[0m
[0m[ INFO] [1766465783.975024250]: camera calibration URL: file:///home/ubuntu/.ros/camera_info/head_camera.yaml[0m
[0m[ INFO] [1766465783.976177089]: Starting 'camera' (/dev/usb_cam) at 640x480 via mmap (yuyv) at 30 FPS[0m
[31m[ERROR] [1766465789.431786052]: Cannot identify '/dev/usb_cam': 2, No such file or directory[0m
[0m[ INFO] [1766465789.430607770]: camera calibration URL: file:///home/ubuntu/.ros/camera_info/head_camera.yaml[0m
[0m[ INFO] [1766465789.431732033]: Starting 'camera' (/dev/usb_cam) at 640x480 via mmap (yuyv) at 30 FPS[0m
[31m[ERROR] [1766465794.893503500]: Cannot identify '/dev/usb_cam': 2, No such file or directory[0m
[0m[ INFO] [1766465794.892160975]: camera calibration URL: file:///home/ubuntu/.ros/camera_info/head_camera.yaml[0m
[0m[ INFO] [1766465794.893408535]: Starting 'camera' (/dev/usb_cam) at 640x480 via mmap (yuyv) at 30 FPS[0m
[31m[ERROR] [1766465800.336452968]: Cannot identify '/dev/usb_cam': 2, No such file or directory[0m
[0m[ INFO] [1766465800.335316114]: camera calibration URL: file:///home/ubuntu/.ros/camera_info/head_camera.yaml[0m
[0m[ INFO] [1766465800.336405059]: Starting 'camera' (/dev/usb_cam) at 640x480 via mmap (yuyv) at 30 FPS[0m
[31m[ERROR] [1766465805.781230844]: Cannot identify '/dev/usb_cam': 2, No such file or directory[0m
[0m[ INFO] [1766465805.780062880]: camera calibration URL: file:///home/ubuntu/.ros/camera_info/head_camera.yaml[0m
[0m[ INFO] [1766465805.781166361]: Starting 'camera' (/dev/usb_cam) at 640x480 via mmap (yuyv) at 30 FPS[0m
[31m[ERROR] [1766465811.243632420]: Cannot identify '/dev/usb_cam': 2, No such file or directory[0m
[0m[ INFO] [1766465811.242257917]: camera calibration URL: file:///home/ubuntu/.ros/camera_info/head_camera.yaml[0m
[0m[ INFO] [1766465811.243560660]: Starting 'camera' (/dev/usb_cam) at 640x480 via mmap (yuyv) at 30 FPS[0m
[31m[ERROR] [1766465816.657413414]: Cannot identify '/dev/usb_cam': 2, No such file or directory[0m
[0m[ INFO] [1766465816.656226896]: camera calibration URL: file:///home/ubuntu/.ros/camera_info/head_camera.yaml[0m
[0m[ INFO] [1766465816.657354005]: Starting 'camera' (/dev/usb_cam) at 640x480 via mmap (yuyv) at 30 FPS[0m
[31m[ERROR] [1766465822.143506123]: Cannot identify '/dev/usb_cam': 2, No such file or directory[0m
[0m[ INFO] [1766465822.142304977]: camera calibration URL: file:///home/ubuntu/.ros/camera_info/head_camera.yaml[0m
[0m[ INFO] [1766465822.143453197]: Starting 'camera' (/dev/usb_cam) at 640x480 via mmap (yuyv) at 30 FPS[0m
[31m[ERROR] [1766465827.549741481]: Cannot identify '/dev/usb_cam': 2, No such file or directory[0m
[0m[ INFO] [1766465827.548432685]: camera calibration URL: file:///home/ubuntu/.ros/camera_info/head_camera.yaml[0m
[0m[ INFO] [1766465827.549692277]: Starting 'camera' (/dev/usb_cam) at 640x480 via mmap (yuyv) at 30 FPS[0m
[31m[ERROR] [1766465832.999690017]: Cannot identify '/dev/usb_cam': 2, No such file or directory[0m
[0m[ INFO] [1766465832.998236628]: camera calibration URL: file:///home/ubuntu/.ros/camera_info/head_camera.yaml[0m
[0m[ INFO] [1766465832.999638646]: Starting 'camera' (/dev/usb_cam) at 640x480 via mmap (yuyv) at 30 FPS[0m
[31m[ERROR] [1766465838.447696193]: Cannot identify '/dev/usb_cam': 2, No such file or directory[0m
[0m[ INFO] [1766465838.446234563]: camera calibration URL: file:///home/ubuntu/.ros/camera_info/head_camera.yaml[0m
[0m[ INFO] [1766465838.447622747]: Starting 'camera' (/dev/usb_cam) at 640x480 via mmap (yuyv) at 30 FPS[0m
[31m[ERROR] [1766465843.884460468]: Cannot identify '/dev/usb_cam': 2, No such file or directory[0m
[0m[ INFO] [1766465843.883249954]: camera calibration URL: file:///home/ubuntu/.ros/camera_info/head_camera.yaml[0m
[0m[ INFO] [1766465843.884409449]: Starting 'camera' (/dev/usb_cam) at 640x480 via mmap (yuyv) at 30 FPS[0m
[31m[ERROR] [1766465849.335385134]: Cannot identify '/dev/usb_cam': 2, No such file or directory[0m
[0m[ INFO] [1766465849.334237880]: camera calibration URL: file:///home/ubuntu/.ros/camera_info/head_camera.yaml[0m
[0m[ INFO] [1766465849.335340078]: Starting 'camera' (/dev/usb_cam) at 640x480 via mmap (yuyv) at 30 FPS[0m
[31m[ERROR] [1766465854.747726856]: Cannot identify '/dev/usb_cam': 2, No such file or directory[0m
[0m[ INFO] [1766465854.746574584]: camera calibration URL: file:///home/ubuntu/.ros/camera_info/head_camera.yaml[0m
[0m[ INFO] [1766465854.747672115]: Starting 'camera' (/dev/usb_cam) at 640x480 via mmap (yuyv) at 30 FPS[0m
[31m[ERROR] [1766465860.110013891]: Cannot identify '/dev/usb_cam': 2, No such file or directory[0m
[0m[ INFO] [1766465860.108609839]: camera calibration URL: file:///home/ubuntu/.ros/camera_info/head_camera.yaml[0m
[0m[ INFO] [1766465860.109958224]: Starting 'camera' (/dev/usb_cam) at 640x480 via mmap (yuyv) at 30 FPS[0m
[31m[ERROR] [1766465865.534818961]: Cannot identify '/dev/usb_cam': 2, No such file or directory[0m
[0m[ INFO] [1766465865.533502632]: camera calibration URL: file:///home/ubuntu/.ros/camera_info/head_camera.yaml[0m
[0m[ INFO] [1766465865.534759090]: Starting 'camera' (/dev/usb_cam) at 640x480 via mmap (yuyv) at 30 FPS[0m
[31m[ERROR] [1766465871.000986130]: Cannot identify '/dev/usb_cam': 2, No such file or directory[0m
[0m[ INFO] [1766465870.999792655]: camera calibration URL: file:///home/ubuntu/.ros/camera_info/head_camera.yaml[0m
[0m[ INFO] [1766465871.000919759]: Starting 'camera' (/dev/usb_cam) at 640x480 via mmap (yuyv) at 30 FPS[0m
[31m[ERROR] [1766465876.442853403]: Cannot identify '/dev/usb_cam': 2, No such file or directory[0m
[0m[ INFO] [1766465876.441681687]: camera calibration URL: file:///home/ubuntu/.ros/camera_info/head_camera.yaml[0m
[0m[ INFO] [1766465876.442807698]: Starting 'camera' (/dev/usb_cam) at 640x480 via mmap (yuyv) at 30 FPS[0m
[31m[ERROR] [1766465881.920399266]: Cannot identify '/dev/usb_cam': 2, No such file or directory[0m
[0m[ INFO] [1766465881.918948215]: camera calibration URL: file:///home/ubuntu/.ros/camera_info/head_camera.yaml[0m
[0m[ INFO] [1766465881.920342266]: Starting 'camera' (/dev/usb_cam) at 640x480 via mmap (yuyv) at 30 FPS[0m
[31m[ERROR] [1766465887.346750368]: Cannot identify '/dev/usb_cam': 2, No such file or directory[0m
[0m[ INFO] [1766465887.345345744]: camera calibration URL: file:///home/ubuntu/.ros/camera_info/head_camera.yaml[0m
[0m[ INFO] [1766465887.346697349]: Starting 'camera' (/dev/usb_cam) at 640x480 via mmap (yuyv) at 30 FPS[0m
[31m[ERROR] [1766465892.772753934]: Cannot identify '/dev/usb_cam': 2, No such file or directory[0m
[0m[ INFO] [1766465892.771484015]: camera calibration URL: file:///home/ubuntu/.ros/camera_info/head_camera.yaml[0m
[0m[ INFO] [1766465892.772700304]: Starting 'camera' (/dev/usb_cam) at 640x480 via mmap (yuyv) at 30 FPS[0m
[31m[ERROR] [1766465898.202888642]: Cannot identify '/dev/usb_cam': 2, No such file or directory[0m
[0m[ INFO] [1766465898.201645557]: camera calibration URL: file:///home/ubuntu/.ros/camera_info/head_camera.yaml[0m
[0m[ INFO] [1766465898.202835567]: Starting 'camera' (/dev/usb_cam) at 640x480 via mmap (yuyv) at 30 FPS[0m
[31m[ERROR] [1766465903.652117605]: Cannot identify '/dev/usb_cam': 2, No such file or directory[0m
[0m[ INFO] [1766465903.650888909]: camera calibration URL: file:///home/ubuntu/.ros/camera_info/head_camera.yaml[0m
[0m[ INFO] [1766465903.652059568]: Starting 'camera' (/dev/usb_cam) at 640x480 via mmap (yuyv) at 30 FPS[0m
[31m[ERROR] [1766465909.111757351]: Cannot identify '/dev/usb_cam': 2, No such file or directory[0m
[0m[ INFO] [1766465909.110490526]: camera calibration URL: file:///home/ubuntu/.ros/camera_info/head_camera.yaml[0m
[0m[ INFO] [1766465909.111702425]: Starting 'camera' (/dev/usb_cam) at 640x480 via mmap (yuyv) at 30 FPS[0m
[31m[ERROR] [1766465914.537963724]: Cannot identify '/dev/usb_cam': 2, No such file or directory[0m
[0m[ INFO] [1766465914.536370988]: camera calibration URL: file:///home/ubuntu/.ros/camera_info/head_camera.yaml[0m
[0m[ INFO] [1766465914.537891427]: Starting 'camera' (/dev/usb_cam) at 640x480 via mmap (yuyv) at 30 FPS[0m
[WARN] [1766465671.483191]: Watchdog: No movement commands for 0.368s, stopping robot
[WARN] [1766465682.032648]: Watchdog: No movement commands for 0.398s, stopping robot
[WARN] [1766465691.432646]: Watchdog: No movement commands for 0.349s, stopping robot
[WARN] [1766465700.532644]: Watchdog: No movement commands for 0.353s, stopping robot
[WARN] [1766465704.637241]: Watchdog: No movement commands for 0.338s, stopping robot
[WARN] [1766465709.437254]: Watchdog: No movement commands for 0.362s, stopping robot
[WARN] [1766465859.690356]: Robot fell! State: fall_backward
[ERROR] [1766465916.359599]: Error stopping gait_manager: service [/walking/command] returned no response
[INFO] [1766465629.043294]: Serial port reading thread started
[INFO] [1766465629.043545]: SerialHandler initialized
[INFO] [1766465629.053472]: GameServices initialized for robot: robot_1
[INFO] [1766465629.064488]: PID stabilization enabled: Kp=0.007, Ki=0.08, Kd=0.001, setpoint=82.0°, limits=(-15.05, 15.05)
[INFO] [1766465629.066018]: StabilizationModule initialized: enabled=True
[INFO] [1766465629.067277]: SpeedControl module initialized with 4 speed modes: [1, 2, 3, 4]
[INFO] [1766465629.068613]: SpeedControl initialized with stabilization: enabled=True
[INFO] [1766465629.076419]: ButtonHandler module initialized
[INFO] [1766465629.082909]: Joystick Controller Initialized
[INFO] [1766465629.128314]: IMU data received
[INFO] [1766465661.611023]: SpeedControl.process_axes: called, imu_data=present, has_movement=False, stabilization.enabled=True
[INFO] [1766465661.675053]: SpeedControl.process_axes: called, imu_data=present, has_movement=True, stabilization.enabled=True
[INFO] [1766465661.731161]: SpeedControl.process_axes: called, imu_data=present, has_movement=True, stabilization.enabled=True
[INFO] [1766465671.115092]: SpeedControl.process_axes: called, imu_data=present, has_movement=False, stabilization.enabled=True
[INFO] [1766465672.744982]: Speed mode set to: 2 (Low Speed)
[INFO] [1766465673.032996]: Speed mode set to: 3 (Medium Speed)
[INFO] [1766465673.265010]: Speed mode set to: 4 (High Speed)
[INFO] [1766465673.843129]: SpeedControl.process_axes: called, imu_data=present, has_movement=True, stabilization.enabled=True
[INFO] [1766465675.795085]: SpeedControl.process_axes: called, imu_data=present, has_movement=True, stabilization.enabled=True
[INFO] [1766465675.907279]: SpeedControl.process_axes: called, imu_data=present, has_movement=True, stabilization.enabled=True
[INFO] [1766465676.291131]: SpeedControl.process_axes: called, imu_data=present, has_movement=True, stabilization.enabled=True
[INFO] [1766465676.363397]: SpeedControl.process_axes: called, imu_data=present, has_movement=True, stabilization.enabled=True
[INFO] [1766465677.739279]: SpeedControl.process_axes: called, imu_data=present, has_movement=True, stabilization.enabled=True
[INFO] [1766465680.499241]: SpeedControl.process_axes: called, imu_data=present, has_movement=True, stabilization.enabled=True
[INFO] [1766465681.635139]: SpeedControl.process_axes: called, imu_data=present, has_movement=False, stabilization.enabled=True
[INFO] [1766465683.251245]: SpeedControl.process_axes: called, imu_data=present, has_movement=True, stabilization.enabled=True
[INFO] [1766465691.083453]: SpeedControl.process_axes: called, imu_data=present, has_movement=False, stabilization.enabled=True
[INFO] [1766465694.803311]: SpeedControl.process_axes: called, imu_data=present, has_movement=True, stabilization.enabled=True
[INFO] [1766465700.179370]: SpeedControl.process_axes: called, imu_data=present, has_movement=False, stabilization.enabled=True
[INFO] [1766465701.403816]: SpeedControl.process_axes: called, imu_data=present, has_movement=True, stabilization.enabled=True
[INFO] [1766465704.299270]: SpeedControl.process_axes: called, imu_data=present, has_movement=False, stabilization.enabled=True
[INFO] [1766465705.235319]: SpeedControl.process_axes: called, imu_data=present, has_movement=True, stabilization.enabled=True
[INFO] [1766465709.019339]: SpeedControl.process_axes: called, imu_data=present, has_movement=True, stabilization.enabled=True
[INFO] [1766465709.075264]: SpeedControl.process_axes: called, imu_data=present, has_movement=False, stabilization.enabled=True
[INFO] [1766465859.688339]: Robot state changed: 'stand' -> 'fall_backward'
[INFO] [1766465859.978590]: Robot state changed: 'fall_backward' -> 'stand'
[INFO] [1766465859.983557]: Robot recovered to stand position
shutdown request: user request
[INFO] [1766465915.748997]: Shutting down joystick controller...
[INFO] [1766465915.856528]: Robot stopped on shutdown
[INFO] [1766465916.082342]: Serial port reading thread stopped
[INFO] [1766465916.353498]: Stopping robot in finally block...
[INFO] [1766465916.365989]: Robot stopped in finally block
[33m[ WARN] [1766465917.154403004]: Shutdown request received.[0m
[33m[ WARN] [1766465917.158499835]: Reason given for shutdown: [[/joystick] Reason: new node registered with same name][0m
[0m[ INFO] [1766465624.801567500]: Opened joystick: /dev/input/js0 (SHANWAN Android Gamepad). deadzone_: 0.050000.[0m
[31m[ERROR] [1766465919.989392054]: Cannot identify '/dev/usb_cam': 2, No such file or directory[0m
[0m[ INFO] [1766465919.987876005]: camera calibration URL: file:///home/ubuntu/.ros/camera_info/head_camera.yaml[0m
[0m[ INFO] [1766465919.989332480]: Starting 'camera' (/dev/usb_cam) at 640x480 via mmap (yuyv) at 30 FPS[0m
[31m[ERROR] [1766465925.441652892]: Cannot identify '/dev/usb_cam': 2, No such file or directory[0m
[0m[ INFO] [1766465925.440484845]: camera calibration URL: file:///home/ubuntu/.ros/camera_info/head_camera.yaml[0m
[0m[ INFO] [1766465925.441596873]: Starting 'camera' (/dev/usb_cam) at 640x480 via mmap (yuyv) at 30 FPS[0m
[31m[ERROR] [1766465930.901394402]: Cannot identify '/dev/usb_cam': 2, No such file or directory[0m
[0m[ INFO] [1766465930.898926863]: camera calibration URL: file:///home/ubuntu/.ros/camera_info/head_camera.yaml[0m
[0m[ INFO] [1766465930.901335475]: Starting 'camera' (/dev/usb_cam) at 640x480 via mmap (yuyv) at 30 FPS[0m
[31m[ERROR] [1766465936.320004521]: Cannot identify '/dev/usb_cam': 2, No such file or directory[0m
[0m[ INFO] [1766465936.318833049]: camera calibration URL: file:///home/ubuntu/.ros/camera_info/head_camera.yaml[0m
[0m[ INFO] [1766465936.319953984]: Starting 'camera' (/dev/usb_cam) at 640x480 via mmap (yuyv) at 30 FPS[0m
[31m[camera-2] process has died [pid 3590, exit code 1, cmd /opt/ros/noetic/lib/usb_cam/usb_cam_node __name:=camera __log:=/root/.ros/log/5b549096-dfbb-11f0-98df-2ccf676ee7bc/camera-2.log].
log file: /root/.ros/log/5b549096-dfbb-11f0-98df-2ccf676ee7bc/camera-2*.log[0m
[31m[camera-2] process has died [pid 3618, exit code 1, cmd /opt/ros/noetic/lib/usb_cam/usb_cam_node __name:=camera __log:=/root/.ros/log/5b549096-dfbb-11f0-98df-2ccf676ee7bc/camera-2.log].
log file: /root/.ros/log/5b549096-dfbb-11f0-98df-2ccf676ee7bc/camera-2*.log[0m
[31m[camera-2] process has died [pid 3646, exit code 1, cmd /opt/ros/noetic/lib/usb_cam/usb_cam_node __name:=camera __log:=/root/.ros/log/5b549096-dfbb-11f0-98df-2ccf676ee7bc/camera-2.log].
log file: /root/.ros/log/5b549096-dfbb-11f0-98df-2ccf676ee7bc/camera-2*.log[0m
[31m[camera-2] process has died [pid 3668, exit code 1, cmd /opt/ros/noetic/lib/usb_cam/usb_cam_node __name:=camera __log:=/root/.ros/log/5b549096-dfbb-11f0-98df-2ccf676ee7bc/camera-2.log].
log file: /root/.ros/log/5b549096-dfbb-11f0-98df-2ccf676ee7bc/camera-2*.log[0m
[31m[camera-2] process has died [pid 3696, exit code 1, cmd /opt/ros/noetic/lib/usb_cam/usb_cam_node __name:=camera __log:=/root/.ros/log/5b549096-dfbb-11f0-98df-2ccf676ee7bc/camera-2.log].
log file: /root/.ros/log/5b549096-dfbb-11f0-98df-2ccf676ee7bc/camera-2*.log[0m
[31m[camera-2] process has died [pid 3741, exit code 1, cmd /opt/ros/noetic/lib/usb_cam/usb_cam_node __name:=camera __log:=/root/.ros/log/5b549096-dfbb-11f0-98df-2ccf676ee7bc/camera-2.log].
log file: /root/.ros/log/5b549096-dfbb-11f0-98df-2ccf676ee7bc/camera-2*.log[0m
[31m[camera-2] process has died [pid 3766, exit code 1, cmd /opt/ros/noetic/lib/usb_cam/usb_cam_node __name:=camera __log:=/root/.ros/log/5b549096-dfbb-11f0-98df-2ccf676ee7bc/camera-2.log].
log file: /root/.ros/log/5b549096-dfbb-11f0-98df-2ccf676ee7bc/camera-2*.log[0m
[31m[camera-2] process has died [pid 3794, exit code 1, cmd /opt/ros/noetic/lib/usb_cam/usb_cam_node __name:=camera __log:=/root/.ros/log/5b549096-dfbb-11f0-98df-2ccf676ee7bc/camera-2.log].
log file: /root/.ros/log/5b549096-dfbb-11f0-98df-2ccf676ee7bc/camera-2*.log[0m
[31m[camera-2] process has died [pid 3826, exit code 1, cmd /opt/ros/noetic/lib/usb_cam/usb_cam_node __name:=camera __log:=/root/.ros/log/5b549096-dfbb-11f0-98df-2ccf676ee7bc/camera-2.log].
log file: /root/.ros/log/5b549096-dfbb-11f0-98df-2ccf676ee7bc/camera-2*.log[0m
[31m[camera-2] process has died [pid 3920, exit code 1, cmd /opt/ros/noetic/lib/usb_cam/usb_cam_node __name:=camera __log:=/root/.ros/log/5b549096-dfbb-11f0-98df-2ccf676ee7bc/camera-2.log].
log file: /root/.ros/log/5b549096-dfbb-11f0-98df-2ccf676ee7bc/camera-2*.log[0m
[31m[camera-2] process has died [pid 3944, exit code 1, cmd /opt/ros/noetic/lib/usb_cam/usb_cam_node __name:=camera __log:=/root/.ros/log/5b549096-dfbb-11f0-98df-2ccf676ee7bc/camera-2.log].
log file: /root/.ros/log/5b549096-dfbb-11f0-98df-2ccf676ee7bc/camera-2*.log[0m
[31m[camera-2] process has died [pid 3969, exit code 1, cmd /opt/ros/noetic/lib/usb_cam/usb_cam_node __name:=camera __log:=/root/.ros/log/5b549096-dfbb-11f0-98df-2ccf676ee7bc/camera-2.log].
log file: /root/.ros/log/5b549096-dfbb-11f0-98df-2ccf676ee7bc/camera-2*.log[0m
[31m[camera-2] process has died [pid 4008, exit code 1, cmd /opt/ros/noetic/lib/usb_cam/usb_cam_node __name:=camera __log:=/root/.ros/log/5b549096-dfbb-11f0-98df-2ccf676ee7bc/camera-2.log].
log file: /root/.ros/log/5b549096-dfbb-11f0-98df-2ccf676ee7bc/camera-2*.log[0m
[31m[camera-2] process has died [pid 4040, exit code 1, cmd /opt/ros/noetic/lib/usb_cam/usb_cam_node __name:=camera __log:=/root/.ros/log/5b549096-dfbb-11f0-98df-2ccf676ee7bc/camera-2.log].
log file: /root/.ros/log/5b549096-dfbb-11f0-98df-2ccf676ee7bc/camera-2*.log[0m
[31m[camera-2] process has died [pid 4064, exit code 1, cmd /opt/ros/noetic/lib/usb_cam/usb_cam_node __name:=camera __log:=/root/.ros/log/5b549096-dfbb-11f0-98df-2ccf676ee7bc/camera-2.log].
log file: /root/.ros/log/5b549096-dfbb-11f0-98df-2ccf676ee7bc/camera-2*.log[0m
[31m[camera-2] process has died [pid 4082, exit code 1, cmd /opt/ros/noetic/lib/usb_cam/usb_cam_node __name:=camera __log:=/root/.ros/log/5b549096-dfbb-11f0-98df-2ccf676ee7bc/camera-2.log].
log file: /root/.ros/log/5b549096-dfbb-11f0-98df-2ccf676ee7bc/camera-2*.log[0m
[31m[camera-2] process has died [pid 4106, exit code 1, cmd /opt/ros/noetic/lib/usb_cam/usb_cam_node __name:=camera __log:=/root/.ros/log/5b549096-dfbb-11f0-98df-2ccf676ee7bc/camera-2.log].
log file: /root/.ros/log/5b549096-dfbb-11f0-98df-2ccf676ee7bc/camera-2*.log[0m
[31m[camera-2] process has died [pid 4130, exit code 1, cmd /opt/ros/noetic/lib/usb_cam/usb_cam_node __name:=camera __log:=/root/.ros/log/5b549096-dfbb-11f0-98df-2ccf676ee7bc/camera-2.log].
log file: /root/.ros/log/5b549096-dfbb-11f0-98df-2ccf676ee7bc/camera-2*.log[0m
[31m[camera-2] process has died [pid 4148, exit code 1, cmd /opt/ros/noetic/lib/usb_cam/usb_cam_node __name:=camera __log:=/root/.ros/log/5b549096-dfbb-11f0-98df-2ccf676ee7bc/camera-2.log].
log file: /root/.ros/log/5b549096-dfbb-11f0-98df-2ccf676ee7bc/camera-2*.log[0m
[31m[camera-2] process has died [pid 4172, exit code 1, cmd /opt/ros/noetic/lib/usb_cam/usb_cam_node __name:=camera __log:=/root/.ros/log/5b549096-dfbb-11f0-98df-2ccf676ee7bc/camera-2.log].
log file: /root/.ros/log/5b549096-dfbb-11f0-98df-2ccf676ee7bc/camera-2*.log[0m
[31m[camera-2] process has died [pid 4196, exit code 1, cmd /opt/ros/noetic/lib/usb_cam/usb_cam_node __name:=camera __log:=/root/.ros/log/5b549096-dfbb-11f0-98df-2ccf676ee7bc/camera-2.log].
log file: /root/.ros/log/5b549096-dfbb-11f0-98df-2ccf676ee7bc/camera-2*.log[0m
[31m[camera-2] process has died [pid 4214, exit code 1, cmd /opt/ros/noetic/lib/usb_cam/usb_cam_node __name:=camera __log:=/root/.ros/log/5b549096-dfbb-11f0-98df-2ccf676ee7bc/camera-2.log].
log file: /root/.ros/log/5b549096-dfbb-11f0-98df-2ccf676ee7bc/camera-2*.log[0m
[31m[camera-2] process has died [pid 4238, exit code 1, cmd /opt/ros/noetic/lib/usb_cam/usb_cam_node __name:=camera __log:=/root/.ros/log/5b549096-dfbb-11f0-98df-2ccf676ee7bc/camera-2.log].
log file: /root/.ros/log/5b549096-dfbb-11f0-98df-2ccf676ee7bc/camera-2*.log[0m
[31m[camera-2] process has died [pid 4268, exit code 1, cmd /opt/ros/noetic/lib/usb_cam/usb_cam_node __name:=camera __log:=/root/.ros/log/5b549096-dfbb-11f0-98df-2ccf676ee7bc/camera-2.log].
log file: /root/.ros/log/5b549096-dfbb-11f0-98df-2ccf676ee7bc/camera-2*.log[0m
[31m[camera-2] process has died [pid 4292, exit code 1, cmd /opt/ros/noetic/lib/usb_cam/usb_cam_node __name:=camera __log:=/root/.ros/log/5b549096-dfbb-11f0-98df-2ccf676ee7bc/camera-2.log].
log file: /root/.ros/log/5b549096-dfbb-11f0-98df-2ccf676ee7bc/camera-2*.log[0m
[31m[camera-2] process has died [pid 4320, exit code 1, cmd /opt/ros/noetic/lib/usb_cam/usb_cam_node __name:=camera __log:=/root/.ros/log/5b549096-dfbb-11f0-98df-2ccf676ee7bc/camera-2.log].
log file: /root/.ros/log/5b549096-dfbb-11f0-98df-2ccf676ee7bc/camera-2*.log[0m
[31m[camera-2] process has died [pid 4348, exit code 1, cmd /opt/ros/noetic/lib/usb_cam/usb_cam_node __name:=camera __log:=/root/.ros/log/5b549096-dfbb-11f0-98df-2ccf676ee7bc/camera-2.log].
log file: /root/.ros/log/5b549096-dfbb-11f0-98df-2ccf676ee7bc/camera-2*.log[0m
[31m[camera-2] process has died [pid 4599, exit code 1, cmd /opt/ros/noetic/lib/usb_cam/usb_cam_node __name:=camera __log:=/root/.ros/log/5b549096-dfbb-11f0-98df-2ccf676ee7bc/camera-2.log].
log file: /root/.ros/log/5b549096-dfbb-11f0-98df-2ccf676ee7bc/camera-2*.log[0m
[31m[camera-2] process has died [pid 4787, exit code 1, cmd /opt/ros/noetic/lib/usb_cam/usb_cam_node __name:=camera __log:=/root/.ros/log/5b549096-dfbb-11f0-98df-2ccf676ee7bc/camera-2.log].
log file: /root/.ros/log/5b549096-dfbb-11f0-98df-2ccf676ee7bc/camera-2*.log[0m
[31m[camera-2] process has died [pid 4918, exit code 1, cmd /opt/ros/noetic/lib/usb_cam/usb_cam_node __name:=camera __log:=/root/.ros/log/5b549096-dfbb-11f0-98df-2ccf676ee7bc/camera-2.log].
log file: /root/.ros/log/5b549096-dfbb-11f0-98df-2ccf676ee7bc/camera-2*.log[0m
[31m[ERROR] [1766465941.807991692]: Cannot identify '/dev/usb_cam': 2, No such file or directory[0m
[0m[ INFO] [1766465941.805460450]: camera calibration URL: file:///home/ubuntu/.ros/camera_info/head_camera.yaml[0m
[0m[ INFO] [1766465941.807929303]: Starting 'camera' (/dev/usb_cam) at 640x480 via mmap (yuyv) at 30 FPS[0m
[31m[ERROR] [1766465947.277559980]: Cannot identify '/dev/usb_cam': 2, No such file or directory[0m
[0m[ INFO] [1766465947.276255155]: camera calibration URL: file:///home/ubuntu/.ros/camera_info/head_camera.yaml[0m
[0m[ INFO] [1766465947.277500350]: Starting 'camera' (/dev/usb_cam) at 640x480 via mmap (yuyv) at 30 FPS[0m
[31m[ERROR] [1766465952.701487689]: Cannot identify '/dev/usb_cam': 2, No such file or directory[0m
[0m[ INFO] [1766465952.699712102]: camera calibration URL: file:///home/ubuntu/.ros/camera_info/head_camera.yaml[0m
[0m[ INFO] [1766465952.701405615]: Starting 'camera' (/dev/usb_cam) at 640x480 via mmap (yuyv) at 30 FPS[0m
[31m[ERROR] [1766465958.131362933]: Cannot identify '/dev/usb_cam': 2, No such file or directory[0m
[0m[ INFO] [1766465958.129389474]: camera calibration URL: file:///home/ubuntu/.ros/camera_info/head_camera.yaml[0m
[0m[ INFO] [1766465958.131290414]: Starting 'camera' (/dev/usb_cam) at 640x480 via mmap (yuyv) at 30 FPS[0m
[31m[ERROR] [1766465963.573853962]: Cannot identify '/dev/usb_cam': 2, No such file or directory[0m
[0m[ INFO] [1766465963.572365025]: camera calibration URL: file:///home/ubuntu/.ros/camera_info/head_camera.yaml[0m
[0m[ INFO] [1766465963.573778017]: Starting 'camera' (/dev/usb_cam) at 640x480 via mmap (yuyv) at 30 FPS[0m
[31m[ERROR] [1766465968.989917057]: Cannot identify '/dev/usb_cam': 2, No such file or directory[0m
[0m[ INFO] [1766465968.988688788]: camera calibration URL: file:///home/ubuntu/.ros/camera_info/head_camera.yaml[0m
[0m[ INFO] [1766465968.989866205]: Starting 'camera' (/dev/usb_cam) at 640x480 via mmap (yuyv) at 30 FPS[0m
[31m[ERROR] [1766465974.433060961]: Cannot identify '/dev/usb_cam': 2, No such file or directory[0m
[0m[ INFO] [1766465974.431901359]: camera calibration URL: file:///home/ubuntu/.ros/camera_info/head_camera.yaml[0m
[0m[ INFO] [1766465974.433014275]: Starting 'camera' (/dev/usb_cam) at 640x480 via mmap (yuyv) at 30 FPS[0m
[31m[ERROR] [1766465980.122279885]: Cannot identify '/dev/usb_cam': 2, No such file or directory[0m
[0m[ INFO] [1766465980.120395853]: camera calibration URL: file:///home/ubuntu/.ros/camera_info/head_camera.yaml[0m
[0m[ INFO] [1766465980.122217903]: Starting 'camera' (/dev/usb_cam) at 640x480 via mmap (yuyv) at 30 FPS[0m
[31m[ERROR] [1766465985.463016386]: Cannot identify '/dev/usb_cam': 2, No such file or directory[0m
[0m[ INFO] [1766465985.461870785]: camera calibration URL: file:///home/ubuntu/.ros/camera_info/head_camera.yaml[0m
[0m[ INFO] [1766465985.462965700]: Starting 'camera' (/dev/usb_cam) at 640x480 via mmap (yuyv) at 30 FPS[0m
[31m[ERROR] [1766465990.910037475]: Cannot identify '/dev/usb_cam': 2, No such file or directory[0m
[0m[ INFO] [1766465990.908597031]: camera calibration URL: file:///home/ubuntu/.ros/camera_info/head_camera.yaml[0m
[0m[ INFO] [1766465990.909984456]: Starting 'camera' (/dev/usb_cam) at 640x480 via mmap (yuyv) at 30 FPS[0m
[31m[ERROR] [1766465996.359565248]: Cannot identify '/dev/usb_cam': 2, No such file or directory[0m
[0m[ INFO] [1766465996.357996119]: camera calibration URL: file:///home/ubuntu/.ros/camera_info/head_camera.yaml[0m
[0m[ INFO] [1766465996.359510766]: Starting 'camera' (/dev/usb_cam) at 640x480 via mmap (yuyv) at 30 FPS[0m
[31m[ERROR] [1766466001.801489706]: Cannot identify '/dev/usb_cam': 2, No such file or directory[0m
[0m[ INFO] [1766466001.800281873]: camera calibration URL: file:///home/ubuntu/.ros/camera_info/head_camera.yaml[0m
[0m[ INFO] [1766466001.801432206]: Starting 'camera' (/dev/usb_cam) at 640x480 via mmap (yuyv) at 30 FPS[0m
[31m[ERROR] [1766466007.253563698]: Cannot identify '/dev/usb_cam': 2, No such file or directory[0m
[0m[ INFO] [1766466007.252099735]: camera calibration URL: file:///home/ubuntu/.ros/camera_info/head_camera.yaml[0m
[0m[ INFO] [1766466007.253511198]: Starting 'camera' (/dev/usb_cam) at 640x480 via mmap (yuyv) at 30 FPS[0m
[31m[ERROR] [1766466012.682955900]: Cannot identify '/dev/usb_cam': 2, No such file or directory[0m
[0m[ INFO] [1766466012.681795289]: camera calibration URL: file:///home/ubuntu/.ros/camera_info/head_camera.yaml[0m
[0m[ INFO] [1766466012.682907511]: Starting 'camera' (/dev/usb_cam) at 640x480 via mmap (yuyv) at 30 FPS[0m
[31m[ERROR] [1766466018.122153846]: Cannot identify '/dev/usb_cam': 2, No such file or directory[0m
[0m[ INFO] [1766466018.120991049]: camera calibration URL: file:///home/ubuntu/.ros/camera_info/head_camera.yaml[0m
[0m[ INFO] [1766466018.122102531]: Starting 'camera' (/dev/usb_cam) at 640x480 via mmap (yuyv) at 30 FPS[0m
[31m[ERROR] [1766466023.576249017]: Cannot identify '/dev/usb_cam': 2, No such file or directory[0m
[0m[ INFO] [1766466023.575051591]: camera calibration URL: file:///home/ubuntu/.ros/camera_info/head_camera.yaml[0m
[0m[ INFO] [1766466023.576200054]: Starting 'camera' (/dev/usb_cam) at 640x480 via mmap (yuyv) at 30 FPS[0m
[31m[ERROR] [1766466029.032743627]: Cannot identify '/dev/usb_cam': 2, No such file or directory[0m
[0m[ INFO] [1766466029.031035329]: camera calibration URL: file:///home/ubuntu/.ros/camera_info/head_camera.yaml[0m
[0m[ INFO] [1766466029.032688830]: Starting 'camera' (/dev/usb_cam) at 640x480 via mmap (yuyv) at 30 FPS[0m
[31m[ERROR] [1766466034.470840117]: Cannot identify '/dev/usb_cam': 2, No such file or directory[0m
[0m[ INFO] [1766466034.469664505]: camera calibration URL: file:///home/ubuntu/.ros/camera_info/head_camera.yaml[0m
[0m[ INFO] [1766466034.470785950]: Starting 'camera' (/dev/usb_cam) at 640x480 via mmap (yuyv) at 30 FPS[0m
[31m[ERROR] [1766466039.906583231]: Cannot identify '/dev/usb_cam': 2, No such file or directory[0m
[0m[ INFO] [1766466039.905301211]: camera calibration URL: file:///home/ubuntu/.ros/camera_info/head_camera.yaml[0m
[0m[ INFO] [1766466039.906532805]: Starting 'camera' (/dev/usb_cam) at 640x480 via mmap (yuyv) at 30 FPS[0m
[31m[ERROR] [1766466045.338630561]: Cannot identify '/dev/usb_cam': 2, No such file or directory[0m
[0m[ INFO] [1766466045.337063615]: camera calibration URL: file:///home/ubuntu/.ros/camera_info/head_camera.yaml[0m
[0m[ INFO] [1766466045.338574265]: Starting 'camera' (/dev/usb_cam) at 640x480 via mmap (yuyv) at 30 FPS[0m
[31m[ERROR] [1766466050.792167560]: Cannot identify '/dev/usb_cam': 2, No such file or directory[0m
[0m[ INFO] [1766466050.790986984]: camera calibration URL: file:///home/ubuntu/.ros/camera_info/head_camera.yaml[0m
[0m[ INFO] [1766466050.792116263]: Starting 'camera' (/dev/usb_cam) at 640x480 via mmap (yuyv) at 30 FPS[0m
[31m[ERROR] [1766466056.234693379]: Cannot identify '/dev/usb_cam': 2, No such file or directory[0m
[0m[ INFO] [1766466056.233466766]: camera calibration URL: file:///home/ubuntu/.ros/camera_info/head_camera.yaml[0m
[0m[ INFO] [1766466056.234638972]: Starting 'camera' (/dev/usb_cam) at 640x480 via mmap (yuyv) at 30 FPS[0m
[31m[ERROR] [1766466061.680203669]: Cannot identify '/dev/usb_cam': 2, No such file or directory[0m
[0m[ INFO] [1766466061.678964555]: camera calibration URL: file:///home/ubuntu/.ros/camera_info/head_camera.yaml[0m
[0m[ INFO] [1766466061.680147854]: Starting 'camera' (/dev/usb_cam) at 640x480 via mmap (yuyv) at 30 FPS[0m
[31m[ERROR] [1766466067.471254569]: Cannot identify '/dev/usb_cam': 2, No such file or directory[0m
[0m[ INFO] [1766466067.465417982]: camera calibration URL: file:///home/ubuntu/.ros/camera_info/head_camera.yaml[0m
[0m[ INFO] [1766466067.471087661]: Starting 'camera' (/dev/usb_cam) at 640x480 via mmap (yuyv) at 30 FPS[0m

auto-starting new master
[1mprocess[master]: started with pid [2387][0m
[1mROS_MASTER_URI=http://localhost:11311[0m
]2;/home/ubuntu/ros_ws/src/ainex_bringup/launch/bringup.launch http://localhost:11311
[1msetting /run_id to 5b549096-dfbb-11f0-98df-2ccf676ee7bc[0m
[1mprocess[rosout-1]: started with pid [2408][0m
started core service [/rosout]
[1mprocess[camera-2]: started with pid [2415][0m
[1mprocess[camera/manager-3]: started with pid [2416][0m
[1mprocess[camera/rectify_color-4]: started with pid [2417][0m
[1mprocess[ros_robot_controller-5]: started with pid [2418][0m
[1mprocess[ainex_controller-6]: started with pid [2419][0m
[1mprocess[imu_calib-7]: started with pid [2428][0m
[1mprocess[imu_filter-8]: started with pid [2441][0m
[1mprocess[joystick-9]: started with pid [2444][0m
[1mprocess[joystick_control-10]: started with pid [2449][0m
[1mprocess[web_video_server-11]: started with pid [2452][0m
[1mprocess[rosbridge_websocket-12]: started with pid [2455][0m
[1mprocess[rosapi-13]: started with pid [2461][0m
[1mprocess[color_detection-14]: started with pid [2466][0m
[1mprocess[face_detect-15]: started with pid [2467][0m
[1mprocess[app-16]: started with pid [2468][0m
[1mprocess[teleop_fetch-17]: started with pid [2472][0m
[1mprocess[topici_list-18]: started with pid [2476][0m
[camera-2] restarting process
[1mprocess[camera-2]: started with pid [2691][0m
[camera-2] restarting process
[1mprocess[camera-2]: started with pid [2719][0m
[camera-2] restarting process
[1mprocess[camera-2]: started with pid [2747][0m
[camera-2] restarting process
[1mprocess[camera-2]: started with pid [2769][0m
[camera-2] restarting process
[1mprocess[camera-2]: started with pid [2797][0m
[camera-2] restarting process
[1mprocess[camera-2]: started with pid [2825][0m
[camera-2] restarting process
[1mprocess[camera-2]: started with pid [2853][0m
[camera-2] restarting process
[1mprocess[camera-2]: started with pid [2881][0m
[camera-2] restarting process
[1mprocess[camera-2]: started with pid [2917][0m
[camera-2] restarting process
[1mprocess[camera-2]: started with pid [2939][0m
[camera-2] restarting process
[1mprocess[camera-2]: started with pid [2975][0m
[camera-2] restarting process
[1mprocess[camera-2]: started with pid [3003][0m
[camera-2] restarting process
[1mprocess[camera-2]: started with pid [3033][0m
[camera-2] restarting process
[1mprocess[camera-2]: started with pid [3069][0m
[camera-2] restarting process
[1mprocess[camera-2]: started with pid [3105][0m
[camera-2] restarting process
[1mprocess[camera-2]: started with pid [3131][0m
[camera-2] restarting process
[1mprocess[camera-2]: started with pid [3159][0m
[camera-2] restarting process
[1mprocess[camera-2]: started with pid [3211][0m
[camera-2] restarting process
[1mprocess[camera-2]: started with pid [3241][0m
[camera-2] restarting process
[1mprocess[camera-2]: started with pid [3269][0m
[camera-2] restarting process
[1mprocess[camera-2]: started with pid [3376][0m
[camera-2] restarting process
[1mprocess[camera-2]: started with pid [3470][0m
[camera-2] restarting process
[1mprocess[camera-2]: started with pid [3494][0m
[camera-2] restarting process
[1mprocess[camera-2]: started with pid [3512][0m
[camera-2] restarting process
[1mprocess[camera-2]: started with pid [3540][0m
[camera-2] restarting process
[1mprocess[camera-2]: started with pid [3568][0m
[camera-2] restarting process
[1mprocess[camera-2]: started with pid [3590][0m
[camera-2] restarting process
[1mprocess[camera-2]: started with pid [3618][0m
[camera-2] restarting process
[1mprocess[camera-2]: started with pid [3646][0m
[camera-2] restarting process
[1mprocess[camera-2]: started with pid [3668][0m
[camera-2] restarting process
[1mprocess[camera-2]: started with pid [3696][0m
[camera-2] restarting process
[1mprocess[camera-2]: started with pid [3741][0m
[camera-2] restarting process
[1mprocess[camera-2]: started with pid [3766][0m
[camera-2] restarting process
[1mprocess[camera-2]: started with pid [3794][0m
[camera-2] restarting process
[1mprocess[camera-2]: started with pid [3826][0m
[camera-2] restarting process
[1mprocess[camera-2]: started with pid [3920][0m
[camera-2] restarting process
[1mprocess[camera-2]: started with pid [3944][0m
[camera-2] restarting process
[1mprocess[camera-2]: started with pid [3969][0m
[camera-2] restarting process
[1mprocess[camera-2]: started with pid [4008][0m
[camera-2] restarting process
[1mprocess[camera-2]: started with pid [4040][0m
[camera-2] restarting process
[1mprocess[camera-2]: started with pid [4064][0m
[camera-2] restarting process
[1mprocess[camera-2]: started with pid [4082][0m
[camera-2] restarting process
[1mprocess[camera-2]: started with pid [4106][0m
[camera-2] restarting process
[1mprocess[camera-2]: started with pid [4130][0m
[camera-2] restarting process
[1mprocess[camera-2]: started with pid [4148][0m
[camera-2] restarting process
[1mprocess[camera-2]: started with pid [4172][0m
[camera-2] restarting process
[1mprocess[camera-2]: started with pid [4196][0m
[camera-2] restarting process
[1mprocess[camera-2]: started with pid [4214][0m
[camera-2] restarting process
[1mprocess[camera-2]: started with pid [4238][0m
[camera-2] restarting process
[1mprocess[camera-2]: started with pid [4268][0m
[camera-2] restarting process
[1mprocess[camera-2]: started with pid [4292][0m
[camera-2] restarting process
[1mprocess[camera-2]: started with pid [4320][0m
[camera-2] restarting process
[1mprocess[camera-2]: started with pid [4348][0m
[1m[joystick_control-10] process has finished cleanly
log file: /root/.ros/log/5b549096-dfbb-11f0-98df-2ccf676ee7bc/joystick_control-10*.log[0m
[1m[joystick-9] process has finished cleanly
log file: /root/.ros/log/5b549096-dfbb-11f0-98df-2ccf676ee7bc/joystick-9*.log[0m
[camera-2] restarting process
[1mprocess[camera-2]: started with pid [4599][0m
[camera-2] restarting process
[1mprocess[camera-2]: started with pid [4787][0m
[camera-2] restarting process
[1mprocess[camera-2]: started with pid [4918][0m
[camera-2] restarting process
[1mprocess[camera-2]: started with pid [4942][0m
[camera-2] restarting process
[1mprocess[camera-2]: started with pid [4966][0m
[camera-2] restarting process
[1mprocess[camera-2]: started with pid [4984][0m
[camera-2] restarting process
[1mprocess[camera-2]: started with pid [5008][0m
[camera-2] restarting process
[1mprocess[camera-2]: started with pid [5032][0m
[camera-2] restarting process
[1mprocess[camera-2]: started with pid [5050][0m
[camera-2] restarting process
[1mprocess[camera-2]: started with pid [5079][0m
[camera-2] restarting process
[1mprocess[camera-2]: started with pid [5107][0m
[camera-2] restarting process
[1mprocess[camera-2]: started with pid [5142][0m
[camera-2] restarting process
[1mprocess[camera-2]: started with pid [5172][0m
[camera-2] restarting process
[1mprocess[camera-2]: started with pid [5200][0m
[camera-2] restarting process
[1mprocess[camera-2]: started with pid [5222][0m
[camera-2] restarting process
[1mprocess[camera-2]: started with pid [5250][0m
[camera-2] restarting process
[1mprocess[camera-2]: started with pid [5278][0m
[camera-2] restarting process
[1mprocess[camera-2]: started with pid [5300][0m
[camera-2] restarting process
[1mprocess[camera-2]: started with pid [5328][0m
[camera-2] restarting process
[1mprocess[camera-2]: started with pid [5356][0m
[camera-2] restarting process
[1mprocess[camera-2]: started with pid [5603][0m
[camera-2] restarting process
[1mprocess[camera-2]: started with pid [5736][0m
[camera-2] restarting process
[1mprocess[camera-2]: started with pid [5821][0m
[camera-2] restarting process
[1mprocess[camera-2]: started with pid [5847][0m
[camera-2] restarting process
[1mprocess[camera-2]: started with pid [5889][0m
[camera-2] restarting process
[1mprocess[camera-2]: started with pid [5917][0m
[camera-2] restarting process
[1mprocess[camera-2]: started with pid [5942][0m
[camera-2] restarting process
[1mprocess[camera-2]: started with pid [5970][0m
[31m[ERROR] [1766466072.894862949]: Cannot identify '/dev/usb_cam': 2, No such file or directory[0m
[0m[ INFO] [1766466072.893657223]: camera calibration URL: file:///home/ubuntu/.ros/camera_info/head_camera.yaml[0m
[0m[ INFO] [1766466072.894806152]: Starting 'camera' (/dev/usb_cam) at 640x480 via mmap (yuyv) at 30 FPS[0m
[31m[ERROR] [1766466078.339368265]: Cannot identify '/dev/usb_cam': 2, No such file or directory[0m
[0m[ INFO] [1766466078.337678706]: camera calibration URL: file:///home/ubuntu/.ros/camera_info/head_camera.yaml[0m
[0m[ INFO] [1766466078.339290895]: Starting 'camera' (/dev/usb_cam) at 640x480 via mmap (yuyv) at 30 FPS[0m
[31m[ERROR] [1766466083.765185569]: Cannot identify '/dev/usb_cam': 2, No such file or directory[0m
[0m[ INFO] [1766466083.764021640]: camera calibration URL: file:///home/ubuntu/.ros/camera_info/head_camera.yaml[0m
[0m[ INFO] [1766466083.765135606]: Starting 'camera' (/dev/usb_cam) at 640x480 via mmap (yuyv) at 30 FPS[0m
[31m[ERROR] [1766466089.196589279]: Cannot identify '/dev/usb_cam': 2, No such file or directory[0m
[0m[ INFO] [1766466089.195427146]: camera calibration URL: file:///home/ubuntu/.ros/camera_info/head_camera.yaml[0m
[0m[ INFO] [1766466089.196539853]: Starting 'camera' (/dev/usb_cam) at 640x480 via mmap (yuyv) at 30 FPS[0m
[31m[ERROR] [1766466094.642615893]: Cannot identify '/dev/usb_cam': 2, No such file or directory[0m
[0m[ INFO] [1766466094.641381148]: camera calibration URL: file:///home/ubuntu/.ros/camera_info/head_camera.yaml[0m
[0m[ INFO] [1766466094.642560596]: Starting 'camera' (/dev/usb_cam) at 640x480 via mmap (yuyv) at 30 FPS[0m
[31m[ERROR] [1766466100.082401653]: Cannot identify '/dev/usb_cam': 2, No such file or directory[0m
[0m[ INFO] [1766466100.081251816]: camera calibration URL: file:///home/ubuntu/.ros/camera_info/head_camera.yaml[0m
[0m[ INFO] [1766466100.082349819]: Starting 'camera' (/dev/usb_cam) at 640x480 via mmap (yuyv) at 30 FPS[0m
[31m[camera-2] process has died [pid 4942, exit code 1, cmd /opt/ros/noetic/lib/usb_cam/usb_cam_node __name:=camera __log:=/root/.ros/log/5b549096-dfbb-11f0-98df-2ccf676ee7bc/camera-2.log].
log file: /root/.ros/log/5b549096-dfbb-11f0-98df-2ccf676ee7bc/camera-2*.log[0m
[31m[camera-2] process has died [pid 4966, exit code 1, cmd /opt/ros/noetic/lib/usb_cam/usb_cam_node __name:=camera __log:=/root/.ros/log/5b549096-dfbb-11f0-98df-2ccf676ee7bc/camera-2.log].
log file: /root/.ros/log/5b549096-dfbb-11f0-98df-2ccf676ee7bc/camera-2*.log[0m
[31m[camera-2] process has died [pid 4984, exit code 1, cmd /opt/ros/noetic/lib/usb_cam/usb_cam_node __name:=camera __log:=/root/.ros/log/5b549096-dfbb-11f0-98df-2ccf676ee7bc/camera-2.log].
log file: /root/.ros/log/5b549096-dfbb-11f0-98df-2ccf676ee7bc/camera-2*.log[0m
[31m[camera-2] process has died [pid 5008, exit code 1, cmd /opt/ros/noetic/lib/usb_cam/usb_cam_node __name:=camera __log:=/root/.ros/log/5b549096-dfbb-11f0-98df-2ccf676ee7bc/camera-2.log].
log file: /root/.ros/log/5b549096-dfbb-11f0-98df-2ccf676ee7bc/camera-2*.log[0m
[31m[camera-2] process has died [pid 5032, exit code 1, cmd /opt/ros/noetic/lib/usb_cam/usb_cam_node __name:=camera __log:=/root/.ros/log/5b549096-dfbb-11f0-98df-2ccf676ee7bc/camera-2.log].
log file: /root/.ros/log/5b549096-dfbb-11f0-98df-2ccf676ee7bc/camera-2*.log[0m
[31m[camera-2] process has died [pid 5050, exit code 1, cmd /opt/ros/noetic/lib/usb_cam/usb_cam_node __name:=camera __log:=/root/.ros/log/5b549096-dfbb-11f0-98df-2ccf676ee7bc/camera-2.log].
log file: /root/.ros/log/5b549096-dfbb-11f0-98df-2ccf676ee7bc/camera-2*.log[0m
[31m[camera-2] process has died [pid 5079, exit code 1, cmd /opt/ros/noetic/lib/usb_cam/usb_cam_node __name:=camera __log:=/root/.ros/log/5b549096-dfbb-11f0-98df-2ccf676ee7bc/camera-2.log].
log file: /root/.ros/log/5b549096-dfbb-11f0-98df-2ccf676ee7bc/camera-2*.log[0m
[31m[camera-2] process has died [pid 5107, exit code 1, cmd /opt/ros/noetic/lib/usb_cam/usb_cam_node __name:=camera __log:=/root/.ros/log/5b549096-dfbb-11f0-98df-2ccf676ee7bc/camera-2.log].
log file: /root/.ros/log/5b549096-dfbb-11f0-98df-2ccf676ee7bc/camera-2*.log[0m
[31m[camera-2] process has died [pid 5142, exit code 1, cmd /opt/ros/noetic/lib/usb_cam/usb_cam_node __name:=camera __log:=/root/.ros/log/5b549096-dfbb-11f0-98df-2ccf676ee7bc/camera-2.log].
log file: /root/.ros/log/5b549096-dfbb-11f0-98df-2ccf676ee7bc/camera-2*.log[0m
[31m[camera-2] process has died [pid 5172, exit code 1, cmd /opt/ros/noetic/lib/usb_cam/usb_cam_node __name:=camera __log:=/root/.ros/log/5b549096-dfbb-11f0-98df-2ccf676ee7bc/camera-2.log].
log file: /root/.ros/log/5b549096-dfbb-11f0-98df-2ccf676ee7bc/camera-2*.log[0m
[31m[camera-2] process has died [pid 5200, exit code 1, cmd /opt/ros/noetic/lib/usb_cam/usb_cam_node __name:=camera __log:=/root/.ros/log/5b549096-dfbb-11f0-98df-2ccf676ee7bc/camera-2.log].
log file: /root/.ros/log/5b549096-dfbb-11f0-98df-2ccf676ee7bc/camera-2*.log[0m
[31m[camera-2] process has died [pid 5222, exit code 1, cmd /opt/ros/noetic/lib/usb_cam/usb_cam_node __name:=camera __log:=/root/.ros/log/5b549096-dfbb-11f0-98df-2ccf676ee7bc/camera-2.log].
log file: /root/.ros/log/5b549096-dfbb-11f0-98df-2ccf676ee7bc/camera-2*.log[0m
[31m[camera-2] process has died [pid 5250, exit code 1, cmd /opt/ros/noetic/lib/usb_cam/usb_cam_node __name:=camera __log:=/root/.ros/log/5b549096-dfbb-11f0-98df-2ccf676ee7bc/camera-2.log].
log file: /root/.ros/log/5b549096-dfbb-11f0-98df-2ccf676ee7bc/camera-2*.log[0m
[31m[camera-2] process has died [pid 5278, exit code 1, cmd /opt/ros/noetic/lib/usb_cam/usb_cam_node __name:=camera __log:=/root/.ros/log/5b549096-dfbb-11f0-98df-2ccf676ee7bc/camera-2.log].
log file: /root/.ros/log/5b549096-dfbb-11f0-98df-2ccf676ee7bc/camera-2*.log[0m
[31m[camera-2] process has died [pid 5300, exit code 1, cmd /opt/ros/noetic/lib/usb_cam/usb_cam_node __name:=camera __log:=/root/.ros/log/5b549096-dfbb-11f0-98df-2ccf676ee7bc/camera-2.log].
log file: /root/.ros/log/5b549096-dfbb-11f0-98df-2ccf676ee7bc/camera-2*.log[0m
[31m[camera-2] process has died [pid 5328, exit code 1, cmd /opt/ros/noetic/lib/usb_cam/usb_cam_node __name:=camera __log:=/root/.ros/log/5b549096-dfbb-11f0-98df-2ccf676ee7bc/camera-2.log].
log file: /root/.ros/log/5b549096-dfbb-11f0-98df-2ccf676ee7bc/camera-2*.log[0m
[31m[camera-2] process has died [pid 5356, exit code 1, cmd /opt/ros/noetic/lib/usb_cam/usb_cam_node __name:=camera __log:=/root/.ros/log/5b549096-dfbb-11f0-98df-2ccf676ee7bc/camera-2.log].
log file: /root/.ros/log/5b549096-dfbb-11f0-98df-2ccf676ee7bc/camera-2*.log[0m
[31m[camera-2] process has died [pid 5603, exit code 1, cmd /opt/ros/noetic/lib/usb_cam/usb_cam_node __name:=camera __log:=/root/.ros/log/5b549096-dfbb-11f0-98df-2ccf676ee7bc/camera-2.log].
log file: /root/.ros/log/5b549096-dfbb-11f0-98df-2ccf676ee7bc/camera-2*.log[0m
[31m[camera-2] process has died [pid 5736, exit code 1, cmd /opt/ros/noetic/lib/usb_cam/usb_cam_node __name:=camera __log:=/root/.ros/log/5b549096-dfbb-11f0-98df-2ccf676ee7bc/camera-2.log].
log file: /root/.ros/log/5b549096-dfbb-11f0-98df-2ccf676ee7bc/camera-2*.log[0m
[31m[camera-2] process has died [pid 5821, exit code 1, cmd /opt/ros/noetic/lib/usb_cam/usb_cam_node __name:=camera __log:=/root/.ros/log/5b549096-dfbb-11f0-98df-2ccf676ee7bc/camera-2.log].
log file: /root/.ros/log/5b549096-dfbb-11f0-98df-2ccf676ee7bc/camera-2*.log[0m
[31m[camera-2] process has died [pid 5847, exit code 1, cmd /opt/ros/noetic/lib/usb_cam/usb_cam_node __name:=camera __log:=/root/.ros/log/5b549096-dfbb-11f0-98df-2ccf676ee7bc/camera-2.log].
log file: /root/.ros/log/5b549096-dfbb-11f0-98df-2ccf676ee7bc/camera-2*.log[0m
[31m[camera-2] process has died [pid 5889, exit code 1, cmd /opt/ros/noetic/lib/usb_cam/usb_cam_node __name:=camera __log:=/root/.ros/log/5b549096-dfbb-11f0-98df-2ccf676ee7bc/camera-2.log].
log file: /root/.ros/log/5b549096-dfbb-11f0-98df-2ccf676ee7bc/camera-2*.log[0m
[31m[camera-2] process has died [pid 5917, exit code 1, cmd /opt/ros/noetic/lib/usb_cam/usb_cam_node __name:=camera __log:=/root/.ros/log/5b549096-dfbb-11f0-98df-2ccf676ee7bc/camera-2.log].
log file: /root/.ros/log/5b549096-dfbb-11f0-98df-2ccf676ee7bc/camera-2*.log[0m
[31m[camera-2] process has died [pid 5942, exit code 1, cmd /opt/ros/noetic/lib/usb_cam/usb_cam_node __name:=camera __log:=/root/.ros/log/5b549096-dfbb-11f0-98df-2ccf676ee7bc/camera-2.log].
log file: /root/.ros/log/5b549096-dfbb-11f0-98df-2ccf676ee7bc/camera-2*.log[0m
[31m[camera-2] process has died [pid 5970, exit code 1, cmd /opt/ros/noetic/lib/usb_cam/usb_cam_node __name:=camera __log:=/root/.ros/log/5b549096-dfbb-11f0-98df-2ccf676ee7bc/camera-2.log].
log file: /root/.ros/log/5b549096-dfbb-11f0-98df-2ccf676ee7bc/camera-2*.log[0m
[31m[camera-2] process has died [pid 5998, exit code 1, cmd /opt/ros/noetic/lib/usb_cam/usb_cam_node __name:=camera __log:=/root/.ros/log/5b549096-dfbb-11f0-98df-2ccf676ee7bc/camera-2.log].
log file: /root/.ros/log/5b549096-dfbb-11f0-98df-2ccf676ee7bc/camera-2*.log[0m
[31m[camera-2] process has died [pid 6020, exit code 1, cmd /opt/ros/noetic/lib/usb_cam/usb_cam_node __name:=camera __log:=/root/.ros/log/5b549096-dfbb-11f0-98df-2ccf676ee7bc/camera-2.log].
log file: /root/.ros/log/5b549096-dfbb-11f0-98df-2ccf676ee7bc/camera-2*.log[0m
[31m[camera-2] process has died [pid 6109, exit code 1, cmd /opt/ros/noetic/lib/usb_cam/usb_cam_node __name:=camera __log:=/root/.ros/log/5b549096-dfbb-11f0-98df-2ccf676ee7bc/camera-2.log].
log file: /root/.ros/log/5b549096-dfbb-11f0-98df-2ccf676ee7bc/camera-2*.log[0m
[31m[camera-2] process has died [pid 6137, exit code 1, cmd /opt/ros/noetic/lib/usb_cam/usb_cam_node __name:=camera __log:=/root/.ros/log/5b549096-dfbb-11f0-98df-2ccf676ee7bc/camera-2.log].
log file: /root/.ros/log/5b549096-dfbb-11f0-98df-2ccf676ee7bc/camera-2*.log[0m
[31m[camera-2] process has died [pid 6159, exit code 1, cmd /opt/ros/noetic/lib/usb_cam/usb_cam_node __name:=camera __log:=/root/.ros/log/5b549096-dfbb-11f0-98df-2ccf676ee7bc/camera-2.log].
log file: /root/.ros/log/5b549096-dfbb-11f0-98df-2ccf676ee7bc/camera-2*.log[0m
[31m[ERROR] [1766466105.517979800]: Cannot identify '/dev/usb_cam': 2, No such file or directory[0m
[0m[ INFO] [1766466105.516729648]: camera calibration URL: file:///home/ubuntu/.ros/camera_info/head_camera.yaml[0m
[0m[ INFO] [1766466105.517904133]: Starting 'camera' (/dev/usb_cam) at 640x480 via mmap (yuyv) at 30 FPS[0m
[31m[ERROR] [1766466110.963417047]: Cannot identify '/dev/usb_cam': 2, No such file or directory[0m
[0m[ INFO] [1766466110.962260451]: camera calibration URL: file:///home/ubuntu/.ros/camera_info/head_camera.yaml[0m
[0m[ INFO] [1766466110.963369251]: Starting 'camera' (/dev/usb_cam) at 640x480 via mmap (yuyv) at 30 FPS[0m
[31m[ERROR] [1766466116.413063398]: Cannot identify '/dev/usb_cam': 2, No such file or directory[0m
[0m[ INFO] [1766466116.411890949]: camera calibration URL: file:///home/ubuntu/.ros/camera_info/head_camera.yaml[0m
[0m[ INFO] [1766466116.413012472]: Starting 'camera' (/dev/usb_cam) at 640x480 via mmap (yuyv) at 30 FPS[0m
[31m[ERROR] [1766466121.846820214]: Cannot identify '/dev/usb_cam': 2, No such file or directory[0m
[0m[ INFO] [1766466121.845578673]: camera calibration URL: file:///home/ubuntu/.ros/camera_info/head_camera.yaml[0m
[0m[ INFO] [1766466121.846770492]: Starting 'camera' (/dev/usb_cam) at 640x480 via mmap (yuyv) at 30 FPS[0m
[31m[ERROR] [1766466127.313099348]: Cannot identify '/dev/usb_cam': 2, No such file or directory[0m
[0m[ INFO] [1766466127.311790695]: camera calibration URL: file:///home/ubuntu/.ros/camera_info/head_camera.yaml[0m
[0m[ INFO] [1766466127.313036774]: Starting 'camera' (/dev/usb_cam) at 640x480 via mmap (yuyv) at 30 FPS[0m
[31m[ERROR] [1766466132.731318026]: Cannot identify '/dev/usb_cam': 2, No such file or directory[0m
[0m[ INFO] [1766466132.730095095]: camera calibration URL: file:///home/ubuntu/.ros/camera_info/head_camera.yaml[0m
[0m[ INFO] [1766466132.731267544]: Starting 'camera' (/dev/usb_cam) at 640x480 via mmap (yuyv) at 30 FPS[0m
[31m[ERROR] [1766466138.171352381]: Cannot identify '/dev/usb_cam': 2, No such file or directory[0m
[0m[ INFO] [1766466138.170152506]: camera calibration URL: file:///home/ubuntu/.ros/camera_info/head_camera.yaml[0m
[0m[ INFO] [1766466138.171301659]: Starting 'camera' (/dev/usb_cam) at 640x480 via mmap (yuyv) at 30 FPS[0m
[31m[ERROR] [1766466143.622563638]: Cannot identify '/dev/usb_cam': 2, No such file or directory[0m
[0m[ INFO] [1766466143.621384411]: camera calibration URL: file:///home/ubuntu/.ros/camera_info/head_camera.yaml[0m
[0m[ INFO] [1766466143.622515767]: Starting 'camera' (/dev/usb_cam) at 640x480 via mmap (yuyv) at 30 FPS[0m
[31m[ERROR] [1766466149.040828120]: Cannot identify '/dev/usb_cam': 2, No such file or directory[0m
[0m[ INFO] [1766466149.039585096]: camera calibration URL: file:///home/ubuntu/.ros/camera_info/head_camera.yaml[0m
[0m[ INFO] [1766466149.040769119]: Starting 'camera' (/dev/usb_cam) at 640x480 via mmap (yuyv) at 30 FPS[0m
[31m[ERROR] [1766466154.391996686]: Cannot identify '/dev/usb_cam': 2, No such file or directory[0m
[0m[ INFO] [1766466154.390797330]: camera calibration URL: file:///home/ubuntu/.ros/camera_info/head_camera.yaml[0m
[0m[ INFO] [1766466154.391945723]: Starting 'camera' (/dev/usb_cam) at 640x480 via mmap (yuyv) at 30 FPS[0m
[31m[ERROR] [1766466159.827736604]: Cannot identify '/dev/usb_cam': 2, No such file or directory[0m
[0m[ INFO] [1766466159.826542210]: camera calibration URL: file:///home/ubuntu/.ros/camera_info/head_camera.yaml[0m
[0m[ INFO] [1766466159.827671178]: Starting 'camera' (/dev/usb_cam) at 640x480 via mmap (yuyv) at 30 FPS[0m
[31m[ERROR] [1766466165.257518926]: Cannot identify '/dev/usb_cam': 2, No such file or directory[0m
[0m[ INFO] [1766466165.256285773]: camera calibration URL: file:///home/ubuntu/.ros/camera_info/head_camera.yaml[0m
[0m[ INFO] [1766466165.257460481]: Starting 'camera' (/dev/usb_cam) at 640x480 via mmap (yuyv) at 30 FPS[0m
[31m[ERROR] [1766466170.612728510]: Cannot identify '/dev/usb_cam': 2, No such file or directory[0m
[0m[ INFO] [1766466170.611549171]: camera calibration URL: file:///home/ubuntu/.ros/camera_info/head_camera.yaml[0m
[0m[ INFO] [1766466170.612681658]: Starting 'camera' (/dev/usb_cam) at 640x480 via mmap (yuyv) at 30 FPS[0m
[31m[ERROR] [1766466176.336028392]: Cannot identify '/dev/usb_cam': 2, No such file or directory[0m
[0m[ INFO] [1766466176.333205325]: camera calibration URL: file:///home/ubuntu/.ros/camera_info/head_camera.yaml[0m
[0m[ INFO] [1766466176.335932596]: Starting 'camera' (/dev/usb_cam) at 640x480 via mmap (yuyv) at 30 FPS[0m
[31m[ERROR] [1766466181.800461544]: Cannot identify '/dev/usb_cam': 2, No such file or directory[0m
[0m[ INFO] [1766466181.799307705]: camera calibration URL: file:///home/ubuntu/.ros/camera_info/head_camera.yaml[0m
[0m[ INFO] [1766466181.800409636]: Starting 'camera' (/dev/usb_cam) at 640x480 via mmap (yuyv) at 30 FPS[0m
[31m[ERROR] [1766466187.435375411]: Cannot identify '/dev/usb_cam': 2, No such file or directory[0m
[0m[ INFO] [1766466187.432488843]: camera calibration URL: file:///home/ubuntu/.ros/camera_info/head_camera.yaml[0m
[0m[ INFO] [1766466187.435226818]: Starting 'camera' (/dev/usb_cam) at 640x480 via mmap (yuyv) at 30 FPS[0m
[31m[ERROR] [1766466192.828466398]: Cannot identify '/dev/usb_cam': 2, No such file or directory[0m
[0m[ INFO] [1766466192.827187800]: camera calibration URL: file:///home/ubuntu/.ros/camera_info/head_camera.yaml[0m
[0m[ INFO] [1766466192.828409879]: Starting 'camera' (/dev/usb_cam) at 640x480 via mmap (yuyv) at 30 FPS[0m
[31m[ERROR] [1766466198.249902030]: Cannot identify '/dev/usb_cam': 2, No such file or directory[0m
[0m[ INFO] [1766466198.248691488]: camera calibration URL: file:///home/ubuntu/.ros/camera_info/head_camera.yaml[0m
[0m[ INFO] [1766466198.249851048]: Starting 'camera' (/dev/usb_cam) at 640x480 via mmap (yuyv) at 30 FPS[0m
[31m[ERROR] [1766466203.697746085]: Cannot identify '/dev/usb_cam': 2, No such file or directory[0m
[0m[ INFO] [1766466203.696565006]: camera calibration URL: file:///home/ubuntu/.ros/camera_info/head_camera.yaml[0m
[0m[ INFO] [1766466203.697672622]: Starting 'camera' (/dev/usb_cam) at 640x480 via mmap (yuyv) at 30 FPS[0m
[31m[ERROR] [1766466209.163117680]: Cannot identify '/dev/usb_cam': 2, No such file or directory[0m
[0m[ INFO] [1766466209.161788470]: camera calibration URL: file:///home/ubuntu/.ros/camera_info/head_camera.yaml[0m
[0m[ INFO] [1766466209.163063198]: Starting 'camera' (/dev/usb_cam) at 640x480 via mmap (yuyv) at 30 FPS[0m
[31m[ERROR] [1766466214.595470309]: Cannot identify '/dev/usb_cam': 2, No such file or directory[0m
[0m[ INFO] [1766466214.593918524]: camera calibration URL: file:///home/ubuntu/.ros/camera_info/head_camera.yaml[0m
[0m[ INFO] [1766466214.595402031]: Starting 'camera' (/dev/usb_cam) at 640x480 via mmap (yuyv) at 30 FPS[0m
[31m[ERROR] [1766466220.039912594]: Cannot identify '/dev/usb_cam': 2, No such file or directory[0m
[0m[ INFO] [1766466220.038444421]: camera calibration URL: file:///home/ubuntu/.ros/camera_info/head_camera.yaml[0m
[0m[ INFO] [1766466220.039856261]: Starting 'camera' (/dev/usb_cam) at 640x480 via mmap (yuyv) at 30 FPS[0m
[31m[ERROR] [1766466225.493872961]: Cannot identify '/dev/usb_cam': 2, No such file or directory[0m
[0m[ INFO] [1766466225.492697141]: camera calibration URL: file:///home/ubuntu/.ros/camera_info/head_camera.yaml[0m
[0m[ INFO] [1766466225.493824757]: Starting 'camera' (/dev/usb_cam) at 640x480 via mmap (yuyv) at 30 FPS[0m
[31m[ERROR] [1766466230.947111773]: Cannot identify '/dev/usb_cam': 2, No such file or directory[0m
[0m[ INFO] [1766466230.945855100]: camera calibration URL: file:///home/ubuntu/.ros/camera_info/head_camera.yaml[0m
[0m[ INFO] [1766466230.947060717]: Starting 'camera' (/dev/usb_cam) at 640x480 via mmap (yuyv) at 30 FPS[0m
[31m[ERROR] [1766466236.395140001]: Cannot identify '/dev/usb_cam': 2, No such file or directory[0m
[0m[ INFO] [1766466236.393946365]: camera calibration URL: file:///home/ubuntu/.ros/camera_info/head_camera.yaml[0m
[0m[ INFO] [1766466236.395080778]: Starting 'camera' (/dev/usb_cam) at 640x480 via mmap (yuyv) at 30 FPS[0m
[31m[ERROR] [1766466241.854883937]: Cannot identify '/dev/usb_cam': 2, No such file or directory[0m
[0m[ INFO] [1766466241.853458078]: camera calibration URL: file:///home/ubuntu/.ros/camera_info/head_camera.yaml[0m
[0m[ INFO] [1766466241.854832418]: Starting 'camera' (/dev/usb_cam) at 640x480 via mmap (yuyv) at 30 FPS[0m
[31m[ERROR] [1766466247.280241902]: Cannot identify '/dev/usb_cam': 2, No such file or directory[0m
[0m[ INFO] [1766466247.279074878]: camera calibration URL: file:///home/ubuntu/.ros/camera_info/head_camera.yaml[0m
[0m[ INFO] [1766466247.280187847]: Starting 'camera' (/dev/usb_cam) at 640x480 via mmap (yuyv) at 30 FPS[0m
[31m[ERROR] [1766466252.719967682]: Cannot identify '/dev/usb_cam': 2, No such file or directory[0m
[0m[ INFO] [1766466252.718696324]: camera calibration URL: file:///home/ubuntu/.ros/camera_info/head_camera.yaml[0m
[0m[ INFO] [1766466252.719919700]: Starting 'camera' (/dev/usb_cam) at 640x480 via mmap (yuyv) at 30 FPS[0m
[31m[ERROR] [1766466258.176523948]: Cannot identify '/dev/usb_cam': 2, No such file or directory[0m
[0m[ INFO] [1766466258.175366164]: camera calibration URL: file:///home/ubuntu/.ros/camera_info/head_camera.yaml[0m
[0m[ INFO] [1766466258.176468003]: Starting 'camera' (/dev/usb_cam) at 640x480 via mmap (yuyv) at 30 FPS[0m
[31m[ERROR] [1766466263.603028771]: Cannot identify '/dev/usb_cam': 2, No such file or directory[0m
[0m[ INFO] [1766466263.601863266]: camera calibration URL: file:///home/ubuntu/.ros/camera_info/head_camera.yaml[0m
[0m[ INFO] [1766466263.602979660]: Starting 'camera' (/dev/usb_cam) at 640x480 via mmap (yuyv) at 30 FPS[0m
[31m[camera-2] process has died [pid 6187, exit code 1, cmd /opt/ros/noetic/lib/usb_cam/usb_cam_node __name:=camera __log:=/root/.ros/log/5b549096-dfbb-11f0-98df-2ccf676ee7bc/camera-2.log].
log file: /root/.ros/log/5b549096-dfbb-11f0-98df-2ccf676ee7bc/camera-2*.log[0m
[31m[camera-2] process has died [pid 6215, exit code 1, cmd /opt/ros/noetic/lib/usb_cam/usb_cam_node __name:=camera __log:=/root/.ros/log/5b549096-dfbb-11f0-98df-2ccf676ee7bc/camera-2.log].
log file: /root/.ros/log/5b549096-dfbb-11f0-98df-2ccf676ee7bc/camera-2*.log[0m
[31m[camera-2] process has died [pid 6237, exit code 1, cmd /opt/ros/noetic/lib/usb_cam/usb_cam_node __name:=camera __log:=/root/.ros/log/5b549096-dfbb-11f0-98df-2ccf676ee7bc/camera-2.log].
log file: /root/.ros/log/5b549096-dfbb-11f0-98df-2ccf676ee7bc/camera-2*.log[0m
[31m[camera-2] process has died [pid 6265, exit code 1, cmd /opt/ros/noetic/lib/usb_cam/usb_cam_node __name:=camera __log:=/root/.ros/log/5b549096-dfbb-11f0-98df-2ccf676ee7bc/camera-2.log].
log file: /root/.ros/log/5b549096-dfbb-11f0-98df-2ccf676ee7bc/camera-2*.log[0m
[31m[camera-2] process has died [pid 6293, exit code 1, cmd /opt/ros/noetic/lib/usb_cam/usb_cam_node __name:=camera __log:=/root/.ros/log/5b549096-dfbb-11f0-98df-2ccf676ee7bc/camera-2.log].
log file: /root/.ros/log/5b549096-dfbb-11f0-98df-2ccf676ee7bc/camera-2*.log[0m
[31m[camera-2] process has died [pid 6315, exit code 1, cmd /opt/ros/noetic/lib/usb_cam/usb_cam_node __name:=camera __log:=/root/.ros/log/5b549096-dfbb-11f0-98df-2ccf676ee7bc/camera-2.log].
log file: /root/.ros/log/5b549096-dfbb-11f0-98df-2ccf676ee7bc/camera-2*.log[0m
[31m[camera-2] process has died [pid 6343, exit code 1, cmd /opt/ros/noetic/lib/usb_cam/usb_cam_node __name:=camera __log:=/root/.ros/log/5b549096-dfbb-11f0-98df-2ccf676ee7bc/camera-2.log].
log file: /root/.ros/log/5b549096-dfbb-11f0-98df-2ccf676ee7bc/camera-2*.log[0m
[31m[camera-2] process has died [pid 6374, exit code 1, cmd /opt/ros/noetic/lib/usb_cam/usb_cam_node __name:=camera __log:=/root/.ros/log/5b549096-dfbb-11f0-98df-2ccf676ee7bc/camera-2.log].
log file: /root/.ros/log/5b549096-dfbb-11f0-98df-2ccf676ee7bc/camera-2*.log[0m
[31m[camera-2] process has died [pid 6397, exit code 1, cmd /opt/ros/noetic/lib/usb_cam/usb_cam_node __name:=camera __log:=/root/.ros/log/5b549096-dfbb-11f0-98df-2ccf676ee7bc/camera-2.log].
log file: /root/.ros/log/5b549096-dfbb-11f0-98df-2ccf676ee7bc/camera-2*.log[0m
[31m[camera-2] process has died [pid 6434, exit code 1, cmd /opt/ros/noetic/lib/usb_cam/usb_cam_node __name:=camera __log:=/root/.ros/log/5b549096-dfbb-11f0-98df-2ccf676ee7bc/camera-2.log].
log file: /root/.ros/log/5b549096-dfbb-11f0-98df-2ccf676ee7bc/camera-2*.log[0m
[31m[camera-2] process has died [pid 6469, exit code 1, cmd /opt/ros/noetic/lib/usb_cam/usb_cam_node __name:=camera __log:=/root/.ros/log/5b549096-dfbb-11f0-98df-2ccf676ee7bc/camera-2.log].
log file: /root/.ros/log/5b549096-dfbb-11f0-98df-2ccf676ee7bc/camera-2*.log[0m
[31m[camera-2] process has died [pid 6503, exit code 1, cmd /opt/ros/noetic/lib/usb_cam/usb_cam_node __name:=camera __log:=/root/.ros/log/5b549096-dfbb-11f0-98df-2ccf676ee7bc/camera-2.log].
log file: /root/.ros/log/5b549096-dfbb-11f0-98df-2ccf676ee7bc/camera-2*.log[0m
[31m[camera-2] process has died [pid 6531, exit code 1, cmd /opt/ros/noetic/lib/usb_cam/usb_cam_node __name:=camera __log:=/root/.ros/log/5b549096-dfbb-11f0-98df-2ccf676ee7bc/camera-2.log].
log file: /root/.ros/log/5b549096-dfbb-11f0-98df-2ccf676ee7bc/camera-2*.log[0m
[31m[camera-2] process has died [pid 6559, exit code 1, cmd /opt/ros/noetic/lib/usb_cam/usb_cam_node __name:=camera __log:=/root/.ros/log/5b549096-dfbb-11f0-98df-2ccf676ee7bc/camera-2.log].
log file: /root/.ros/log/5b549096-dfbb-11f0-98df-2ccf676ee7bc/camera-2*.log[0m
[31m[camera-2] process has died [pid 6585, exit code 1, cmd /opt/ros/noetic/lib/usb_cam/usb_cam_node __name:=camera __log:=/root/.ros/log/5b549096-dfbb-11f0-98df-2ccf676ee7bc/camera-2.log].
log file: /root/.ros/log/5b549096-dfbb-11f0-98df-2ccf676ee7bc/camera-2*.log[0m
[31m[camera-2] process has died [pid 6616, exit code 1, cmd /opt/ros/noetic/lib/usb_cam/usb_cam_node __name:=camera __log:=/root/.ros/log/5b549096-dfbb-11f0-98df-2ccf676ee7bc/camera-2.log].
log file: /root/.ros/log/5b549096-dfbb-11f0-98df-2ccf676ee7bc/camera-2*.log[0m
[31m[camera-2] process has died [pid 6644, exit code 1, cmd /opt/ros/noetic/lib/usb_cam/usb_cam_node __name:=camera __log:=/root/.ros/log/5b549096-dfbb-11f0-98df-2ccf676ee7bc/camera-2.log].
log file: /root/.ros/log/5b549096-dfbb-11f0-98df-2ccf676ee7bc/camera-2*.log[0m
[31m[camera-2] process has died [pid 6666, exit code 1, cmd /opt/ros/noetic/lib/usb_cam/usb_cam_node __name:=camera __log:=/root/.ros/log/5b549096-dfbb-11f0-98df-2ccf676ee7bc/camera-2.log].
log file: /root/.ros/log/5b549096-dfbb-11f0-98df-2ccf676ee7bc/camera-2*.log[0m
[31m[camera-2] process has died [pid 6694, exit code 1, cmd /opt/ros/noetic/lib/usb_cam/usb_cam_node __name:=camera __log:=/root/.ros/log/5b549096-dfbb-11f0-98df-2ccf676ee7bc/camera-2.log].
log file: /root/.ros/log/5b549096-dfbb-11f0-98df-2ccf676ee7bc/camera-2*.log[0m
[31m[camera-2] process has died [pid 6722, exit code 1, cmd /opt/ros/noetic/lib/usb_cam/usb_cam_node __name:=camera __log:=/root/.ros/log/5b549096-dfbb-11f0-98df-2ccf676ee7bc/camera-2.log].
log file: /root/.ros/log/5b549096-dfbb-11f0-98df-2ccf676ee7bc/camera-2*.log[0m
[31m[camera-2] process has died [pid 6746, exit code 1, cmd /opt/ros/noetic/lib/usb_cam/usb_cam_node __name:=camera __log:=/root/.ros/log/5b549096-dfbb-11f0-98df-2ccf676ee7bc/camera-2.log].
log file: /root/.ros/log/5b549096-dfbb-11f0-98df-2ccf676ee7bc/camera-2*.log[0m
[31m[camera-2] process has died [pid 6778, exit code 1, cmd /opt/ros/noetic/lib/usb_cam/usb_cam_node __name:=camera __log:=/root/.ros/log/5b549096-dfbb-11f0-98df-2ccf676ee7bc/camera-2.log].
log file: /root/.ros/log/5b549096-dfbb-11f0-98df-2ccf676ee7bc/camera-2*.log[0m
[31m[camera-2] process has died [pid 6807, exit code 1, cmd /opt/ros/noetic/lib/usb_cam/usb_cam_node __name:=camera __log:=/root/.ros/log/5b549096-dfbb-11f0-98df-2ccf676ee7bc/camera-2.log].
log file: /root/.ros/log/5b549096-dfbb-11f0-98df-2ccf676ee7bc/camera-2*.log[0m
[31m[camera-2] process has died [pid 6829, exit code 1, cmd /opt/ros/noetic/lib/usb_cam/usb_cam_node __name:=camera __log:=/root/.ros/log/5b549096-dfbb-11f0-98df-2ccf676ee7bc/camera-2.log].
log file: /root/.ros/log/5b549096-dfbb-11f0-98df-2ccf676ee7bc/camera-2*.log[0m
[31m[camera-2] process has died [pid 6857, exit code 1, cmd /opt/ros/noetic/lib/usb_cam/usb_cam_node __name:=camera __log:=/root/.ros/log/5b549096-dfbb-11f0-98df-2ccf676ee7bc/camera-2.log].
log file: /root/.ros/log/5b549096-dfbb-11f0-98df-2ccf676ee7bc/camera-2*.log[0m
[31m[camera-2] process has died [pid 6885, exit code 1, cmd /opt/ros/noetic/lib/usb_cam/usb_cam_node __name:=camera __log:=/root/.ros/log/5b549096-dfbb-11f0-98df-2ccf676ee7bc/camera-2.log].
log file: /root/.ros/log/5b549096-dfbb-11f0-98df-2ccf676ee7bc/camera-2*.log[0m
[31m[camera-2] process has died [pid 6907, exit code 1, cmd /opt/ros/noetic/lib/usb_cam/usb_cam_node __name:=camera __log:=/root/.ros/log/5b549096-dfbb-11f0-98df-2ccf676ee7bc/camera-2.log].
log file: /root/.ros/log/5b549096-dfbb-11f0-98df-2ccf676ee7bc/camera-2*.log[0m
[31m[camera-2] process has died [pid 6935, exit code 1, cmd /opt/ros/noetic/lib/usb_cam/usb_cam_node __name:=camera __log:=/root/.ros/log/5b549096-dfbb-11f0-98df-2ccf676ee7bc/camera-2.log].
log file: /root/.ros/log/5b549096-dfbb-11f0-98df-2ccf676ee7bc/camera-2*.log[0m
[31m[camera-2] process has died [pid 6963, exit code 1, cmd /opt/ros/noetic/lib/usb_cam/usb_cam_node __name:=camera __log:=/root/.ros/log/5b549096-dfbb-11f0-98df-2ccf676ee7bc/camera-2.log].
log file: /root/.ros/log/5b549096-dfbb-11f0-98df-2ccf676ee7bc/camera-2*.log[0m
[31m[camera-2] process has died [pid 6985, exit code 1, cmd /opt/ros/noetic/lib/usb_cam/usb_cam_node __name:=camera __log:=/root/.ros/log/5b549096-dfbb-11f0-98df-2ccf676ee7bc/camera-2.log].
log file: /root/.ros/log/5b549096-dfbb-11f0-98df-2ccf676ee7bc/camera-2*.log[0m
[31m[ERROR] [1766466269.057077490]: Cannot identify '/dev/usb_cam': 2, No such file or directory[0m
[0m[ INFO] [1766466269.055810520]: camera calibration URL: file:///home/ubuntu/.ros/camera_info/head_camera.yaml[0m
[0m[ INFO] [1766466269.057026304]: Starting 'camera' (/dev/usb_cam) at 640x480 via mmap (yuyv) at 30 FPS[0m
[31m[ERROR] [1766466274.587975409]: Cannot identify '/dev/usb_cam': 2, No such file or directory[0m
[0m[ INFO] [1766466274.585918250]: camera calibration URL: file:///home/ubuntu/.ros/camera_info/head_camera.yaml[0m
[0m[ INFO] [1766466274.587906964]: Starting 'camera' (/dev/usb_cam) at 640x480 via mmap (yuyv) at 30 FPS[0m
[31m[ERROR] [1766466279.951249578]: Cannot identify '/dev/usb_cam': 2, No such file or directory[0m
[0m[ INFO] [1766466279.949514051]: camera calibration URL: file:///home/ubuntu/.ros/camera_info/head_camera.yaml[0m
[0m[ INFO] [1766466279.951191022]: Starting 'camera' (/dev/usb_cam) at 640x480 via mmap (yuyv) at 30 FPS[0m
[31m[ERROR] [1766466285.385888274]: Cannot identify '/dev/usb_cam': 2, No such file or directory[0m
[0m[ INFO] [1766466285.384612860]: camera calibration URL: file:///home/ubuntu/.ros/camera_info/head_camera.yaml[0m
[0m[ INFO] [1766466285.385826922]: Starting 'camera' (/dev/usb_cam) at 640x480 via mmap (yuyv) at 30 FPS[0m
[31m[ERROR] [1766466290.848021544]: Cannot identify '/dev/usb_cam': 2, No such file or directory[0m
[0m[ INFO] [1766466290.846875168]: camera calibration URL: file:///home/ubuntu/.ros/camera_info/head_camera.yaml[0m
[0m[ INFO] [1766466290.847973359]: Starting 'camera' (/dev/usb_cam) at 640x480 via mmap (yuyv) at 30 FPS[0m
[31m[ERROR] [1766466296.278346426]: Cannot identify '/dev/usb_cam': 2, No such file or directory[0m
[0m[ INFO] [1766466296.277118067]: camera calibration URL: file:///home/ubuntu/.ros/camera_info/head_camera.yaml[0m
[0m[ INFO] [1766466296.278292944]: Starting 'camera' (/dev/usb_cam) at 640x480 via mmap (yuyv) at 30 FPS[0m
[31m[ERROR] [1766466301.744946916]: Cannot identify '/dev/usb_cam': 2, No such file or directory[0m
[0m[ INFO] [1766466301.743670687]: camera calibration URL: file:///home/ubuntu/.ros/camera_info/head_camera.yaml[0m
[0m[ INFO] [1766466301.744891138]: Starting 'camera' (/dev/usb_cam) at 640x480 via mmap (yuyv) at 30 FPS[0m
[31m[ERROR] [1766466307.168675890]: Cannot identify '/dev/usb_cam': 2, No such file or directory[0m
[0m[ INFO] [1766466307.167529013]: camera calibration URL: file:///home/ubuntu/.ros/camera_info/head_camera.yaml[0m
[0m[ INFO] [1766466307.168629038]: Starting 'camera' (/dev/usb_cam) at 640x480 via mmap (yuyv) at 30 FPS[0m
[31m[ERROR] [1766466312.601129187]: Cannot identify '/dev/usb_cam': 2, No such file or directory[0m
[0m[ INFO] [1766466312.599969977]: camera calibration URL: file:///home/ubuntu/.ros/camera_info/head_camera.yaml[0m
[0m[ INFO] [1766466312.601082557]: Starting 'camera' (/dev/usb_cam) at 640x480 via mmap (yuyv) at 30 FPS[0m
[31m[ERROR] [1766466318.048067573]: Cannot identify '/dev/usb_cam': 2, No such file or directory[0m
[0m[ INFO] [1766466318.046782492]: camera calibration URL: file:///home/ubuntu/.ros/camera_info/head_camera.yaml[0m
[0m[ INFO] [1766466318.048015369]: Starting 'camera' (/dev/usb_cam) at 640x480 via mmap (yuyv) at 30 FPS[0m
[31m[ERROR] [1766466323.488053394]: Cannot identify '/dev/usb_cam': 2, No such file or directory[0m
[0m[ INFO] [1766466323.486817294]: camera calibration URL: file:///home/ubuntu/.ros/camera_info/head_camera.yaml[0m
[0m[ INFO] [1766466323.487995653]: Starting 'camera' (/dev/usb_cam) at 640x480 via mmap (yuyv) at 30 FPS[0m
[31m[ERROR] [1766466328.919054890]: Cannot identify '/dev/usb_cam': 2, No such file or directory[0m
[0m[ INFO] [1766466328.917809032]: camera calibration URL: file:///home/ubuntu/.ros/camera_info/head_camera.yaml[0m
[0m[ INFO] [1766466328.919002945]: Starting 'camera' (/dev/usb_cam) at 640x480 via mmap (yuyv) at 30 FPS[0m
[31m[ERROR] [1766466334.271206347]: Cannot identify '/dev/usb_cam': 2, No such file or directory[0m
[0m[ INFO] [1766466334.269718525]: camera calibration URL: file:///home/ubuntu/.ros/camera_info/head_camera.yaml[0m
[0m[ INFO] [1766466334.271154755]: Starting 'camera' (/dev/usb_cam) at 640x480 via mmap (yuyv) at 30 FPS[0m
[31m[ERROR] [1766466339.707440584]: Cannot identify '/dev/usb_cam': 2, No such file or directory[0m
[0m[ INFO] [1766466339.706163058]: camera calibration URL: file:///home/ubuntu/.ros/camera_info/head_camera.yaml[0m
[0m[ INFO] [1766466339.707384954]: Starting 'camera' (/dev/usb_cam) at 640x480 via mmap (yuyv) at 30 FPS[0m
[31m[ERROR] [1766466345.157130160]: Cannot identify '/dev/usb_cam': 2, No such file or directory[0m
[0m[ INFO] [1766466345.155815171]: camera calibration URL: file:///home/ubuntu/.ros/camera_info/head_camera.yaml[0m
[0m[ INFO] [1766466345.157078937]: Starting 'camera' (/dev/usb_cam) at 640x480 via mmap (yuyv) at 30 FPS[0m
[31m[ERROR] [1766466350.590966024]: Cannot identify '/dev/usb_cam': 2, No such file or directory[0m
[0m[ INFO] [1766466350.589808703]: camera calibration URL: file:///home/ubuntu/.ros/camera_info/head_camera.yaml[0m
[0m[ INFO] [1766466350.590915153]: Starting 'camera' (/dev/usb_cam) at 640x480 via mmap (yuyv) at 30 FPS[0m
[31m[ERROR] [1766466356.052484983]: Cannot identify '/dev/usb_cam': 2, No such file or directory[0m
[0m[ INFO] [1766466356.050541472]: camera calibration URL: file:///home/ubuntu/.ros/camera_info/head_camera.yaml[0m
[0m[ INFO] [1766466356.052429853]: Starting 'camera' (/dev/usb_cam) at 640x480 via mmap (yuyv) at 30 FPS[0m
[31m[ERROR] [1766466361.481159925]: Cannot identify '/dev/usb_cam': 2, No such file or directory[0m
[0m[ INFO] [1766466361.479986789]: camera calibration URL: file:///home/ubuntu/.ros/camera_info/head_camera.yaml[0m
[0m[ INFO] [1766466361.481109406]: Starting 'camera' (/dev/usb_cam) at 640x480 via mmap (yuyv) at 30 FPS[0m
[31m[ERROR] [1766466366.913314432]: Cannot identify '/dev/usb_cam': 2, No such file or directory[0m
[0m[ INFO] [1766466366.912087018]: camera calibration URL: file:///home/ubuntu/.ros/camera_info/head_camera.yaml[0m
[0m[ INFO] [1766466366.913265784]: Starting 'camera' (/dev/usb_cam) at 640x480 via mmap (yuyv) at 30 FPS[0m
[31m[ERROR] [1766466372.344313922]: Cannot identify '/dev/usb_cam': 2, No such file or directory[0m
[0m[ INFO] [1766466372.343155527]: camera calibration URL: file:///home/ubuntu/.ros/camera_info/head_camera.yaml[0m
[0m[ INFO] [1766466372.344264440]: Starting 'camera' (/dev/usb_cam) at 640x480 via mmap (yuyv) at 30 FPS[0m
[31m[ERROR] [1766466377.803427626]: Cannot identify '/dev/usb_cam': 2, No such file or directory[0m
[0m[ INFO] [1766466377.802251027]: camera calibration URL: file:///home/ubuntu/.ros/camera_info/head_camera.yaml[0m
[0m[ INFO] [1766466377.803378422]: Starting 'camera' (/dev/usb_cam) at 640x480 via mmap (yuyv) at 30 FPS[0m
[31m[ERROR] [1766466383.221477140]: Cannot identify '/dev/usb_cam': 2, No such file or directory[0m
[0m[ INFO] [1766466383.220136743]: camera calibration URL: file:///home/ubuntu/.ros/camera_info/head_camera.yaml[0m
[0m[ INFO] [1766466383.221423251]: Starting 'camera' (/dev/usb_cam) at 640x480 via mmap (yuyv) at 30 FPS[0m
[31m[ERROR] [1766466388.781419809]: Cannot identify '/dev/usb_cam': 2, No such file or directory[0m
[0m[ INFO] [1766466388.779563651]: camera calibration URL: file:///home/ubuntu/.ros/camera_info/head_camera.yaml[0m
[0m[ INFO] [1766466388.781346290]: Starting 'camera' (/dev/usb_cam) at 640x480 via mmap (yuyv) at 30 FPS[0m
[31m[ERROR] [1766466394.140876433]: Cannot identify '/dev/usb_cam': 2, No such file or directory[0m
[0m[ INFO] [1766466394.139650463]: camera calibration URL: file:///home/ubuntu/.ros/camera_info/head_camera.yaml[0m
[0m[ INFO] [1766466394.140824951]: Starting 'camera' (/dev/usb_cam) at 640x480 via mmap (yuyv) at 30 FPS[0m
[31m[ERROR] [1766466399.514768590]: Cannot identify '/dev/usb_cam': 2, No such file or directory[0m
[0m[ INFO] [1766466399.513530027]: camera calibration URL: file:///home/ubuntu/.ros/camera_info/head_camera.yaml[0m
[0m[ INFO] [1766466399.514718682]: Starting 'camera' (/dev/usb_cam) at 640x480 via mmap (yuyv) at 30 FPS[0m
[31m[ERROR] [1766466404.963484078]: Cannot identify '/dev/usb_cam': 2, No such file or directory[0m
[0m[ INFO] [1766466404.962312627]: camera calibration URL: file:///home/ubuntu/.ros/camera_info/head_camera.yaml[0m
[0m[ INFO] [1766466404.963433207]: Starting 'camera' (/dev/usb_cam) at 640x480 via mmap (yuyv) at 30 FPS[0m
[31m[ERROR] [1766466410.391084786]: Cannot identify '/dev/usb_cam': 2, No such file or directory[0m
[0m[ INFO] [1766466410.389786594]: camera calibration URL: file:///home/ubuntu/.ros/camera_info/head_camera.yaml[0m
[0m[ INFO] [1766466410.391031879]: Starting 'camera' (/dev/usb_cam) at 640x480 via mmap (yuyv) at 30 FPS[0m
[31m[ERROR] [1766466415.840815879]: Cannot identify '/dev/usb_cam': 2, No such file or directory[0m
[0m[ INFO] [1766466415.839603687]: camera calibration URL: file:///home/ubuntu/.ros/camera_info/head_camera.yaml[0m
[0m[ INFO] [1766466415.840765379]: Starting 'camera' (/dev/usb_cam) at 640x480 via mmap (yuyv) at 30 FPS[0m
[31m[ERROR] [1766466421.286574320]: Cannot identify '/dev/usb_cam': 2, No such file or directory[0m
[0m[ INFO] [1766466421.285142720]: camera calibration URL: file:///home/ubuntu/.ros/camera_info/head_camera.yaml[0m
[0m[ INFO] [1766466421.286516931]: Starting 'camera' (/dev/usb_cam) at 640x480 via mmap (yuyv) at 30 FPS[0m
[31m[ERROR] [1766466426.624227668]: Cannot identify '/dev/usb_cam': 2, No such file or directory[0m
[0m[ INFO] [1766466426.623069440]: camera calibration URL: file:///home/ubuntu/.ros/camera_info/head_camera.yaml[0m
[0m[ INFO] [1766466426.624176946]: Starting 'camera' (/dev/usb_cam) at 640x480 via mmap (yuyv) at 30 FPS[0m
[31m[camera-2] process has died [pid 7013, exit code 1, cmd /opt/ros/noetic/lib/usb_cam/usb_cam_node __name:=camera __log:=/root/.ros/log/5b549096-dfbb-11f0-98df-2ccf676ee7bc/camera-2.log].
log file: /root/.ros/log/5b549096-dfbb-11f0-98df-2ccf676ee7bc/camera-2*.log[0m
[31m[camera-2] process has died [pid 7041, exit code 1, cmd /opt/ros/noetic/lib/usb_cam/usb_cam_node __name:=camera __log:=/root/.ros/log/5b549096-dfbb-11f0-98df-2ccf676ee7bc/camera-2.log].
log file: /root/.ros/log/5b549096-dfbb-11f0-98df-2ccf676ee7bc/camera-2*.log[0m
[31m[camera-2] process has died [pid 7063, exit code 1, cmd /opt/ros/noetic/lib/usb_cam/usb_cam_node __name:=camera __log:=/root/.ros/log/5b549096-dfbb-11f0-98df-2ccf676ee7bc/camera-2.log].
log file: /root/.ros/log/5b549096-dfbb-11f0-98df-2ccf676ee7bc/camera-2*.log[0m
[31m[camera-2] process has died [pid 7091, exit code 1, cmd /opt/ros/noetic/lib/usb_cam/usb_cam_node __name:=camera __log:=/root/.ros/log/5b549096-dfbb-11f0-98df-2ccf676ee7bc/camera-2.log].
log file: /root/.ros/log/5b549096-dfbb-11f0-98df-2ccf676ee7bc/camera-2*.log[0m
[31m[camera-2] process has died [pid 7121, exit code 1, cmd /opt/ros/noetic/lib/usb_cam/usb_cam_node __name:=camera __log:=/root/.ros/log/5b549096-dfbb-11f0-98df-2ccf676ee7bc/camera-2.log].
log file: /root/.ros/log/5b549096-dfbb-11f0-98df-2ccf676ee7bc/camera-2*.log[0m
[31m[camera-2] process has died [pid 7143, exit code 1, cmd /opt/ros/noetic/lib/usb_cam/usb_cam_node __name:=camera __log:=/root/.ros/log/5b549096-dfbb-11f0-98df-2ccf676ee7bc/camera-2.log].
log file: /root/.ros/log/5b549096-dfbb-11f0-98df-2ccf676ee7bc/camera-2*.log[0m
[31m[camera-2] process has died [pid 7171, exit code 1, cmd /opt/ros/noetic/lib/usb_cam/usb_cam_node __name:=camera __log:=/root/.ros/log/5b549096-dfbb-11f0-98df-2ccf676ee7bc/camera-2.log].
log file: /root/.ros/log/5b549096-dfbb-11f0-98df-2ccf676ee7bc/camera-2*.log[0m
[31m[camera-2] process has died [pid 7199, exit code 1, cmd /opt/ros/noetic/lib/usb_cam/usb_cam_node __name:=camera __log:=/root/.ros/log/5b549096-dfbb-11f0-98df-2ccf676ee7bc/camera-2.log].
log file: /root/.ros/log/5b549096-dfbb-11f0-98df-2ccf676ee7bc/camera-2*.log[0m
[31m[camera-2] process has died [pid 7221, exit code 1, cmd /opt/ros/noetic/lib/usb_cam/usb_cam_node __name:=camera __log:=/root/.ros/log/5b549096-dfbb-11f0-98df-2ccf676ee7bc/camera-2.log].
log file: /root/.ros/log/5b549096-dfbb-11f0-98df-2ccf676ee7bc/camera-2*.log[0m
[31m[camera-2] process has died [pid 7249, exit code 1, cmd /opt/ros/noetic/lib/usb_cam/usb_cam_node __name:=camera __log:=/root/.ros/log/5b549096-dfbb-11f0-98df-2ccf676ee7bc/camera-2.log].
log file: /root/.ros/log/5b549096-dfbb-11f0-98df-2ccf676ee7bc/camera-2*.log[0m
[31m[camera-2] process has died [pid 7277, exit code 1, cmd /opt/ros/noetic/lib/usb_cam/usb_cam_node __name:=camera __log:=/root/.ros/log/5b549096-dfbb-11f0-98df-2ccf676ee7bc/camera-2.log].
log file: /root/.ros/log/5b549096-dfbb-11f0-98df-2ccf676ee7bc/camera-2*.log[0m
[31m[camera-2] process has died [pid 7299, exit code 1, cmd /opt/ros/noetic/lib/usb_cam/usb_cam_node __name:=camera __log:=/root/.ros/log/5b549096-dfbb-11f0-98df-2ccf676ee7bc/camera-2.log].
log file: /root/.ros/log/5b549096-dfbb-11f0-98df-2ccf676ee7bc/camera-2*.log[0m
[31m[camera-2] process has died [pid 7327, exit code 1, cmd /opt/ros/noetic/lib/usb_cam/usb_cam_node __name:=camera __log:=/root/.ros/log/5b549096-dfbb-11f0-98df-2ccf676ee7bc/camera-2.log].
log file: /root/.ros/log/5b549096-dfbb-11f0-98df-2ccf676ee7bc/camera-2*.log[0m
[31m[camera-2] process has died [pid 7355, exit code 1, cmd /opt/ros/noetic/lib/usb_cam/usb_cam_node __name:=camera __log:=/root/.ros/log/5b549096-dfbb-11f0-98df-2ccf676ee7bc/camera-2.log].
log file: /root/.ros/log/5b549096-dfbb-11f0-98df-2ccf676ee7bc/camera-2*.log[0m
[31m[camera-2] process has died [pid 7383, exit code 1, cmd /opt/ros/noetic/lib/usb_cam/usb_cam_node __name:=camera __log:=/root/.ros/log/5b549096-dfbb-11f0-98df-2ccf676ee7bc/camera-2.log].
log file: /root/.ros/log/5b549096-dfbb-11f0-98df-2ccf676ee7bc/camera-2*.log[0m
[31m[camera-2] process has died [pid 7421, exit code 1, cmd /opt/ros/noetic/lib/usb_cam/usb_cam_node __name:=camera __log:=/root/.ros/log/5b549096-dfbb-11f0-98df-2ccf676ee7bc/camera-2.log].
log file: /root/.ros/log/5b549096-dfbb-11f0-98df-2ccf676ee7bc/camera-2*.log[0m
[31m[camera-2] process has died [pid 7449, exit code 1, cmd /opt/ros/noetic/lib/usb_cam/usb_cam_node __name:=camera __log:=/root/.ros/log/5b549096-dfbb-11f0-98df-2ccf676ee7bc/camera-2.log].
log file: /root/.ros/log/5b549096-dfbb-11f0-98df-2ccf676ee7bc/camera-2*.log[0m
[31m[camera-2] process has died [pid 7471, exit code 1, cmd /opt/ros/noetic/lib/usb_cam/usb_cam_node __name:=camera __log:=/root/.ros/log/5b549096-dfbb-11f0-98df-2ccf676ee7bc/camera-2.log].
log file: /root/.ros/log/5b549096-dfbb-11f0-98df-2ccf676ee7bc/camera-2*.log[0m
[31m[camera-2] process has died [pid 7503, exit code 1, cmd /opt/ros/noetic/lib/usb_cam/usb_cam_node __name:=camera __log:=/root/.ros/log/5b549096-dfbb-11f0-98df-2ccf676ee7bc/camera-2.log].
log file: /root/.ros/log/5b549096-dfbb-11f0-98df-2ccf676ee7bc/camera-2*.log[0m
[31m[camera-2] process has died [pid 7531, exit code 1, cmd /opt/ros/noetic/lib/usb_cam/usb_cam_node __name:=camera __log:=/root/.ros/log/5b549096-dfbb-11f0-98df-2ccf676ee7bc/camera-2.log].
log file: /root/.ros/log/5b549096-dfbb-11f0-98df-2ccf676ee7bc/camera-2*.log[0m
[31m[camera-2] process has died [pid 7553, exit code 1, cmd /opt/ros/noetic/lib/usb_cam/usb_cam_node __name:=camera __log:=/root/.ros/log/5b549096-dfbb-11f0-98df-2ccf676ee7bc/camera-2.log].
log file: /root/.ros/log/5b549096-dfbb-11f0-98df-2ccf676ee7bc/camera-2*.log[0m
[31m[camera-2] process has died [pid 7581, exit code 1, cmd /opt/ros/noetic/lib/usb_cam/usb_cam_node __name:=camera __log:=/root/.ros/log/5b549096-dfbb-11f0-98df-2ccf676ee7bc/camera-2.log].
log file: /root/.ros/log/5b549096-dfbb-11f0-98df-2ccf676ee7bc/camera-2*.log[0m
[31m[camera-2] process has died [pid 7609, exit code 1, cmd /opt/ros/noetic/lib/usb_cam/usb_cam_node __name:=camera __log:=/root/.ros/log/5b549096-dfbb-11f0-98df-2ccf676ee7bc/camera-2.log].
log file: /root/.ros/log/5b549096-dfbb-11f0-98df-2ccf676ee7bc/camera-2*.log[0m
[31m[camera-2] process has died [pid 7631, exit code 1, cmd /opt/ros/noetic/lib/usb_cam/usb_cam_node __name:=camera __log:=/root/.ros/log/5b549096-dfbb-11f0-98df-2ccf676ee7bc/camera-2.log].
log file: /root/.ros/log/5b549096-dfbb-11f0-98df-2ccf676ee7bc/camera-2*.log[0m
[31m[camera-2] process has died [pid 7661, exit code 1, cmd /opt/ros/noetic/lib/usb_cam/usb_cam_node __name:=camera __log:=/root/.ros/log/5b549096-dfbb-11f0-98df-2ccf676ee7bc/camera-2.log].
log file: /root/.ros/log/5b549096-dfbb-11f0-98df-2ccf676ee7bc/camera-2*.log[0m
[31m[camera-2] process has died [pid 7689, exit code 1, cmd /opt/ros/noetic/lib/usb_cam/usb_cam_node __name:=camera __log:=/root/.ros/log/5b549096-dfbb-11f0-98df-2ccf676ee7bc/camera-2.log].
log file: /root/.ros/log/5b549096-dfbb-11f0-98df-2ccf676ee7bc/camera-2*.log[0m
[31m[camera-2] process has died [pid 7711, exit code 1, cmd /opt/ros/noetic/lib/usb_cam/usb_cam_node __name:=camera __log:=/root/.ros/log/5b549096-dfbb-11f0-98df-2ccf676ee7bc/camera-2.log].
log file: /root/.ros/log/5b549096-dfbb-11f0-98df-2ccf676ee7bc/camera-2*.log[0m
[31m[camera-2] process has died [pid 7739, exit code 1, cmd /opt/ros/noetic/lib/usb_cam/usb_cam_node __name:=camera __log:=/root/.ros/log/5b549096-dfbb-11f0-98df-2ccf676ee7bc/camera-2.log].
log file: /root/.ros/log/5b549096-dfbb-11f0-98df-2ccf676ee7bc/camera-2*.log[0m
[31m[camera-2] process has died [pid 7878, exit code 1, cmd /opt/ros/noetic/lib/usb_cam/usb_cam_node __name:=camera __log:=/root/.ros/log/5b549096-dfbb-11f0-98df-2ccf676ee7bc/camera-2.log].
log file: /root/.ros/log/5b549096-dfbb-11f0-98df-2ccf676ee7bc/camera-2*.log[0m
[31m[camera-2] process has died [pid 8100, exit code 1, cmd /opt/ros/noetic/lib/usb_cam/usb_cam_node __name:=camera __log:=/root/.ros/log/5b549096-dfbb-11f0-98df-2ccf676ee7bc/camera-2.log].
log file: /root/.ros/log/5b549096-dfbb-11f0-98df-2ccf676ee7bc/camera-2*.log[0m
[31m[ERROR] [1766466432.067453494]: Cannot identify '/dev/usb_cam': 2, No such file or directory[0m
[0m[ INFO] [1766466432.066283006]: camera calibration URL: file:///home/ubuntu/.ros/camera_info/head_camera.yaml[0m
[0m[ INFO] [1766466432.067394031]: Starting 'camera' (/dev/usb_cam) at 640x480 via mmap (yuyv) at 30 FPS[0m
[31m[ERROR] [1766466437.506386937]: Cannot identify '/dev/usb_cam': 2, No such file or directory[0m
[0m[ INFO] [1766466437.505112559]: camera calibration URL: file:///home/ubuntu/.ros/camera_info/head_camera.yaml[0m
[0m[ INFO] [1766466437.506329103]: Starting 'camera' (/dev/usb_cam) at 640x480 via mmap (yuyv) at 30 FPS[0m
[31m[ERROR] [1766466442.972583117]: Cannot identify '/dev/usb_cam': 2, No such file or directory[0m
[0m[ INFO] [1766466442.971166257]: camera calibration URL: file:///home/ubuntu/.ros/camera_info/head_camera.yaml[0m
[0m[ INFO] [1766466442.972523468]: Starting 'camera' (/dev/usb_cam) at 640x480 via mmap (yuyv) at 30 FPS[0m
[31m[ERROR] [1766466448.404853835]: Cannot identify '/dev/usb_cam': 2, No such file or directory[0m
[0m[ INFO] [1766466448.403579236]: camera calibration URL: file:///home/ubuntu/.ros/camera_info/head_camera.yaml[0m
[0m[ INFO] [1766466448.404800261]: Starting 'camera' (/dev/usb_cam) at 640x480 via mmap (yuyv) at 30 FPS[0m
[31m[ERROR] [1766466453.804083835]: Cannot identify '/dev/usb_cam': 2, No such file or directory[0m
[0m[ INFO] [1766466453.802870569]: camera calibration URL: file:///home/ubuntu/.ros/camera_info/head_camera.yaml[0m
[0m[ INFO] [1766466453.804034279]: Starting 'camera' (/dev/usb_cam) at 640x480 via mmap (yuyv) at 30 FPS[0m
[31m[ERROR] [1766466459.255562968]: Cannot identify '/dev/usb_cam': 2, No such file or directory[0m
[0m[ INFO] [1766466459.254264905]: camera calibration URL: file:///home/ubuntu/.ros/camera_info/head_camera.yaml[0m
[0m[ INFO] [1766466459.255501115]: Starting 'camera' (/dev/usb_cam) at 640x480 via mmap (yuyv) at 30 FPS[0m
[31m[ERROR] [1766466464.704021049]: Cannot identify '/dev/usb_cam': 2, No such file or directory[0m
[0m[ INFO] [1766466464.702847912]: camera calibration URL: file:///home/ubuntu/.ros/camera_info/head_camera.yaml[0m
[0m[ INFO] [1766466464.703969678]: Starting 'camera' (/dev/usb_cam) at 640x480 via mmap (yuyv) at 30 FPS[0m
[31m[ERROR] [1766466470.136731800]: Cannot identify '/dev/usb_cam': 2, No such file or directory[0m
[0m[ INFO] [1766466470.135277199]: camera calibration URL: file:///home/ubuntu/.ros/camera_info/head_camera.yaml[0m
[0m[ INFO] [1766466470.136667485]: Starting 'camera' (/dev/usb_cam) at 640x480 via mmap (yuyv) at 30 FPS[0m
[31m[ERROR] [1766466475.569764515]: Cannot identify '/dev/usb_cam': 2, No such file or directory[0m
[0m[ INFO] [1766466475.568594545]: camera calibration URL: file:///home/ubuntu/.ros/camera_info/head_camera.yaml[0m
[0m[ INFO] [1766466475.569712866]: Starting 'camera' (/dev/usb_cam) at 640x480 via mmap (yuyv) at 30 FPS[0m
[31m[ERROR] [1766466481.034919429]: Cannot identify '/dev/usb_cam': 2, No such file or directory[0m
[0m[ INFO] [1766466481.033260753]: camera calibration URL: file:///home/ubuntu/.ros/camera_info/head_camera.yaml[0m
[0m[ INFO] [1766466481.034866855]: Starting 'camera' (/dev/usb_cam) at 640x480 via mmap (yuyv) at 30 FPS[0m
[31m[ERROR] [1766466486.472233588]: Cannot identify '/dev/usb_cam': 2, No such file or directory[0m
[0m[ INFO] [1766466486.471088822]: camera calibration URL: file:///home/ubuntu/.ros/camera_info/head_camera.yaml[0m
[0m[ INFO] [1766466486.472182588]: Starting 'camera' (/dev/usb_cam) at 640x480 via mmap (yuyv) at 30 FPS[0m
[31m[ERROR] [1766466491.908358401]: Cannot identify '/dev/usb_cam': 2, No such file or directory[0m
[0m[ INFO] [1766466491.907177098]: camera calibration URL: file:///home/ubuntu/.ros/camera_info/head_camera.yaml[0m
[0m[ INFO] [1766466491.908304586]: Starting 'camera' (/dev/usb_cam) at 640x480 via mmap (yuyv) at 30 FPS[0m
[31m[ERROR] [1766466497.370991545]: Cannot identify '/dev/usb_cam': 2, No such file or directory[0m
[0m[ INFO] [1766466497.369820353]: camera calibration URL: file:///home/ubuntu/.ros/camera_info/head_camera.yaml[0m
[0m[ INFO] [1766466497.370936248]: Starting 'camera' (/dev/usb_cam) at 640x480 via mmap (yuyv) at 30 FPS[0m
[31m[ERROR] [1766466502.785619038]: Cannot identify '/dev/usb_cam': 2, No such file or directory[0m
[0m[ INFO] [1766466502.784300569]: camera calibration URL: file:///home/ubuntu/.ros/camera_info/head_camera.yaml[0m
[0m[ INFO] [1766466502.785552889]: Starting 'camera' (/dev/usb_cam) at 640x480 via mmap (yuyv) at 30 FPS[0m
[31m[ERROR] [1766466508.222517547]: Cannot identify '/dev/usb_cam': 2, No such file or directory[0m
[0m[ INFO] [1766466508.221364709]: camera calibration URL: file:///home/ubuntu/.ros/camera_info/head_camera.yaml[0m
[0m[ INFO] [1766466508.222464084]: Starting 'camera' (/dev/usb_cam) at 640x480 via mmap (yuyv) at 30 FPS[0m
[31m[ERROR] [1766466513.701610244]: Cannot identify '/dev/usb_cam': 2, No such file or directory[0m
[0m[ INFO] [1766466513.700315775]: camera calibration URL: file:///home/ubuntu/.ros/camera_info/head_camera.yaml[0m
[0m[ INFO] [1766466513.701553373]: Starting 'camera' (/dev/usb_cam) at 640x480 via mmap (yuyv) at 30 FPS[0m
[31m[ERROR] [1766466519.114404786]: Cannot identify '/dev/usb_cam': 2, No such file or directory[0m
[0m[ INFO] [1766466519.112899594]: camera calibration URL: file:///home/ubuntu/.ros/camera_info/head_camera.yaml[0m
[0m[ INFO] [1766466519.114352675]: Starting 'camera' (/dev/usb_cam) at 640x480 via mmap (yuyv) at 30 FPS[0m
[31m[ERROR] [1766466524.565040491]: Cannot identify '/dev/usb_cam': 2, No such file or directory[0m
[0m[ INFO] [1766466524.563866838]: camera calibration URL: file:///home/ubuntu/.ros/camera_info/head_camera.yaml[0m
[0m[ INFO] [1766466524.564991009]: Starting 'camera' (/dev/usb_cam) at 640x480 via mmap (yuyv) at 30 FPS[0m
[31m[ERROR] [1766466530.003449812]: Cannot identify '/dev/usb_cam': 2, No such file or directory[0m
[0m[ INFO] [1766466530.002212326]: camera calibration URL: file:///home/ubuntu/.ros/camera_info/head_camera.yaml[0m
[0m[ INFO] [1766466530.003397331]: Starting 'camera' (/dev/usb_cam) at 640x480 via mmap (yuyv) at 30 FPS[0m
[31m[ERROR] [1766466535.445203369]: Cannot identify '/dev/usb_cam': 2, No such file or directory[0m
[0m[ INFO] [1766466535.443959030]: camera calibration URL: file:///home/ubuntu/.ros/camera_info/head_camera.yaml[0m
[0m[ INFO] [1766466535.445152424]: Starting 'camera' (/dev/usb_cam) at 640x480 via mmap (yuyv) at 30 FPS[0m
[31m[ERROR] [1766466540.893753782]: Cannot identify '/dev/usb_cam': 2, No such file or directory[0m
[0m[ INFO] [1766466540.892521906]: camera calibration URL: file:///home/ubuntu/.ros/camera_info/head_camera.yaml[0m
[0m[ INFO] [1766466540.893703893]: Starting 'camera' (/dev/usb_cam) at 640x480 via mmap (yuyv) at 30 FPS[0m
[31m[ERROR] [1766466546.330476988]: Cannot identify '/dev/usb_cam': 2, No such file or directory[0m
[0m[ INFO] [1766466546.329308760]: camera calibration URL: file:///home/ubuntu/.ros/camera_info/head_camera.yaml[0m
[0m[ INFO] [1766466546.330430487]: Starting 'camera' (/dev/usb_cam) at 640x480 via mmap (yuyv) at 30 FPS[0m
[31m[ERROR] [1766466551.774746991]: Cannot identify '/dev/usb_cam': 2, No such file or directory[0m
[0m[ INFO] [1766466551.773579393]: camera calibration URL: file:///home/ubuntu/.ros/camera_info/head_camera.yaml[0m
[0m[ INFO] [1766466551.774695731]: Starting 'camera' (/dev/usb_cam) at 640x480 via mmap (yuyv) at 30 FPS[0m
[31m[ERROR] [1766466557.210543998]: Cannot identify '/dev/usb_cam': 2, No such file or directory[0m
[0m[ INFO] [1766466557.209284529]: camera calibration URL: file:///home/ubuntu/.ros/camera_info/head_camera.yaml[0m
[0m[ INFO] [1766466557.210493720]: Starting 'camera' (/dev/usb_cam) at 640x480 via mmap (yuyv) at 30 FPS[0m
[31m[ERROR] [1766466562.663735062]: Cannot identify '/dev/usb_cam': 2, No such file or directory[0m
[0m[ INFO] [1766466562.662559224]: camera calibration URL: file:///home/ubuntu/.ros/camera_info/head_camera.yaml[0m
[0m[ INFO] [1766466562.663683562]: Starting 'camera' (/dev/usb_cam) at 640x480 via mmap (yuyv) at 30 FPS[0m
[31m[ERROR] [1766466568.108593142]: Cannot identify '/dev/usb_cam': 2, No such file or directory[0m
[0m[ INFO] [1766466568.107402544]: camera calibration URL: file:///home/ubuntu/.ros/camera_info/head_camera.yaml[0m
[0m[ INFO] [1766466568.108540124]: Starting 'camera' (/dev/usb_cam) at 640x480 via mmap (yuyv) at 30 FPS[0m
[31m[ERROR] [1766466573.543412080]: Cannot identify '/dev/usb_cam': 2, No such file or directory[0m
[0m[ INFO] [1766466573.542270704]: camera calibration URL: file:///home/ubuntu/.ros/camera_info/head_camera.yaml[0m
[0m[ INFO] [1766466573.543362042]: Starting 'camera' (/dev/usb_cam) at 640x480 via mmap (yuyv) at 30 FPS[0m
[31m[ERROR] [1766466578.987219898]: Cannot identify '/dev/usb_cam': 2, No such file or directory[0m
[0m[ INFO] [1766466578.985645799]: camera calibration URL: file:///home/ubuntu/.ros/camera_info/head_camera.yaml[0m
[0m[ INFO] [1766466578.987163565]: Starting 'camera' (/dev/usb_cam) at 640x480 via mmap (yuyv) at 30 FPS[0m
[31m[ERROR] [1766466584.424141138]: Cannot identify '/dev/usb_cam': 2, No such file or directory[0m
[0m[ INFO] [1766466584.422897133]: camera calibration URL: file:///home/ubuntu/.ros/camera_info/head_camera.yaml[0m
[0m[ INFO] [1766466584.424087860]: Starting 'camera' (/dev/usb_cam) at 640x480 via mmap (yuyv) at 30 FPS[0m
[31m[ERROR] [1766466589.886358847]: Cannot identify '/dev/usb_cam': 2, No such file or directory[0m
[0m[ INFO] [1766466589.884988915]: camera calibration URL: file:///home/ubuntu/.ros/camera_info/head_camera.yaml[0m
[0m[ INFO] [1766466589.886305847]: Starting 'camera' (/dev/usb_cam) at 640x480 via mmap (yuyv) at 30 FPS[0m
[31m[camera-2] process has died [pid 8229, exit code 1, cmd /opt/ros/noetic/lib/usb_cam/usb_cam_node __name:=camera __log:=/root/.ros/log/5b549096-dfbb-11f0-98df-2ccf676ee7bc/camera-2.log].
log file: /root/.ros/log/5b549096-dfbb-11f0-98df-2ccf676ee7bc/camera-2*.log[0m
[31m[camera-2] process has died [pid 8321, exit code 1, cmd /opt/ros/noetic/lib/usb_cam/usb_cam_node __name:=camera __log:=/root/.ros/log/5b549096-dfbb-11f0-98df-2ccf676ee7bc/camera-2.log].
log file: /root/.ros/log/5b549096-dfbb-11f0-98df-2ccf676ee7bc/camera-2*.log[0m
[31m[camera-2] process has died [pid 8415, exit code 1, cmd /opt/ros/noetic/lib/usb_cam/usb_cam_node __name:=camera __log:=/root/.ros/log/5b549096-dfbb-11f0-98df-2ccf676ee7bc/camera-2.log].
log file: /root/.ros/log/5b549096-dfbb-11f0-98df-2ccf676ee7bc/camera-2*.log[0m
[31m[camera-2] process has died [pid 8510, exit code 1, cmd /opt/ros/noetic/lib/usb_cam/usb_cam_node __name:=camera __log:=/root/.ros/log/5b549096-dfbb-11f0-98df-2ccf676ee7bc/camera-2.log].
log file: /root/.ros/log/5b549096-dfbb-11f0-98df-2ccf676ee7bc/camera-2*.log[0m
[31m[camera-2] process has died [pid 8602, exit code 1, cmd /opt/ros/noetic/lib/usb_cam/usb_cam_node __name:=camera __log:=/root/.ros/log/5b549096-dfbb-11f0-98df-2ccf676ee7bc/camera-2.log].
log file: /root/.ros/log/5b549096-dfbb-11f0-98df-2ccf676ee7bc/camera-2*.log[0m
[31m[camera-2] process has died [pid 8630, exit code 1, cmd /opt/ros/noetic/lib/usb_cam/usb_cam_node __name:=camera __log:=/root/.ros/log/5b549096-dfbb-11f0-98df-2ccf676ee7bc/camera-2.log].
log file: /root/.ros/log/5b549096-dfbb-11f0-98df-2ccf676ee7bc/camera-2*.log[0m
[31m[camera-2] process has died [pid 8658, exit code 1, cmd /opt/ros/noetic/lib/usb_cam/usb_cam_node __name:=camera __log:=/root/.ros/log/5b549096-dfbb-11f0-98df-2ccf676ee7bc/camera-2.log].
log file: /root/.ros/log/5b549096-dfbb-11f0-98df-2ccf676ee7bc/camera-2*.log[0m
[31m[camera-2] process has died [pid 8680, exit code 1, cmd /opt/ros/noetic/lib/usb_cam/usb_cam_node __name:=camera __log:=/root/.ros/log/5b549096-dfbb-11f0-98df-2ccf676ee7bc/camera-2.log].
log file: /root/.ros/log/5b549096-dfbb-11f0-98df-2ccf676ee7bc/camera-2*.log[0m
[31m[camera-2] process has died [pid 8708, exit code 1, cmd /opt/ros/noetic/lib/usb_cam/usb_cam_node __name:=camera __log:=/root/.ros/log/5b549096-dfbb-11f0-98df-2ccf676ee7bc/camera-2.log].
log file: /root/.ros/log/5b549096-dfbb-11f0-98df-2ccf676ee7bc/camera-2*.log[0m
[31m[camera-2] process has died [pid 8736, exit code 1, cmd /opt/ros/noetic/lib/usb_cam/usb_cam_node __name:=camera __log:=/root/.ros/log/5b549096-dfbb-11f0-98df-2ccf676ee7bc/camera-2.log].
log file: /root/.ros/log/5b549096-dfbb-11f0-98df-2ccf676ee7bc/camera-2*.log[0m
[31m[camera-2] process has died [pid 8758, exit code 1, cmd /opt/ros/noetic/lib/usb_cam/usb_cam_node __name:=camera __log:=/root/.ros/log/5b549096-dfbb-11f0-98df-2ccf676ee7bc/camera-2.log].
log file: /root/.ros/log/5b549096-dfbb-11f0-98df-2ccf676ee7bc/camera-2*.log[0m
[31m[camera-2] process has died [pid 8817, exit code 1, cmd /opt/ros/noetic/lib/usb_cam/usb_cam_node __name:=camera __log:=/root/.ros/log/5b549096-dfbb-11f0-98df-2ccf676ee7bc/camera-2.log].
log file: /root/.ros/log/5b549096-dfbb-11f0-98df-2ccf676ee7bc/camera-2*.log[0m
[31m[camera-2] process has died [pid 8954, exit code 1, cmd /opt/ros/noetic/lib/usb_cam/usb_cam_node __name:=camera __log:=/root/.ros/log/5b549096-dfbb-11f0-98df-2ccf676ee7bc/camera-2.log].
log file: /root/.ros/log/5b549096-dfbb-11f0-98df-2ccf676ee7bc/camera-2*.log[0m
[31m[camera-2] process has died [pid 9042, exit code 1, cmd /opt/ros/noetic/lib/usb_cam/usb_cam_node __name:=camera __log:=/root/.ros/log/5b549096-dfbb-11f0-98df-2ccf676ee7bc/camera-2.log].
log file: /root/.ros/log/5b549096-dfbb-11f0-98df-2ccf676ee7bc/camera-2*.log[0m
[31m[camera-2] process has died [pid 9072, exit code 1, cmd /opt/ros/noetic/lib/usb_cam/usb_cam_node __name:=camera __log:=/root/.ros/log/5b549096-dfbb-11f0-98df-2ccf676ee7bc/camera-2.log].
log file: /root/.ros/log/5b549096-dfbb-11f0-98df-2ccf676ee7bc/camera-2*.log[0m
[31m[camera-2] process has died [pid 9171, exit code 1, cmd /opt/ros/noetic/lib/usb_cam/usb_cam_node __name:=camera __log:=/root/.ros/log/5b549096-dfbb-11f0-98df-2ccf676ee7bc/camera-2.log].
log file: /root/.ros/log/5b549096-dfbb-11f0-98df-2ccf676ee7bc/camera-2*.log[0m
[31m[camera-2] process has died [pid 9266, exit code 1, cmd /opt/ros/noetic/lib/usb_cam/usb_cam_node __name:=camera __log:=/root/.ros/log/5b549096-dfbb-11f0-98df-2ccf676ee7bc/camera-2.log].
log file: /root/.ros/log/5b549096-dfbb-11f0-98df-2ccf676ee7bc/camera-2*.log[0m
[31m[camera-2] process has died [pid 9364, exit code 1, cmd /opt/ros/noetic/lib/usb_cam/usb_cam_node __name:=camera __log:=/root/.ros/log/5b549096-dfbb-11f0-98df-2ccf676ee7bc/camera-2.log].
log file: /root/.ros/log/5b549096-dfbb-11f0-98df-2ccf676ee7bc/camera-2*.log[0m
[31m[camera-2] process has died [pid 9471, exit code 1, cmd /opt/ros/noetic/lib/usb_cam/usb_cam_node __name:=camera __log:=/root/.ros/log/5b549096-dfbb-11f0-98df-2ccf676ee7bc/camera-2.log].
log file: /root/.ros/log/5b549096-dfbb-11f0-98df-2ccf676ee7bc/camera-2*.log[0m
[31m[camera-2] process has died [pid 9559, exit code 1, cmd /opt/ros/noetic/lib/usb_cam/usb_cam_node __name:=camera __log:=/root/.ros/log/5b549096-dfbb-11f0-98df-2ccf676ee7bc/camera-2.log].
log file: /root/.ros/log/5b549096-dfbb-11f0-98df-2ccf676ee7bc/camera-2*.log[0m
[31m[camera-2] process has died [pid 9653, exit code 1, cmd /opt/ros/noetic/lib/usb_cam/usb_cam_node __name:=camera __log:=/root/.ros/log/5b549096-dfbb-11f0-98df-2ccf676ee7bc/camera-2.log].
log file: /root/.ros/log/5b549096-dfbb-11f0-98df-2ccf676ee7bc/camera-2*.log[0m
[31m[camera-2] process has died [pid 9759, exit code 1, cmd /opt/ros/noetic/lib/usb_cam/usb_cam_node __name:=camera __log:=/root/.ros/log/5b549096-dfbb-11f0-98df-2ccf676ee7bc/camera-2.log].
log file: /root/.ros/log/5b549096-dfbb-11f0-98df-2ccf676ee7bc/camera-2*.log[0m
[31m[camera-2] process has died [pid 9855, exit code 1, cmd /opt/ros/noetic/lib/usb_cam/usb_cam_node __name:=camera __log:=/root/.ros/log/5b549096-dfbb-11f0-98df-2ccf676ee7bc/camera-2.log].
log file: /root/.ros/log/5b549096-dfbb-11f0-98df-2ccf676ee7bc/camera-2*.log[0m
[31m[camera-2] process has died [pid 9949, exit code 1, cmd /opt/ros/noetic/lib/usb_cam/usb_cam_node __name:=camera __log:=/root/.ros/log/5b549096-dfbb-11f0-98df-2ccf676ee7bc/camera-2.log].
log file: /root/.ros/log/5b549096-dfbb-11f0-98df-2ccf676ee7bc/camera-2*.log[0m
[31m[camera-2] process has died [pid 10047, exit code 1, cmd /opt/ros/noetic/lib/usb_cam/usb_cam_node __name:=camera __log:=/root/.ros/log/5b549096-dfbb-11f0-98df-2ccf676ee7bc/camera-2.log].
log file: /root/.ros/log/5b549096-dfbb-11f0-98df-2ccf676ee7bc/camera-2*.log[0m
[31m[camera-2] process has died [pid 10135, exit code 1, cmd /opt/ros/noetic/lib/usb_cam/usb_cam_node __name:=camera __log:=/root/.ros/log/5b549096-dfbb-11f0-98df-2ccf676ee7bc/camera-2.log].
log file: /root/.ros/log/5b549096-dfbb-11f0-98df-2ccf676ee7bc/camera-2*.log[0m
[31m[camera-2] process has died [pid 10163, exit code 1, cmd /opt/ros/noetic/lib/usb_cam/usb_cam_node __name:=camera __log:=/root/.ros/log/5b549096-dfbb-11f0-98df-2ccf676ee7bc/camera-2.log].
log file: /root/.ros/log/5b549096-dfbb-11f0-98df-2ccf676ee7bc/camera-2*.log[0m
[31m[camera-2] process has died [pid 10261, exit code 1, cmd /opt/ros/noetic/lib/usb_cam/usb_cam_node __name:=camera __log:=/root/.ros/log/5b549096-dfbb-11f0-98df-2ccf676ee7bc/camera-2.log].
log file: /root/.ros/log/5b549096-dfbb-11f0-98df-2ccf676ee7bc/camera-2*.log[0m
[31m[camera-2] process has died [pid 10283, exit code 1, cmd /opt/ros/noetic/lib/usb_cam/usb_cam_node __name:=camera __log:=/root/.ros/log/5b549096-dfbb-11f0-98df-2ccf676ee7bc/camera-2.log].
log file: /root/.ros/log/5b549096-dfbb-11f0-98df-2ccf676ee7bc/camera-2*.log[0m
[31m[camera-2] process has died [pid 10385, exit code 1, cmd /opt/ros/noetic/lib/usb_cam/usb_cam_node __name:=camera __log:=/root/.ros/log/5b549096-dfbb-11f0-98df-2ccf676ee7bc/camera-2.log].
log file: /root/.ros/log/5b549096-dfbb-11f0-98df-2ccf676ee7bc/camera-2*.log[0m
[31m[ERROR] [1766466595.313511028]: Cannot identify '/dev/usb_cam': 2, No such file or directory[0m
[0m[ INFO] [1766466595.312239985]: camera calibration URL: file:///home/ubuntu/.ros/camera_info/head_camera.yaml[0m
[0m[ INFO] [1766466595.313452805]: Starting 'camera' (/dev/usb_cam) at 640x480 via mmap (yuyv) at 30 FPS[0m
[31m[ERROR] [1766466600.757244115]: Cannot identify '/dev/usb_cam': 2, No such file or directory[0m
[0m[ INFO] [1766466600.755748885]: camera calibration URL: file:///home/ubuntu/.ros/camera_info/head_camera.yaml[0m
[0m[ INFO] [1766466600.757182966]: Starting 'camera' (/dev/usb_cam) at 640x480 via mmap (yuyv) at 30 FPS[0m
[31m[ERROR] [1766466606.198178388]: Cannot identify '/dev/usb_cam': 2, No such file or directory[0m
[0m[ INFO] [1766466606.196733529]: camera calibration URL: file:///home/ubuntu/.ros/camera_info/head_camera.yaml[0m
[0m[ INFO] [1766466606.198122665]: Starting 'camera' (/dev/usb_cam) at 640x480 via mmap (yuyv) at 30 FPS[0m
[31m[ERROR] [1766466611.628460808]: Cannot identify '/dev/usb_cam': 2, No such file or directory[0m
[0m[ INFO] [1766466611.627275710]: camera calibration URL: file:///home/ubuntu/.ros/camera_info/head_camera.yaml[0m
[0m[ INFO] [1766466611.628410845]: Starting 'camera' (/dev/usb_cam) at 640x480 via mmap (yuyv) at 30 FPS[0m
[camera-2] restarting process
[1mprocess[camera-2]: started with pid [5998][0m
[camera-2] restarting process
[1mprocess[camera-2]: started with pid [6020][0m
[camera-2] restarting process
[1mprocess[camera-2]: started with pid [6109][0m
[camera-2] restarting process
[1mprocess[camera-2]: started with pid [6137][0m
[camera-2] restarting process
[1mprocess[camera-2]: started with pid [6159][0m
[camera-2] restarting process
[1mprocess[camera-2]: started with pid [6187][0m
[camera-2] restarting process
[1mprocess[camera-2]: started with pid [6215][0m
[camera-2] restarting process
[1mprocess[camera-2]: started with pid [6237][0m
[camera-2] restarting process
[1mprocess[camera-2]: started with pid [6265][0m
[camera-2] restarting process
[1mprocess[camera-2]: started with pid [6293][0m
[camera-2] restarting process
[1mprocess[camera-2]: started with pid [6315][0m
[camera-2] restarting process
[1mprocess[camera-2]: started with pid [6343][0m
[camera-2] restarting process
[1mprocess[camera-2]: started with pid [6374][0m
[camera-2] restarting process
[1mprocess[camera-2]: started with pid [6397][0m
[camera-2] restarting process
[1mprocess[camera-2]: started with pid [6434][0m
[camera-2] restarting process
[1mprocess[camera-2]: started with pid [6469][0m
[camera-2] restarting process
[1mprocess[camera-2]: started with pid [6503][0m
[camera-2] restarting process
[1mprocess[camera-2]: started with pid [6531][0m
[camera-2] restarting process
[1mprocess[camera-2]: started with pid [6559][0m
[camera-2] restarting process
[1mprocess[camera-2]: started with pid [6585][0m
[camera-2] restarting process
[1mprocess[camera-2]: started with pid [6616][0m
[camera-2] restarting process
[1mprocess[camera-2]: started with pid [6644][0m
[camera-2] restarting process
[1mprocess[camera-2]: started with pid [6666][0m
[camera-2] restarting process
[1mprocess[camera-2]: started with pid [6694][0m
[camera-2] restarting process
[1mprocess[camera-2]: started with pid [6722][0m
[camera-2] restarting process
[1mprocess[camera-2]: started with pid [6746][0m
[camera-2] restarting process
[1mprocess[camera-2]: started with pid [6778][0m
[camera-2] restarting process
[1mprocess[camera-2]: started with pid [6807][0m
[camera-2] restarting process
[1mprocess[camera-2]: started with pid [6829][0m
[camera-2] restarting process
[1mprocess[camera-2]: started with pid [6857][0m
[camera-2] restarting process
[1mprocess[camera-2]: started with pid [6885][0m
[camera-2] restarting process
[1mprocess[camera-2]: started with pid [6907][0m
[camera-2] restarting process
[1mprocess[camera-2]: started with pid [6935][0m
[camera-2] restarting process
[1mprocess[camera-2]: started with pid [6963][0m
[camera-2] restarting process
[1mprocess[camera-2]: started with pid [6985][0m
[camera-2] restarting process
[1mprocess[camera-2]: started with pid [7013][0m
[camera-2] restarting process
[1mprocess[camera-2]: started with pid [7041][0m
[camera-2] restarting process
[1mprocess[camera-2]: started with pid [7063][0m
[camera-2] restarting process
[1mprocess[camera-2]: started with pid [7091][0m
[camera-2] restarting process
[1mprocess[camera-2]: started with pid [7121][0m
[camera-2] restarting process
[1mprocess[camera-2]: started with pid [7143][0m
[camera-2] restarting process
[1mprocess[camera-2]: started with pid [7171][0m
[camera-2] restarting process
[1mprocess[camera-2]: started with pid [7199][0m
[camera-2] restarting process
[1mprocess[camera-2]: started with pid [7221][0m
[camera-2] restarting process
[1mprocess[camera-2]: started with pid [7249][0m
[camera-2] restarting process
[1mprocess[camera-2]: started with pid [7277][0m
[camera-2] restarting process
[1mprocess[camera-2]: started with pid [7299][0m
[camera-2] restarting process
[1mprocess[camera-2]: started with pid [7327][0m
[camera-2] restarting process
[1mprocess[camera-2]: started with pid [7355][0m
[camera-2] restarting process
[1mprocess[camera-2]: started with pid [7383][0m
[camera-2] restarting process
[1mprocess[camera-2]: started with pid [7421][0m
[camera-2] restarting process
[1mprocess[camera-2]: started with pid [7449][0m
[camera-2] restarting process
[1mprocess[camera-2]: started with pid [7471][0m
[camera-2] restarting process
[1mprocess[camera-2]: started with pid [7503][0m
[camera-2] restarting process
[1mprocess[camera-2]: started with pid [7531][0m
[camera-2] restarting process
[1mprocess[camera-2]: started with pid [7553][0m
[camera-2] restarting process
[1mprocess[camera-2]: started with pid [7581][0m
[camera-2] restarting process
[1mprocess[camera-2]: started with pid [7609][0m
[camera-2] restarting process
[1mprocess[camera-2]: started with pid [7631][0m
[camera-2] restarting process
[1mprocess[camera-2]: started with pid [7661][0m
[camera-2] restarting process
[1mprocess[camera-2]: started with pid [7689][0m
[camera-2] restarting process
[1mprocess[camera-2]: started with pid [7711][0m
[camera-2] restarting process
[1mprocess[camera-2]: started with pid [7739][0m
[camera-2] restarting process
[1mprocess[camera-2]: started with pid [7878][0m
[camera-2] restarting process
[1mprocess[camera-2]: started with pid [8100][0m
[camera-2] restarting process
[1mprocess[camera-2]: started with pid [8229][0m
[camera-2] restarting process
[1mprocess[camera-2]: started with pid [8321][0m
[camera-2] restarting process
[1mprocess[camera-2]: started with pid [8415][0m
[camera-2] restarting process
[1mprocess[camera-2]: started with pid [8510][0m
[camera-2] restarting process
[1mprocess[camera-2]: started with pid [8602][0m
[camera-2] restarting process
[1mprocess[camera-2]: started with pid [8630][0m
[camera-2] restarting process
[1mprocess[camera-2]: started with pid [8658][0m
[camera-2] restarting process
[1mprocess[camera-2]: started with pid [8680][0m
[camera-2] restarting process
[1mprocess[camera-2]: started with pid [8708][0m
[camera-2] restarting process
[1mprocess[camera-2]: started with pid [8736][0m
[camera-2] restarting process
[1mprocess[camera-2]: started with pid [8758][0m
[camera-2] restarting process
[1mprocess[camera-2]: started with pid [8817][0m
[camera-2] restarting process
[1mprocess[camera-2]: started with pid [8954][0m
[camera-2] restarting process
[1mprocess[camera-2]: started with pid [9042][0m
[camera-2] restarting process
[1mprocess[camera-2]: started with pid [9072][0m
[camera-2] restarting process
[1mprocess[camera-2]: started with pid [9171][0m
[camera-2] restarting process
[1mprocess[camera-2]: started with pid [9266][0m
[camera-2] restarting process
[1mprocess[camera-2]: started with pid [9364][0m
[camera-2] restarting process
[1mprocess[camera-2]: started with pid [9471][0m
[camera-2] restarting process
[1mprocess[camera-2]: started with pid [9559][0m
[camera-2] restarting process
[1mprocess[camera-2]: started with pid [9653][0m
[camera-2] restarting process
[1mprocess[camera-2]: started with pid [9759][0m
[camera-2] restarting process
[1mprocess[camera-2]: started with pid [9855][0m
[camera-2] restarting process
[1mprocess[camera-2]: started with pid [9949][0m
[camera-2] restarting process
[1mprocess[camera-2]: started with pid [10047][0m
[camera-2] restarting process
[1mprocess[camera-2]: started with pid [10135][0m
[camera-2] restarting process
[1mprocess[camera-2]: started with pid [10163][0m
[camera-2] restarting process
[1mprocess[camera-2]: started with pid [10261][0m
[camera-2] restarting process
[1mprocess[camera-2]: started with pid [10283][0m
[camera-2] restarting process
[1mprocess[camera-2]: started with pid [10385][0m
[camera-2] restarting process
[1mprocess[camera-2]: started with pid [10479][0m
[camera-2] restarting process
[1mprocess[camera-2]: started with pid [10633][0m
[camera-2] restarting process
[1mprocess[camera-2]: started with pid [10721][0m
[camera-2] restarting process
[1mprocess[camera-2]: started with pid [10749][0m
[camera-2] restarting process
[1mprocess[camera-2]: started with pid [10771][0m
[camera-2] restarting process
[1mprocess[camera-2]: started with pid [10865][0m[31m[ERROR] [1766466617.160666302]: Cannot identify '/dev/usb_cam': 2, No such file or directory[0m
[0m[ INFO] [1766466617.157209248]: camera calibration URL: file:///home/ubuntu/.ros/camera_info/head_camera.yaml[0m
[0m[ INFO] [1766466617.160604098]: Starting 'camera' (/dev/usb_cam) at 640x480 via mmap (yuyv) at 30 FPS[0m
[31m[ERROR] [1766466622.510856864]: Cannot identify '/dev/usb_cam': 2, No such file or directory[0m
[0m[ INFO] [1766466622.509721025]: camera calibration URL: file:///home/ubuntu/.ros/camera_info/head_camera.yaml[0m
[0m[ INFO] [1766466622.510810808]: Starting 'camera' (/dev/usb_cam) at 640x480 via mmap (yuyv) at 30 FPS[0m
[31m[ERROR] [1766466628.040713471]: Cannot identify '/dev/usb_cam': 2, No such file or directory[0m
[0m[ INFO] [1766466628.039480836]: camera calibration URL: file:///home/ubuntu/.ros/camera_info/head_camera.yaml[0m
[0m[ INFO] [1766466628.040667378]: Starting 'camera' (/dev/usb_cam) at 640x480 via mmap (yuyv) at 30 FPS[0m
[31m[ERROR] [1766466633.404303079]: Cannot identify '/dev/usb_cam': 2, No such file or directory[0m
[0m[ INFO] [1766466633.403089258]: camera calibration URL: file:///home/ubuntu/.ros/camera_info/head_camera.yaml[0m
[0m[ INFO] [1766466633.404249227]: Starting 'camera' (/dev/usb_cam) at 640x480 via mmap (yuyv) at 30 FPS[0m
[31m[ERROR] [1766466638.834807072]: Cannot identify '/dev/usb_cam': 2, No such file or directory[0m
[0m[ INFO] [1766466638.833631455]: camera calibration URL: file:///home/ubuntu/.ros/camera_info/head_camera.yaml[0m
[0m[ INFO] [1766466638.834748831]: Starting 'camera' (/dev/usb_cam) at 640x480 via mmap (yuyv) at 30 FPS[0m
[31m[ERROR] [1766466644.291059054]: Cannot identify '/dev/usb_cam': 2, No such file or directory[0m
[0m[ INFO] [1766466644.289778252]: camera calibration URL: file:///home/ubuntu/.ros/camera_info/head_camera.yaml[0m
[0m[ INFO] [1766466644.291008091]: Starting 'camera' (/dev/usb_cam) at 640x480 via mmap (yuyv) at 30 FPS[0m
[31m[ERROR] [1766466649.728278903]: Cannot identify '/dev/usb_cam': 2, No such file or directory[0m
[0m[ INFO] [1766466649.727055305]: camera calibration URL: file:///home/ubuntu/.ros/camera_info/head_camera.yaml[0m
[0m[ INFO] [1766466649.728228718]: Starting 'camera' (/dev/usb_cam) at 640x480 via mmap (yuyv) at 30 FPS[0m
[31m[ERROR] [1766466655.158639470]: Cannot identify '/dev/usb_cam': 2, No such file or directory[0m
[0m[ INFO] [1766466655.157474724]: camera calibration URL: file:///home/ubuntu/.ros/camera_info/head_camera.yaml[0m
[0m[ INFO] [1766466655.158583970]: Starting 'camera' (/dev/usb_cam) at 640x480 via mmap (yuyv) at 30 FPS[0m
[31m[ERROR] [1766466660.606782427]: Cannot identify '/dev/usb_cam': 2, No such file or directory[0m
[0m[ INFO] [1766466660.605306272]: camera calibration URL: file:///home/ubuntu/.ros/camera_info/head_camera.yaml[0m
[0m[ INFO] [1766466660.606725594]: Starting 'camera' (/dev/usb_cam) at 640x480 via mmap (yuyv) at 30 FPS[0m
[31m[ERROR] [1766466666.049869014]: Cannot identify '/dev/usb_cam': 2, No such file or directory[0m
[0m[ INFO] [1766466666.048671915]: camera calibration URL: file:///home/ubuntu/.ros/camera_info/head_camera.yaml[0m
[0m[ INFO] [1766466666.049809458]: Starting 'camera' (/dev/usb_cam) at 640x480 via mmap (yuyv) at 30 FPS[0m
[31m[ERROR] [1766466671.504600550]: Cannot identify '/dev/usb_cam': 2, No such file or directory[0m
[0m[ INFO] [1766466671.503420619]: camera calibration URL: file:///home/ubuntu/.ros/camera_info/head_camera.yaml[0m
[0m[ INFO] [1766466671.504544995]: Starting 'camera' (/dev/usb_cam) at 640x480 via mmap (yuyv) at 30 FPS[0m
[31m[ERROR] [1766466676.935226046]: Cannot identify '/dev/usb_cam': 2, No such file or directory[0m
[0m[ INFO] [1766466676.934087244]: camera calibration URL: file:///home/ubuntu/.ros/camera_info/head_camera.yaml[0m
[0m[ INFO] [1766466676.935180601]: Starting 'camera' (/dev/usb_cam) at 640x480 via mmap (yuyv) at 30 FPS[0m
[31m[ERROR] [1766466682.361495039]: Cannot identify '/dev/usb_cam': 2, No such file or directory[0m
[0m[ INFO] [1766466682.360276107]: camera calibration URL: file:///home/ubuntu/.ros/camera_info/head_camera.yaml[0m
[0m[ INFO] [1766466682.361438520]: Starting 'camera' (/dev/usb_cam) at 640x480 via mmap (yuyv) at 30 FPS[0m
[31m[ERROR] [1766466687.919226987]: Cannot identify '/dev/usb_cam': 2, No such file or directory[0m
[0m[ INFO] [1766466687.917932184]: camera calibration URL: file:///home/ubuntu/.ros/camera_info/head_camera.yaml[0m
[0m[ INFO] [1766466687.919172412]: Starting 'camera' (/dev/usb_cam) at 640x480 via mmap (yuyv) at 30 FPS[0m
[31m[ERROR] [1766466693.360433437]: Cannot identify '/dev/usb_cam': 2, No such file or directory[0m
[0m[ INFO] [1766466693.359229728]: camera calibration URL: file:///home/ubuntu/.ros/camera_info/head_camera.yaml[0m
[0m[ INFO] [1766466693.360383696]: Starting 'camera' (/dev/usb_cam) at 640x480 via mmap (yuyv) at 30 FPS[0m
[31m[ERROR] [1766466698.807151428]: Cannot identify '/dev/usb_cam': 2, No such file or directory[0m
[0m[ INFO] [1766466698.805657791]: camera calibration URL: file:///home/ubuntu/.ros/camera_info/head_camera.yaml[0m
[0m[ INFO] [1766466698.807086390]: Starting 'camera' (/dev/usb_cam) at 640x480 via mmap (yuyv) at 30 FPS[0m
[31m[ERROR] [1766466704.259938607]: Cannot identify '/dev/usb_cam': 2, No such file or directory[0m
[0m[ INFO] [1766466704.258624675]: camera calibration URL: file:///home/ubuntu/.ros/camera_info/head_camera.yaml[0m
[0m[ INFO] [1766466704.259852477]: Starting 'camera' (/dev/usb_cam) at 640x480 via mmap (yuyv) at 30 FPS[0m
[31m[ERROR] [1766466709.700999368]: Cannot identify '/dev/usb_cam': 2, No such file or directory[0m
[0m[ INFO] [1766466709.699786251]: camera calibration URL: file:///home/ubuntu/.ros/camera_info/head_camera.yaml[0m
[0m[ INFO] [1766466709.700946886]: Starting 'camera' (/dev/usb_cam) at 640x480 via mmap (yuyv) at 30 FPS[0m
[31m[ERROR] [1766466715.151757740]: Cannot identify '/dev/usb_cam': 2, No such file or directory[0m
[0m[ INFO] [1766466715.150545826]: camera calibration URL: file:///home/ubuntu/.ros/camera_info/head_camera.yaml[0m
[0m[ INFO] [1766466715.151681424]: Starting 'camera' (/dev/usb_cam) at 640x480 via mmap (yuyv) at 30 FPS[0m
[31m[ERROR] [1766466720.599454380]: Cannot identify '/dev/usb_cam': 2, No such file or directory[0m
[0m[ INFO] [1766466720.598068262]: camera calibration URL: file:///home/ubuntu/.ros/camera_info/head_camera.yaml[0m
[0m[ INFO] [1766466720.599401343]: Starting 'camera' (/dev/usb_cam) at 640x480 via mmap (yuyv) at 30 FPS[0m
[31m[ERROR] [1766466726.014194989]: Cannot identify '/dev/usb_cam': 2, No such file or directory[0m
[0m[ INFO] [1766466726.012913687]: camera calibration URL: file:///home/ubuntu/.ros/camera_info/head_camera.yaml[0m
[0m[ INFO] [1766466726.014134026]: Starting 'camera' (/dev/usb_cam) at 640x480 via mmap (yuyv) at 30 FPS[0m
[31m[ERROR] [1766466731.452326533]: Cannot identify '/dev/usb_cam': 2, No such file or directory[0m
[0m[ INFO] [1766466731.451095619]: camera calibration URL: file:///home/ubuntu/.ros/camera_info/head_camera.yaml[0m
[0m[ INFO] [1766466731.452275662]: Starting 'camera' (/dev/usb_cam) at 640x480 via mmap (yuyv) at 30 FPS[0m
[31m[ERROR] [1766466736.902970269]: Cannot identify '/dev/usb_cam': 2, No such file or directory[0m
[0m[ INFO] [1766466736.901812707]: camera calibration URL: file:///home/ubuntu/.ros/camera_info/head_camera.yaml[0m
[0m[ INFO] [1766466736.902919231]: Starting 'camera' (/dev/usb_cam) at 640x480 via mmap (yuyv) at 30 FPS[0m
[31m[ERROR] [1766466742.352152238]: Cannot identify '/dev/usb_cam': 2, No such file or directory[0m
[0m[ INFO] [1766466742.350846120]: camera calibration URL: file:///home/ubuntu/.ros/camera_info/head_camera.yaml[0m
[0m[ INFO] [1766466742.352084978]: Starting 'camera' (/dev/usb_cam) at 640x480 via mmap (yuyv) at 30 FPS[0m
[31m[ERROR] [1766466747.784365545]: Cannot identify '/dev/usb_cam': 2, No such file or directory[0m
[0m[ INFO] [1766466747.783079742]: camera calibration URL: file:///home/ubuntu/.ros/camera_info/head_camera.yaml[0m
[0m[ INFO] [1766466747.784307989]: Starting 'camera' (/dev/usb_cam) at 640x480 via mmap (yuyv) at 30 FPS[0m
[31m[ERROR] [1766466753.238404607]: Cannot identify '/dev/usb_cam': 2, No such file or directory[0m
[0m[ INFO] [1766466753.236474319]: camera calibration URL: file:///home/ubuntu/.ros/camera_info/head_camera.yaml[0m
[0m[ INFO] [1766466753.238344366]: Starting 'camera' (/dev/usb_cam) at 640x480 via mmap (yuyv) at 30 FPS[0m
[31m[camera-2] process has died [pid 10479, exit code 1, cmd /opt/ros/noetic/lib/usb_cam/usb_cam_node __name:=camera __log:=/root/.ros/log/5b549096-dfbb-11f0-98df-2ccf676ee7bc/camera-2.log].
log file: /root/.ros/log/5b549096-dfbb-11f0-98df-2ccf676ee7bc/camera-2*.log[0m
[31m[camera-2] process has died [pid 10633, exit code 1, cmd /opt/ros/noetic/lib/usb_cam/usb_cam_node __name:=camera __log:=/root/.ros/log/5b549096-dfbb-11f0-98df-2ccf676ee7bc/camera-2.log].
log file: /root/.ros/log/5b549096-dfbb-11f0-98df-2ccf676ee7bc/camera-2*.log[0m
[31m[camera-2] process has died [pid 10721, exit code 1, cmd /opt/ros/noetic/lib/usb_cam/usb_cam_node __name:=camera __log:=/root/.ros/log/5b549096-dfbb-11f0-98df-2ccf676ee7bc/camera-2.log].
log file: /root/.ros/log/5b549096-dfbb-11f0-98df-2ccf676ee7bc/camera-2*.log[0m
[31m[camera-2] process has died [pid 10749, exit code 1, cmd /opt/ros/noetic/lib/usb_cam/usb_cam_node __name:=camera __log:=/root/.ros/log/5b549096-dfbb-11f0-98df-2ccf676ee7bc/camera-2.log].
log file: /root/.ros/log/5b549096-dfbb-11f0-98df-2ccf676ee7bc/camera-2*.log[0m
[31m[camera-2] process has died [pid 10771, exit code 1, cmd /opt/ros/noetic/lib/usb_cam/usb_cam_node __name:=camera __log:=/root/.ros/log/5b549096-dfbb-11f0-98df-2ccf676ee7bc/camera-2.log].
log file: /root/.ros/log/5b549096-dfbb-11f0-98df-2ccf676ee7bc/camera-2*.log[0m
[31m[camera-2] process has died [pid 10865, exit code 1, cmd /opt/ros/noetic/lib/usb_cam/usb_cam_node __name:=camera __log:=/root/.ros/log/5b549096-dfbb-11f0-98df-2ccf676ee7bc/camera-2.log].
log file: /root/.ros/log/5b549096-dfbb-11f0-98df-2ccf676ee7bc/camera-2*.log[0m
[31m[camera-2] process has died [pid 11037, exit code 1, cmd /opt/ros/noetic/lib/usb_cam/usb_cam_node __name:=camera __log:=/root/.ros/log/5b549096-dfbb-11f0-98df-2ccf676ee7bc/camera-2.log].
log file: /root/.ros/log/5b549096-dfbb-11f0-98df-2ccf676ee7bc/camera-2*.log[0m
[31m[camera-2] process has died [pid 11129, exit code 1, cmd /opt/ros/noetic/lib/usb_cam/usb_cam_node __name:=camera __log:=/root/.ros/log/5b549096-dfbb-11f0-98df-2ccf676ee7bc/camera-2.log].
log file: /root/.ros/log/5b549096-dfbb-11f0-98df-2ccf676ee7bc/camera-2*.log[0m
[31m[camera-2] process has died [pid 11274, exit code 1, cmd /opt/ros/noetic/lib/usb_cam/usb_cam_node __name:=camera __log:=/root/.ros/log/5b549096-dfbb-11f0-98df-2ccf676ee7bc/camera-2.log].
log file: /root/.ros/log/5b549096-dfbb-11f0-98df-2ccf676ee7bc/camera-2*.log[0m
[31m[camera-2] process has died [pid 11389, exit code 1, cmd /opt/ros/noetic/lib/usb_cam/usb_cam_node __name:=camera __log:=/root/.ros/log/5b549096-dfbb-11f0-98df-2ccf676ee7bc/camera-2.log].
log file: /root/.ros/log/5b549096-dfbb-11f0-98df-2ccf676ee7bc/camera-2*.log[0m
[31m[camera-2] process has died [pid 11575, exit code 1, cmd /opt/ros/noetic/lib/usb_cam/usb_cam_node __name:=camera __log:=/root/.ros/log/5b549096-dfbb-11f0-98df-2ccf676ee7bc/camera-2.log].
log file: /root/.ros/log/5b549096-dfbb-11f0-98df-2ccf676ee7bc/camera-2*.log[0m
[31m[camera-2] process has died [pid 11603, exit code 1, cmd /opt/ros/noetic/lib/usb_cam/usb_cam_node __name:=camera __log:=/root/.ros/log/5b549096-dfbb-11f0-98df-2ccf676ee7bc/camera-2.log].
log file: /root/.ros/log/5b549096-dfbb-11f0-98df-2ccf676ee7bc/camera-2*.log[0m
[31m[camera-2] process has died [pid 11631, exit code 1, cmd /opt/ros/noetic/lib/usb_cam/usb_cam_node __name:=camera __log:=/root/.ros/log/5b549096-dfbb-11f0-98df-2ccf676ee7bc/camera-2.log].
log file: /root/.ros/log/5b549096-dfbb-11f0-98df-2ccf676ee7bc/camera-2*.log[0m
[31m[camera-2] process has died [pid 11828, exit code 1, cmd /opt/ros/noetic/lib/usb_cam/usb_cam_node __name:=camera __log:=/root/.ros/log/5b549096-dfbb-11f0-98df-2ccf676ee7bc/camera-2.log].
log file: /root/.ros/log/5b549096-dfbb-11f0-98df-2ccf676ee7bc/camera-2*.log[0m
[31m[camera-2] process has died [pid 11926, exit code 1, cmd /opt/ros/noetic/lib/usb_cam/usb_cam_node __name:=camera __log:=/root/.ros/log/5b549096-dfbb-11f0-98df-2ccf676ee7bc/camera-2.log].
log file: /root/.ros/log/5b549096-dfbb-11f0-98df-2ccf676ee7bc/camera-2*.log[0m
[31m[camera-2] process has died [pid 12042, exit code 1, cmd /opt/ros/noetic/lib/usb_cam/usb_cam_node __name:=camera __log:=/root/.ros/log/5b549096-dfbb-11f0-98df-2ccf676ee7bc/camera-2.log].
log file: /root/.ros/log/5b549096-dfbb-11f0-98df-2ccf676ee7bc/camera-2*.log[0m
[31m[camera-2] process has died [pid 12169, exit code 1, cmd /opt/ros/noetic/lib/usb_cam/usb_cam_node __name:=camera __log:=/root/.ros/log/5b549096-dfbb-11f0-98df-2ccf676ee7bc/camera-2.log].
log file: /root/.ros/log/5b549096-dfbb-11f0-98df-2ccf676ee7bc/camera-2*.log[0m
[31m[camera-2] process has died [pid 12254, exit code 1, cmd /opt/ros/noetic/lib/usb_cam/usb_cam_node __name:=camera __log:=/root/.ros/log/5b549096-dfbb-11f0-98df-2ccf676ee7bc/camera-2.log].
log file: /root/.ros/log/5b549096-dfbb-11f0-98df-2ccf676ee7bc/camera-2*.log[0m
[31m[camera-2] process has died [pid 12330, exit code 1, cmd /opt/ros/noetic/lib/usb_cam/usb_cam_node __name:=camera __log:=/root/.ros/log/5b549096-dfbb-11f0-98df-2ccf676ee7bc/camera-2.log].
log file: /root/.ros/log/5b549096-dfbb-11f0-98df-2ccf676ee7bc/camera-2*.log[0m
[31m[camera-2] process has died [pid 12510, exit code 1, cmd /opt/ros/noetic/lib/usb_cam/usb_cam_node __name:=camera __log:=/root/.ros/log/5b549096-dfbb-11f0-98df-2ccf676ee7bc/camera-2.log].
log file: /root/.ros/log/5b549096-dfbb-11f0-98df-2ccf676ee7bc/camera-2*.log[0m
[31m[camera-2] process has died [pid 12606, exit code 1, cmd /opt/ros/noetic/lib/usb_cam/usb_cam_node __name:=camera __log:=/root/.ros/log/5b549096-dfbb-11f0-98df-2ccf676ee7bc/camera-2.log].
log file: /root/.ros/log/5b549096-dfbb-11f0-98df-2ccf676ee7bc/camera-2*.log[0m
[31m[camera-2] process has died [pid 12750, exit code 1, cmd /opt/ros/noetic/lib/usb_cam/usb_cam_node __name:=camera __log:=/root/.ros/log/5b549096-dfbb-11f0-98df-2ccf676ee7bc/camera-2.log].
log file: /root/.ros/log/5b549096-dfbb-11f0-98df-2ccf676ee7bc/camera-2*.log[0m
[31m[camera-2] process has died [pid 12852, exit code 1, cmd /opt/ros/noetic/lib/usb_cam/usb_cam_node __name:=camera __log:=/root/.ros/log/5b549096-dfbb-11f0-98df-2ccf676ee7bc/camera-2.log].
log file: /root/.ros/log/5b549096-dfbb-11f0-98df-2ccf676ee7bc/camera-2*.log[0m
[31m[camera-2] process has died [pid 12948, exit code 1, cmd /opt/ros/noetic/lib/usb_cam/usb_cam_node __name:=camera __log:=/root/.ros/log/5b549096-dfbb-11f0-98df-2ccf676ee7bc/camera-2.log].
log file: /root/.ros/log/5b549096-dfbb-11f0-98df-2ccf676ee7bc/camera-2*.log[0m
[31m[camera-2] process has died [pid 13001, exit code 1, cmd /opt/ros/noetic/lib/usb_cam/usb_cam_node __name:=camera __log:=/root/.ros/log/5b549096-dfbb-11f0-98df-2ccf676ee7bc/camera-2.log].
log file: /root/.ros/log/5b549096-dfbb-11f0-98df-2ccf676ee7bc/camera-2*.log[0m
[31m[camera-2] process has died [pid 13138, exit code 1, cmd /opt/ros/noetic/lib/usb_cam/usb_cam_node __name:=camera __log:=/root/.ros/log/5b549096-dfbb-11f0-98df-2ccf676ee7bc/camera-2.log].
log file: /root/.ros/log/5b549096-dfbb-11f0-98df-2ccf676ee7bc/camera-2*.log[0m
[31m[camera-2] process has died [pid 13166, exit code 1, cmd /opt/ros/noetic/lib/usb_cam/usb_cam_node __name:=camera __log:=/root/.ros/log/5b549096-dfbb-11f0-98df-2ccf676ee7bc/camera-2.log].
log file: /root/.ros/log/5b549096-dfbb-11f0-98df-2ccf676ee7bc/camera-2*.log[0m
[31m[camera-2] process has died [pid 13188, exit code 1, cmd /opt/ros/noetic/lib/usb_cam/usb_cam_node __name:=camera __log:=/root/.ros/log/5b549096-dfbb-11f0-98df-2ccf676ee7bc/camera-2.log].
log file: /root/.ros/log/5b549096-dfbb-11f0-98df-2ccf676ee7bc/camera-2*.log[0m
[31m[camera-2] process has died [pid 13219, exit code 1, cmd /opt/ros/noetic/lib/usb_cam/usb_cam_node __name:=camera __log:=/root/.ros/log/5b549096-dfbb-11f0-98df-2ccf676ee7bc/camera-2.log].
log file: /root/.ros/log/5b549096-dfbb-11f0-98df-2ccf676ee7bc/camera-2*.log[0m
[31m[camera-2] process has died [pid 13247, exit code 1, cmd /opt/ros/noetic/lib/usb_cam/usb_cam_node __name:=camera __log:=/root/.ros/log/5b549096-dfbb-11f0-98df-2ccf676ee7bc/camera-2.log].
log file: /root/.ros/log/5b549096-dfbb-11f0-98df-2ccf676ee7bc/camera-2*.log[0m
[31m[ERROR] [1766466758.655731811]: Cannot identify '/dev/usb_cam': 2, No such file or directory[0m
[0m[ INFO] [1766466758.654477064]: camera calibration URL: file:///home/ubuntu/.ros/camera_info/head_camera.yaml[0m
[0m[ INFO] [1766466758.655664884]: Starting 'camera' (/dev/usb_cam) at 640x480 via mmap (yuyv) at 30 FPS[0m
[31m[ERROR] [1766466764.128092027]: Cannot identify '/dev/usb_cam': 2, No such file or directory[0m
[0m[ INFO] [1766466764.126788188]: camera calibration URL: file:///home/ubuntu/.ros/camera_info/head_camera.yaml[0m
[0m[ INFO] [1766466764.128042120]: Starting 'camera' (/dev/usb_cam) at 640x480 via mmap (yuyv) at 30 FPS[0m
[31m[ERROR] [1766466769.561889744]: Cannot identify '/dev/usb_cam': 2, No such file or directory[0m
[0m[ INFO] [1766466769.558983600]: camera calibration URL: file:///home/ubuntu/.ros/camera_info/head_camera.yaml[0m
[0m[ INFO] [1766466769.561764929]: Starting 'camera' (/dev/usb_cam) at 640x480 via mmap (yuyv) at 30 FPS[0m
[31m[ERROR] [1766466774.990202923]: Cannot identify '/dev/usb_cam': 2, No such file or directory[0m
[0m[ INFO] [1766466774.988998917]: camera calibration URL: file:///home/ubuntu/.ros/camera_info/head_camera.yaml[0m
[0m[ INFO] [1766466774.990157626]: Starting 'camera' (/dev/usb_cam) at 640x480 via mmap (yuyv) at 30 FPS[0m
[31m[ERROR] [1766466780.340424098]: Cannot identify '/dev/usb_cam': 2, No such file or directory[0m
[0m[ INFO] [1766466780.339295574]: camera calibration URL: file:///home/ubuntu/.ros/camera_info/head_camera.yaml[0m
[0m[ INFO] [1766466780.340375246]: Starting 'camera' (/dev/usb_cam) at 640x480 via mmap (yuyv) at 30 FPS[0m
[31m[ERROR] [1766466785.783347068]: Cannot identify '/dev/usb_cam': 2, No such file or directory[0m
[0m[ INFO] [1766466785.782211840]: camera calibration URL: file:///home/ubuntu/.ros/camera_info/head_camera.yaml[0m
[0m[ INFO] [1766466785.783301179]: Starting 'camera' (/dev/usb_cam) at 640x480 via mmap (yuyv) at 30 FPS[0m
[31m[ERROR] [1766466791.226399062]: Cannot identify '/dev/usb_cam': 2, No such file or directory[0m
[0m[ INFO] [1766466791.225105092]: camera calibration URL: file:///home/ubuntu/.ros/camera_info/head_camera.yaml[0m
[0m[ INFO] [1766466791.226347154]: Starting 'camera' (/dev/usb_cam) at 640x480 via mmap (yuyv) at 30 FPS[0m
[31m[ERROR] [1766466796.674871013]: Cannot identify '/dev/usb_cam': 2, No such file or directory[0m
[0m[ INFO] [1766466796.673746360]: camera calibration URL: file:///home/ubuntu/.ros/camera_info/head_camera.yaml[0m
[0m[ INFO] [1766466796.674825884]: Starting 'camera' (/dev/usb_cam) at 640x480 via mmap (yuyv) at 30 FPS[0m
[31m[ERROR] [1766466802.100101662]: Cannot identify '/dev/usb_cam': 2, No such file or directory[0m
[0m[ INFO] [1766466802.098597154]: camera calibration URL: file:///home/ubuntu/.ros/camera_info/head_camera.yaml[0m
[0m[ INFO] [1766466802.100050329]: Starting 'camera' (/dev/usb_cam) at 640x480 via mmap (yuyv) at 30 FPS[0m
[31m[ERROR] [1766466807.560670662]: Cannot identify '/dev/usb_cam': 2, No such file or directory[0m
[0m[ INFO] [1766466807.559391581]: camera calibration URL: file:///home/ubuntu/.ros/camera_info/head_camera.yaml[0m
[0m[ INFO] [1766466807.560612402]: Starting 'camera' (/dev/usb_cam) at 640x480 via mmap (yuyv) at 30 FPS[0m
[31m[ERROR] [1766466812.983178464]: Cannot identify '/dev/usb_cam': 2, No such file or directory[0m
[0m[ INFO] [1766466812.981878994]: camera calibration URL: file:///home/ubuntu/.ros/camera_info/head_camera.yaml[0m
[0m[ INFO] [1766466812.983131334]: Starting 'camera' (/dev/usb_cam) at 640x480 via mmap (yuyv) at 30 FPS[0m
[31m[ERROR] [1766466818.431589048]: Cannot identify '/dev/usb_cam': 2, No such file or directory[0m
[0m[ INFO] [1766466818.430443579]: camera calibration URL: file:///home/ubuntu/.ros/camera_info/head_camera.yaml[0m
[0m[ INFO] [1766466818.431535844]: Starting 'camera' (/dev/usb_cam) at 640x480 via mmap (yuyv) at 30 FPS[0m
[31m[ERROR] [1766466823.872767276]: Cannot identify '/dev/usb_cam': 2, No such file or directory[0m
[0m[ INFO] [1766466823.871624011]: camera calibration URL: file:///home/ubuntu/.ros/camera_info/head_camera.yaml[0m
[0m[ INFO] [1766466823.872710887]: Starting 'camera' (/dev/usb_cam) at 640x480 via mmap (yuyv) at 30 FPS[0m
[31m[ERROR] [1766466829.310996227]: Cannot identify '/dev/usb_cam': 2, No such file or directory[0m
[0m[ INFO] [1766466829.309722332]: camera calibration URL: file:///home/ubuntu/.ros/camera_info/head_camera.yaml[0m
[0m[ INFO] [1766466829.310935283]: Starting 'camera' (/dev/usb_cam) at 640x480 via mmap (yuyv) at 30 FPS[0m
[31m[ERROR] [1766466834.763052875]: Cannot identify '/dev/usb_cam': 2, No such file or directory[0m
[0m[ INFO] [1766466834.761895332]: camera calibration URL: file:///home/ubuntu/.ros/camera_info/head_camera.yaml[0m
[0m[ INFO] [1766466834.763004412]: Starting 'camera' (/dev/usb_cam) at 640x480 via mmap (yuyv) at 30 FPS[0m
[31m[ERROR] [1766466840.187764542]: Cannot identify '/dev/usb_cam': 2, No such file or directory[0m
[0m[ INFO] [1766466840.186522035]: camera calibration URL: file:///home/ubuntu/.ros/camera_info/head_camera.yaml[0m
[0m[ INFO] [1766466840.187712023]: Starting 'camera' (/dev/usb_cam) at 640x480 via mmap (yuyv) at 30 FPS[0m
[31m[ERROR] [1766466845.615830663]: Cannot identify '/dev/usb_cam': 2, No such file or directory[0m
[0m[ INFO] [1766466845.614590175]: camera calibration URL: file:///home/ubuntu/.ros/camera_info/head_camera.yaml[0m
[0m[ INFO] [1766466845.615774200]: Starting 'camera' (/dev/usb_cam) at 640x480 via mmap (yuyv) at 30 FPS[0m
[31m[ERROR] [1766466851.067763198]: Cannot identify '/dev/usb_cam': 2, No such file or directory[0m
[0m[ INFO] [1766466851.066377561]: camera calibration URL: file:///home/ubuntu/.ros/camera_info/head_camera.yaml[0m
[0m[ INFO] [1766466851.067712068]: Starting 'camera' (/dev/usb_cam) at 640x480 via mmap (yuyv) at 30 FPS[0m
[31m[ERROR] [1766466856.510816734]: Cannot identify '/dev/usb_cam': 2, No such file or directory[0m
[0m[ INFO] [1766466856.509563042]: camera calibration URL: file:///home/ubuntu/.ros/camera_info/head_camera.yaml[0m
[0m[ INFO] [1766466856.510759733]: Starting 'camera' (/dev/usb_cam) at 640x480 via mmap (yuyv) at 30 FPS[0m
[31m[ERROR] [1766466861.981112810]: Cannot identify '/dev/usb_cam': 2, No such file or directory[0m
[0m[ INFO] [1766466861.979944545]: camera calibration URL: file:///home/ubuntu/.ros/camera_info/head_camera.yaml[0m
[0m[ INFO] [1766466861.981066180]: Starting 'camera' (/dev/usb_cam) at 640x480 via mmap (yuyv) at 30 FPS[0m
[31m[ERROR] [1766466867.403660014]: Cannot identify '/dev/usb_cam': 2, No such file or directory[0m
[0m[ INFO] [1766466867.402498248]: camera calibration URL: file:///home/ubuntu/.ros/camera_info/head_camera.yaml[0m
[0m[ INFO] [1766466867.403609106]: Starting 'camera' (/dev/usb_cam) at 640x480 via mmap (yuyv) at 30 FPS[0m
[31m[ERROR] [1766466872.836340333]: Cannot identify '/dev/usb_cam': 2, No such file or directory[0m
[0m[ INFO] [1766466872.835082863]: camera calibration URL: file:///home/ubuntu/.ros/camera_info/head_camera.yaml[0m
[0m[ INFO] [1766466872.836286833]: Starting 'camera' (/dev/usb_cam) at 640x480 via mmap (yuyv) at 30 FPS[0m
[31m[ERROR] [1766466878.298346424]: Cannot identify '/dev/usb_cam': 2, No such file or directory[0m
[0m[ INFO] [1766466878.297110658]: camera calibration URL: file:///home/ubuntu/.ros/camera_info/head_camera.yaml[0m
[0m[ INFO] [1766466878.298295294]: Starting 'camera' (/dev/usb_cam) at 640x480 via mmap (yuyv) at 30 FPS[0m
[31m[ERROR] [1766466883.722301504]: Cannot identify '/dev/usb_cam': 2, No such file or directory[0m
[0m[ INFO] [1766466883.721013164]: camera calibration URL: file:///home/ubuntu/.ros/camera_info/head_camera.yaml[0m
[0m[ INFO] [1766466883.722252449]: Starting 'camera' (/dev/usb_cam) at 640x480 via mmap (yuyv) at 30 FPS[0m
[31m[ERROR] [1766466889.159957198]: Cannot identify '/dev/usb_cam': 2, No such file or directory[0m
[0m[ INFO] [1766466889.158804970]: camera calibration URL: file:///home/ubuntu/.ros/camera_info/head_camera.yaml[0m
[0m[ INFO] [1766466889.159910031]: Starting 'camera' (/dev/usb_cam) at 640x480 via mmap (yuyv) at 30 FPS[0m
[31m[ERROR] [1766466894.604835397]: Cannot identify '/dev/usb_cam': 2, No such file or directory[0m
[0m[ INFO] [1766466894.603674798]: camera calibration URL: file:///home/ubuntu/.ros/camera_info/head_camera.yaml[0m
[0m[ INFO] [1766466894.604788434]: Starting 'camera' (/dev/usb_cam) at 640x480 via mmap (yuyv) at 30 FPS[0m
[31m[ERROR] [1766466900.043962012]: Cannot identify '/dev/usb_cam': 2, No such file or directory[0m
[0m[ INFO] [1766466900.042743042]: camera calibration URL: file:///home/ubuntu/.ros/camera_info/head_camera.yaml[0m
[0m[ INFO] [1766466900.043906956]: Starting 'camera' (/dev/usb_cam) at 640x480 via mmap (yuyv) at 30 FPS[0m
[31m[ERROR] [1766466905.489064642]: Cannot identify '/dev/usb_cam': 2, No such file or directory[0m
[0m[ INFO] [1766466905.487537115]: camera calibration URL: file:///home/ubuntu/.ros/camera_info/head_camera.yaml[0m
[0m[ INFO] [1766466905.489015734]: Starting 'camera' (/dev/usb_cam) at 640x480 via mmap (yuyv) at 30 FPS[0m
[31m[ERROR] [1766466910.960495765]: Cannot identify '/dev/usb_cam': 2, No such file or directory[0m
[0m[ INFO] [1766466910.959205036]: camera calibration URL: file:///home/ubuntu/.ros/camera_info/head_camera.yaml[0m
[0m[ INFO] [1766466910.960420542]: Starting 'camera' (/dev/usb_cam) at 640x480 via mmap (yuyv) at 30 FPS[0m
[31m[ERROR] [1766466916.373824300]: Cannot identify '/dev/usb_cam': 2, No such file or directory[0m
[0m[ INFO] [1766466916.372692646]: camera calibration URL: file:///home/ubuntu/.ros/camera_info/head_camera.yaml[0m
[0m[ INFO] [1766466916.373773652]: Starting 'camera' (/dev/usb_cam) at 640x480 via mmap (yuyv) at 30 FPS[0m
[31m[camera-2] process has died [pid 13568, exit code 1, cmd /opt/ros/noetic/lib/usb_cam/usb_cam_node __name:=camera __log:=/root/.ros/log/5b549096-dfbb-11f0-98df-2ccf676ee7bc/camera-2.log].
log file: /root/.ros/log/5b549096-dfbb-11f0-98df-2ccf676ee7bc/camera-2*.log[0m
[31m[camera-2] process has died [pid 13666, exit code 1, cmd /opt/ros/noetic/lib/usb_cam/usb_cam_node __name:=camera __log:=/root/.ros/log/5b549096-dfbb-11f0-98df-2ccf676ee7bc/camera-2.log].
log file: /root/.ros/log/5b549096-dfbb-11f0-98df-2ccf676ee7bc/camera-2*.log[0m
[31m[camera-2] process has died [pid 13764, exit code 1, cmd /opt/ros/noetic/lib/usb_cam/usb_cam_node __name:=camera __log:=/root/.ros/log/5b549096-dfbb-11f0-98df-2ccf676ee7bc/camera-2.log].
log file: /root/.ros/log/5b549096-dfbb-11f0-98df-2ccf676ee7bc/camera-2*.log[0m
[31m[camera-2] process has died [pid 14004, exit code 1, cmd /opt/ros/noetic/lib/usb_cam/usb_cam_node __name:=camera __log:=/root/.ros/log/5b549096-dfbb-11f0-98df-2ccf676ee7bc/camera-2.log].
log file: /root/.ros/log/5b549096-dfbb-11f0-98df-2ccf676ee7bc/camera-2*.log[0m
[31m[camera-2] process has died [pid 14065, exit code 1, cmd /opt/ros/noetic/lib/usb_cam/usb_cam_node __name:=camera __log:=/root/.ros/log/5b549096-dfbb-11f0-98df-2ccf676ee7bc/camera-2.log].
log file: /root/.ros/log/5b549096-dfbb-11f0-98df-2ccf676ee7bc/camera-2*.log[0m
[31m[camera-2] process has died [pid 14266, exit code 1, cmd /opt/ros/noetic/lib/usb_cam/usb_cam_node __name:=camera __log:=/root/.ros/log/5b549096-dfbb-11f0-98df-2ccf676ee7bc/camera-2.log].
log file: /root/.ros/log/5b549096-dfbb-11f0-98df-2ccf676ee7bc/camera-2*.log[0m
[31m[camera-2] process has died [pid 14362, exit code 1, cmd /opt/ros/noetic/lib/usb_cam/usb_cam_node __name:=camera __log:=/root/.ros/log/5b549096-dfbb-11f0-98df-2ccf676ee7bc/camera-2.log].
log file: /root/.ros/log/5b549096-dfbb-11f0-98df-2ccf676ee7bc/camera-2*.log[0m
[31m[camera-2] process has died [pid 14460, exit code 1, cmd /opt/ros/noetic/lib/usb_cam/usb_cam_node __name:=camera __log:=/root/.ros/log/5b549096-dfbb-11f0-98df-2ccf676ee7bc/camera-2.log].
log file: /root/.ros/log/5b549096-dfbb-11f0-98df-2ccf676ee7bc/camera-2*.log[0m
[31m[camera-2] process has died [pid 14562, exit code 1, cmd /opt/ros/noetic/lib/usb_cam/usb_cam_node __name:=camera __log:=/root/.ros/log/5b549096-dfbb-11f0-98df-2ccf676ee7bc/camera-2.log].
log file: /root/.ros/log/5b549096-dfbb-11f0-98df-2ccf676ee7bc/camera-2*.log[0m
[31m[camera-2] process has died [pid 14683, exit code 1, cmd /opt/ros/noetic/lib/usb_cam/usb_cam_node __name:=camera __log:=/root/.ros/log/5b549096-dfbb-11f0-98df-2ccf676ee7bc/camera-2.log].
log file: /root/.ros/log/5b549096-dfbb-11f0-98df-2ccf676ee7bc/camera-2*.log[0m
[31m[camera-2] process has died [pid 14754, exit code 1, cmd /opt/ros/noetic/lib/usb_cam/usb_cam_node __name:=camera __log:=/root/.ros/log/5b549096-dfbb-11f0-98df-2ccf676ee7bc/camera-2.log].
log file: /root/.ros/log/5b549096-dfbb-11f0-98df-2ccf676ee7bc/camera-2*.log[0m
[31m[camera-2] process has died [pid 14905, exit code 1, cmd /opt/ros/noetic/lib/usb_cam/usb_cam_node __name:=camera __log:=/root/.ros/log/5b549096-dfbb-11f0-98df-2ccf676ee7bc/camera-2.log].
log file: /root/.ros/log/5b549096-dfbb-11f0-98df-2ccf676ee7bc/camera-2*.log[0m
[31m[camera-2] process has died [pid 15158, exit code 1, cmd /opt/ros/noetic/lib/usb_cam/usb_cam_node __name:=camera __log:=/root/.ros/log/5b549096-dfbb-11f0-98df-2ccf676ee7bc/camera-2.log].
log file: /root/.ros/log/5b549096-dfbb-11f0-98df-2ccf676ee7bc/camera-2*.log[0m
[31m[camera-2] process has died [pid 15256, exit code 1, cmd /opt/ros/noetic/lib/usb_cam/usb_cam_node __name:=camera __log:=/root/.ros/log/5b549096-dfbb-11f0-98df-2ccf676ee7bc/camera-2.log].
log file: /root/.ros/log/5b549096-dfbb-11f0-98df-2ccf676ee7bc/camera-2*.log[0m
[31m[camera-2] process has died [pid 15358, exit code 1, cmd /opt/ros/noetic/lib/usb_cam/usb_cam_node __name:=camera __log:=/root/.ros/log/5b549096-dfbb-11f0-98df-2ccf676ee7bc/camera-2.log].
log file: /root/.ros/log/5b549096-dfbb-11f0-98df-2ccf676ee7bc/camera-2*.log[0m
[31m[camera-2] process has died [pid 15483, exit code 1, cmd /opt/ros/noetic/lib/usb_cam/usb_cam_node __name:=camera __log:=/root/.ros/log/5b549096-dfbb-11f0-98df-2ccf676ee7bc/camera-2.log].
log file: /root/.ros/log/5b549096-dfbb-11f0-98df-2ccf676ee7bc/camera-2*.log[0m
[31m[camera-2] process has died [pid 15581, exit code 1, cmd /opt/ros/noetic/lib/usb_cam/usb_cam_node __name:=camera __log:=/root/.ros/log/5b549096-dfbb-11f0-98df-2ccf676ee7bc/camera-2.log].
log file: /root/.ros/log/5b549096-dfbb-11f0-98df-2ccf676ee7bc/camera-2*.log[0m
[31m[camera-2] process has died [pid 15675, exit code 1, cmd /opt/ros/noetic/lib/usb_cam/usb_cam_node __name:=camera __log:=/root/.ros/log/5b549096-dfbb-11f0-98df-2ccf676ee7bc/camera-2.log].
log file: /root/.ros/log/5b549096-dfbb-11f0-98df-2ccf676ee7bc/camera-2*.log[0m
[31m[camera-2] process has died [pid 15902, exit code 1, cmd /opt/ros/noetic/lib/usb_cam/usb_cam_node __name:=camera __log:=/root/.ros/log/5b549096-dfbb-11f0-98df-2ccf676ee7bc/camera-2.log].
log file: /root/.ros/log/5b549096-dfbb-11f0-98df-2ccf676ee7bc/camera-2*.log[0m
[31m[camera-2] process has died [pid 16068, exit code 1, cmd /opt/ros/noetic/lib/usb_cam/usb_cam_node __name:=camera __log:=/root/.ros/log/5b549096-dfbb-11f0-98df-2ccf676ee7bc/camera-2.log].
log file: /root/.ros/log/5b549096-dfbb-11f0-98df-2ccf676ee7bc/camera-2*.log[0m
[31m[camera-2] process has died [pid 16166, exit code 1, cmd /opt/ros/noetic/lib/usb_cam/usb_cam_node __name:=camera __log:=/root/.ros/log/5b549096-dfbb-11f0-98df-2ccf676ee7bc/camera-2.log].
log file: /root/.ros/log/5b549096-dfbb-11f0-98df-2ccf676ee7bc/camera-2*.log[0m
[31m[camera-2] process has died [pid 16262, exit code 1, cmd /opt/ros/noetic/lib/usb_cam/usb_cam_node __name:=camera __log:=/root/.ros/log/5b549096-dfbb-11f0-98df-2ccf676ee7bc/camera-2.log].
log file: /root/.ros/log/5b549096-dfbb-11f0-98df-2ccf676ee7bc/camera-2*.log[0m
[31m[camera-2] process has died [pid 16381, exit code 1, cmd /opt/ros/noetic/lib/usb_cam/usb_cam_node __name:=camera __log:=/root/.ros/log/5b549096-dfbb-11f0-98df-2ccf676ee7bc/camera-2.log].
log file: /root/.ros/log/5b549096-dfbb-11f0-98df-2ccf676ee7bc/camera-2*.log[0m
[31m[camera-2] process has died [pid 16467, exit code 1, cmd /opt/ros/noetic/lib/usb_cam/usb_cam_node __name:=camera __log:=/root/.ros/log/5b549096-dfbb-11f0-98df-2ccf676ee7bc/camera-2.log].
log file: /root/.ros/log/5b549096-dfbb-11f0-98df-2ccf676ee7bc/camera-2*.log[0m
[31m[camera-2] process has died [pid 16774, exit code 1, cmd /opt/ros/noetic/lib/usb_cam/usb_cam_node __name:=camera __log:=/root/.ros/log/5b549096-dfbb-11f0-98df-2ccf676ee7bc/camera-2.log].
log file: /root/.ros/log/5b549096-dfbb-11f0-98df-2ccf676ee7bc/camera-2*.log[0m
[31m[camera-2] process has died [pid 16872, exit code 1, cmd /opt/ros/noetic/lib/usb_cam/usb_cam_node __name:=camera __log:=/root/.ros/log/5b549096-dfbb-11f0-98df-2ccf676ee7bc/camera-2.log].
log file: /root/.ros/log/5b549096-dfbb-11f0-98df-2ccf676ee7bc/camera-2*.log[0m
[31m[camera-2] process has died [pid 16970, exit code 1, cmd /opt/ros/noetic/lib/usb_cam/usb_cam_node __name:=camera __log:=/root/.ros/log/5b549096-dfbb-11f0-98df-2ccf676ee7bc/camera-2.log].
log file: /root/.ros/log/5b549096-dfbb-11f0-98df-2ccf676ee7bc/camera-2*.log[0m
[31m[camera-2] process has died [pid 17066, exit code 1, cmd /opt/ros/noetic/lib/usb_cam/usb_cam_node __name:=camera __log:=/root/.ros/log/5b549096-dfbb-11f0-98df-2ccf676ee7bc/camera-2.log].
log file: /root/.ros/log/5b549096-dfbb-11f0-98df-2ccf676ee7bc/camera-2*.log[0m
[31m[camera-2] process has died [pid 17160, exit code 1, cmd /opt/ros/noetic/lib/usb_cam/usb_cam_node __name:=camera __log:=/root/.ros/log/5b549096-dfbb-11f0-98df-2ccf676ee7bc/camera-2.log].
log file: /root/.ros/log/5b549096-dfbb-11f0-98df-2ccf676ee7bc/camera-2*.log[0m
[31m[camera-2] process has died [pid 17384, exit code 1, cmd /opt/ros/noetic/lib/usb_cam/usb_cam_node __name:=camera __log:=/root/.ros/log/5b549096-dfbb-11f0-98df-2ccf676ee7bc/camera-2.log].
log file: /root/.ros/log/5b549096-dfbb-11f0-98df-2ccf676ee7bc/camera-2*.log[0m
[31m[ERROR] [1766466921.821988151]: Cannot identify '/dev/usb_cam': 2, No such file or directory[0m
[0m[ INFO] [1766466921.820200697]: camera calibration URL: file:///home/ubuntu/.ros/camera_info/head_camera.yaml[0m
[0m[ INFO] [1766466921.821927076]: Starting 'camera' (/dev/usb_cam) at 640x480 via mmap (yuyv) at 30 FPS[0m
[31m[ERROR] [1766466927.234399882]: Cannot identify '/dev/usb_cam': 2, No such file or directory[0m
[0m[ INFO] [1766466927.233148987]: camera calibration URL: file:///home/ubuntu/.ros/camera_info/head_camera.yaml[0m
[0m[ INFO] [1766466927.234330345]: Starting 'camera' (/dev/usb_cam) at 640x480 via mmap (yuyv) at 30 FPS[0m
[31m[ERROR] [1766466932.600890939]: Cannot identify '/dev/usb_cam': 2, No such file or directory[0m
[0m[ INFO] [1766466932.599354060]: camera calibration URL: file:///home/ubuntu/.ros/camera_info/head_camera.yaml[0m
[0m[ INFO] [1766466932.600831605]: Starting 'camera' (/dev/usb_cam) at 640x480 via mmap (yuyv) at 30 FPS[0m
[31m[ERROR] [1766466938.036401732]: Cannot identify '/dev/usb_cam': 2, No such file or directory[0m
[0m[ INFO] [1766466938.035084503]: camera calibration URL: file:///home/ubuntu/.ros/camera_info/head_camera.yaml[0m
[0m[ INFO] [1766466938.036343028]: Starting 'camera' (/dev/usb_cam) at 640x480 via mmap (yuyv) at 30 FPS[0m
[31m[ERROR] [1766466943.476822308]: Cannot identify '/dev/usb_cam': 2, No such file or directory[0m
[0m[ INFO] [1766466943.475167558]: camera calibration URL: file:///home/ubuntu/.ros/camera_info/head_camera.yaml[0m
[0m[ INFO] [1766466943.476759882]: Starting 'camera' (/dev/usb_cam) at 640x480 via mmap (yuyv) at 30 FPS[0m
[31m[ERROR] [1766466948.909810395]: Cannot identify '/dev/usb_cam': 2, No such file or directory[0m
[0m[ INFO] [1766466948.908576518]: camera calibration URL: file:///home/ubuntu/.ros/camera_info/head_camera.yaml[0m
[0m[ INFO] [1766466948.909762635]: Starting 'camera' (/dev/usb_cam) at 640x480 via mmap (yuyv) at 30 FPS[0m
[31m[ERROR] [1766466954.355200932]: Cannot identify '/dev/usb_cam': 2, No such file or directory[0m
[0m[ INFO] [1766466954.353984611]: camera calibration URL: file:///home/ubuntu/.ros/camera_info/head_camera.yaml[0m
[0m[ INFO] [1766466954.355138246]: Starting 'camera' (/dev/usb_cam) at 640x480 via mmap (yuyv) at 30 FPS[0m
[31m[ERROR] [1766466959.807511371]: Cannot identify '/dev/usb_cam': 2, No such file or directory[0m
[0m[ INFO] [1766466959.805890788]: camera calibration URL: file:///home/ubuntu/.ros/camera_info/head_camera.yaml[0m
[0m[ INFO] [1766466959.807462778]: Starting 'camera' (/dev/usb_cam) at 640x480 via mmap (yuyv) at 30 FPS[0m
[31m[ERROR] [1766466965.233755663]: Cannot identify '/dev/usb_cam': 2, No such file or directory[0m
[0m[ INFO] [1766466965.232609157]: camera calibration URL: file:///home/ubuntu/.ros/camera_info/head_camera.yaml[0m
[0m[ INFO] [1766466965.233704237]: Starting 'camera' (/dev/usb_cam) at 640x480 via mmap (yuyv) at 30 FPS[0m
[31m[ERROR] [1766466970.698841121]: Cannot identify '/dev/usb_cam': 2, No such file or directory[0m
[0m[ INFO] [1766466970.697304853]: camera calibration URL: file:///home/ubuntu/.ros/camera_info/head_camera.yaml[0m
[0m[ INFO] [1766466970.698781880]: Starting 'camera' (/dev/usb_cam) at 640x480 via mmap (yuyv) at 30 FPS[0m
[31m[ERROR] [1766466976.166980476]: Cannot identify '/dev/usb_cam': 2, No such file or directory[0m
[0m[ INFO] [1766466976.165512468]: camera calibration URL: file:///home/ubuntu/.ros/camera_info/head_camera.yaml[0m
[0m[ INFO] [1766466976.166926291]: Starting 'camera' (/dev/usb_cam) at 640x480 via mmap (yuyv) at 30 FPS[0m
[31m[ERROR] [1766466981.563154046]: Cannot identify '/dev/usb_cam': 2, No such file or directory[0m
[0m[ INFO] [1766466981.562002651]: camera calibration URL: file:///home/ubuntu/.ros/camera_info/head_camera.yaml[0m
[0m[ INFO] [1766466981.563098397]: Starting 'camera' (/dev/usb_cam) at 640x480 via mmap (yuyv) at 30 FPS[0m
[31m[ERROR] [1766466986.907655048]: Cannot identify '/dev/usb_cam': 2, No such file or directory[0m
[0m[ INFO] [1766466986.906042817]: camera calibration URL: file:///home/ubuntu/.ros/camera_info/head_camera.yaml[0m
[0m[ INFO] [1766466986.907603251]: Starting 'camera' (/dev/usb_cam) at 640x480 via mmap (yuyv) at 30 FPS[0m
[31m[ERROR] [1766466992.351393800]: Cannot identify '/dev/usb_cam': 2, No such file or directory[0m
[0m[ INFO] [1766466992.350046182]: camera calibration URL: file:///home/ubuntu/.ros/camera_info/head_camera.yaml[0m
[0m[ INFO] [1766466992.351336263]: Starting 'camera' (/dev/usb_cam) at 640x480 via mmap (yuyv) at 30 FPS[0m
[31m[ERROR] [1766466997.793939961]: Cannot identify '/dev/usb_cam': 2, No such file or directory[0m
[0m[ INFO] [1766466997.792693418]: camera calibration URL: file:///home/ubuntu/.ros/camera_info/head_camera.yaml[0m
[0m[ INFO] [1766466997.793887369]: Starting 'camera' (/dev/usb_cam) at 640x480 via mmap (yuyv) at 30 FPS[0m
[31m[ERROR] [1766467003.268857455]: Cannot identify '/dev/usb_cam': 2, No such file or directory[0m
[0m[ INFO] [1766467003.267678763]: camera calibration URL: file:///home/ubuntu/.ros/camera_info/head_camera.yaml[0m
[0m[ INFO] [1766467003.268807214]: Starting 'camera' (/dev/usb_cam) at 640x480 via mmap (yuyv) at 30 FPS[0m
[31m[ERROR] [1766467008.680278944]: Cannot identify '/dev/usb_cam': 2, No such file or directory[0m
[0m[ INFO] [1766467008.679108826]: camera calibration URL: file:///home/ubuntu/.ros/camera_info/head_camera.yaml[0m
[0m[ INFO] [1766467008.680220462]: Starting 'camera' (/dev/usb_cam) at 640x480 via mmap (yuyv) at 30 FPS[0m
[31m[ERROR] [1766467014.121943974]: Cannot identify '/dev/usb_cam': 2, No such file or directory[0m
[0m[ INFO] [1766467014.120684930]: camera calibration URL: file:///home/ubuntu/.ros/camera_info/head_camera.yaml[0m
[0m[ INFO] [1766467014.121893270]: Starting 'camera' (/dev/usb_cam) at 640x480 via mmap (yuyv) at 30 FPS[0m
[31m[ERROR] [1766467019.574680219]: Cannot identify '/dev/usb_cam': 2, No such file or directory[0m
[0m[ INFO] [1766467019.573439009]: camera calibration URL: file:///home/ubuntu/.ros/camera_info/head_camera.yaml[0m
[0m[ INFO] [1766467019.574631960]: Starting 'camera' (/dev/usb_cam) at 640x480 via mmap (yuyv) at 30 FPS[0m
[31m[ERROR] [1766467025.026916449]: Cannot identify '/dev/usb_cam': 2, No such file or directory[0m
[0m[ INFO] [1766467025.025302922]: camera calibration URL: file:///home/ubuntu/.ros/camera_info/head_camera.yaml[0m
[0m[ INFO] [1766467025.026857189]: Starting 'camera' (/dev/usb_cam) at 640x480 via mmap (yuyv) at 30 FPS[0m
[31m[ERROR] [1766467030.442374317]: Cannot identify '/dev/usb_cam': 2, No such file or directory[0m
[0m[ INFO] [1766467030.441189940]: camera calibration URL: file:///home/ubuntu/.ros/camera_info/head_camera.yaml[0m
[0m[ INFO] [1766467030.442323316]: Starting 'camera' (/dev/usb_cam) at 640x480 via mmap (yuyv) at 30 FPS[0m
[31m[ERROR] [1766467035.874220112]: Cannot identify '/dev/usb_cam': 2, No such file or directory[0m
[0m[ INFO] [1766467035.872938290]: camera calibration URL: file:///home/ubuntu/.ros/camera_info/head_camera.yaml[0m
[0m[ INFO] [1766467035.874168482]: Starting 'camera' (/dev/usb_cam) at 640x480 via mmap (yuyv) at 30 FPS[0m
[31m[ERROR] [1766467041.259023654]: Cannot identify '/dev/usb_cam': 2, No such file or directory[0m
[0m[ INFO] [1766467041.257468738]: camera calibration URL: file:///home/ubuntu/.ros/camera_info/head_camera.yaml[0m
[0m[ INFO] [1766467041.258973691]: Starting 'camera' (/dev/usb_cam) at 640x480 via mmap (yuyv) at 30 FPS[0m
[31m[ERROR] [1766467046.668656817]: Cannot identify '/dev/usb_cam': 2, No such file or directory[0m
[0m[ INFO] [1766467046.667433273]: camera calibration URL: file:///home/ubuntu/.ros/camera_info/head_camera.yaml[0m
[0m[ INFO] [1766467046.668609279]: Starting 'camera' (/dev/usb_cam) at 640x480 via mmap (yuyv) at 30 FPS[0m
[31m[ERROR] [1766467052.110703826]: Cannot identify '/dev/usb_cam': 2, No such file or directory[0m
[0m[ INFO] [1766467052.109451097]: camera calibration URL: file:///home/ubuntu/.ros/camera_info/head_camera.yaml[0m
[0m[ INFO] [1766467052.110646678]: Starting 'camera' (/dev/usb_cam) at 640x480 via mmap (yuyv) at 30 FPS[0m
[31m[ERROR] [1766467057.565081240]: Cannot identify '/dev/usb_cam': 2, No such file or directory[0m
[0m[ INFO] [1766467057.563662065]: camera calibration URL: file:///home/ubuntu/.ros/camera_info/head_camera.yaml[0m
[0m[ INFO] [1766467057.565015869]: Starting 'camera' (/dev/usb_cam) at 640x480 via mmap (yuyv) at 30 FPS[0m
[31m[ERROR] [1766467063.137069059]: Cannot identify '/dev/usb_cam': 2, No such file or directory[0m
[0m[ INFO] [1766467063.133739022]: camera calibration URL: file:///home/ubuntu/.ros/camera_info/head_camera.yaml[0m
[0m[ INFO] [1766467063.136966243]: Starting 'camera' (/dev/usb_cam) at 640x480 via mmap (yuyv) at 30 FPS[0m
[31m[ERROR] [1766467068.550066398]: Cannot identify '/dev/usb_cam': 2, No such file or directory[0m
[0m[ INFO] [1766467068.548877947]: camera calibration URL: file:///home/ubuntu/.ros/camera_info/head_camera.yaml[0m
[0m[ INFO] [1766467068.550016120]: Starting 'camera' (/dev/usb_cam) at 640x480 via mmap (yuyv) at 30 FPS[0m
[31m[ERROR] [1766467073.992017731]: Cannot identify '/dev/usb_cam': 2, No such file or directory[0m
[0m[ INFO] [1766467073.989332809]: camera calibration URL: file:///home/ubuntu/.ros/camera_info/head_camera.yaml[0m
[0m[ INFO] [1766467073.991934083]: Starting 'camera' (/dev/usb_cam) at 640x480 via mmap (yuyv) at 30 FPS[0m
[31m[ERROR] [1766467079.440610269]: Cannot identify '/dev/usb_cam': 2, No such file or directory[0m
[0m[ INFO] [1766467079.439368058]: camera calibration URL: file:///home/ubuntu/.ros/camera_info/head_camera.yaml[0m
[0m[ INFO] [1766467079.440562676]: Starting 'camera' (/dev/usb_cam) at 640x480 via mmap (yuyv) at 30 FPS[0m
[31m[camera-2] process has died [pid 17574, exit code 1, cmd /opt/ros/noetic/lib/usb_cam/usb_cam_node __name:=camera __log:=/root/.ros/log/5b549096-dfbb-11f0-98df-2ccf676ee7bc/camera-2.log].
log file: /root/.ros/log/5b549096-dfbb-11f0-98df-2ccf676ee7bc/camera-2*.log[0m
[31m[camera-2] process has died [pid 17602, exit code 1, cmd /opt/ros/noetic/lib/usb_cam/usb_cam_node __name:=camera __log:=/root/.ros/log/5b549096-dfbb-11f0-98df-2ccf676ee7bc/camera-2.log].
log file: /root/.ros/log/5b549096-dfbb-11f0-98df-2ccf676ee7bc/camera-2*.log[0m
[31m[camera-2] process has died [pid 17788, exit code 1, cmd /opt/ros/noetic/lib/usb_cam/usb_cam_node __name:=camera __log:=/root/.ros/log/5b549096-dfbb-11f0-98df-2ccf676ee7bc/camera-2.log].
log file: /root/.ros/log/5b549096-dfbb-11f0-98df-2ccf676ee7bc/camera-2*.log[0m
[31m[camera-2] process has died [pid 17867, exit code 1, cmd /opt/ros/noetic/lib/usb_cam/usb_cam_node __name:=camera __log:=/root/.ros/log/5b549096-dfbb-11f0-98df-2ccf676ee7bc/camera-2.log].
log file: /root/.ros/log/5b549096-dfbb-11f0-98df-2ccf676ee7bc/camera-2*.log[0m
[31m[camera-2] process has died [pid 18169, exit code 1, cmd /opt/ros/noetic/lib/usb_cam/usb_cam_node __name:=camera __log:=/root/.ros/log/5b549096-dfbb-11f0-98df-2ccf676ee7bc/camera-2.log].
log file: /root/.ros/log/5b549096-dfbb-11f0-98df-2ccf676ee7bc/camera-2*.log[0m
[31m[camera-2] process has died [pid 18311, exit code 1, cmd /opt/ros/noetic/lib/usb_cam/usb_cam_node __name:=camera __log:=/root/.ros/log/5b549096-dfbb-11f0-98df-2ccf676ee7bc/camera-2.log].
log file: /root/.ros/log/5b549096-dfbb-11f0-98df-2ccf676ee7bc/camera-2*.log[0m
[31m[camera-2] process has died [pid 18402, exit code 1, cmd /opt/ros/noetic/lib/usb_cam/usb_cam_node __name:=camera __log:=/root/.ros/log/5b549096-dfbb-11f0-98df-2ccf676ee7bc/camera-2.log].
log file: /root/.ros/log/5b549096-dfbb-11f0-98df-2ccf676ee7bc/camera-2*.log[0m
[31m[camera-2] process has died [pid 18430, exit code 1, cmd /opt/ros/noetic/lib/usb_cam/usb_cam_node __name:=camera __log:=/root/.ros/log/5b549096-dfbb-11f0-98df-2ccf676ee7bc/camera-2.log].
log file: /root/.ros/log/5b549096-dfbb-11f0-98df-2ccf676ee7bc/camera-2*.log[0m
[31m[camera-2] process has died [pid 18529, exit code 1, cmd /opt/ros/noetic/lib/usb_cam/usb_cam_node __name:=camera __log:=/root/.ros/log/5b549096-dfbb-11f0-98df-2ccf676ee7bc/camera-2.log].
log file: /root/.ros/log/5b549096-dfbb-11f0-98df-2ccf676ee7bc/camera-2*.log[0m
[31m[camera-2] process has died [pid 18620, exit code 1, cmd /opt/ros/noetic/lib/usb_cam/usb_cam_node __name:=camera __log:=/root/.ros/log/5b549096-dfbb-11f0-98df-2ccf676ee7bc/camera-2.log].
log file: /root/.ros/log/5b549096-dfbb-11f0-98df-2ccf676ee7bc/camera-2*.log[0m
[31m[camera-2] process has died [pid 18652, exit code 1, cmd /opt/ros/noetic/lib/usb_cam/usb_cam_node __name:=camera __log:=/root/.ros/log/5b549096-dfbb-11f0-98df-2ccf676ee7bc/camera-2.log].
log file: /root/.ros/log/5b549096-dfbb-11f0-98df-2ccf676ee7bc/camera-2*.log[0m
[31m[camera-2] process has died [pid 18760, exit code 1, cmd /opt/ros/noetic/lib/usb_cam/usb_cam_node __name:=camera __log:=/root/.ros/log/5b549096-dfbb-11f0-98df-2ccf676ee7bc/camera-2.log].
log file: /root/.ros/log/5b549096-dfbb-11f0-98df-2ccf676ee7bc/camera-2*.log[0m
[31m[camera-2] process has died [pid 19096, exit code 1, cmd /opt/ros/noetic/lib/usb_cam/usb_cam_node __name:=camera __log:=/root/.ros/log/5b549096-dfbb-11f0-98df-2ccf676ee7bc/camera-2.log].
log file: /root/.ros/log/5b549096-dfbb-11f0-98df-2ccf676ee7bc/camera-2*.log[0m
[31m[camera-2] process has died [pid 19198, exit code 1, cmd /opt/ros/noetic/lib/usb_cam/usb_cam_node __name:=camera __log:=/root/.ros/log/5b549096-dfbb-11f0-98df-2ccf676ee7bc/camera-2.log].
log file: /root/.ros/log/5b549096-dfbb-11f0-98df-2ccf676ee7bc/camera-2*.log[0m
[31m[camera-2] process has died [pid 19333, exit code 1, cmd /opt/ros/noetic/lib/usb_cam/usb_cam_node __name:=camera __log:=/root/.ros/log/5b549096-dfbb-11f0-98df-2ccf676ee7bc/camera-2.log].
log file: /root/.ros/log/5b549096-dfbb-11f0-98df-2ccf676ee7bc/camera-2*.log[0m
[31m[camera-2] process has died [pid 19431, exit code 1, cmd /opt/ros/noetic/lib/usb_cam/usb_cam_node __name:=camera __log:=/root/.ros/log/5b549096-dfbb-11f0-98df-2ccf676ee7bc/camera-2.log].
log file: /root/.ros/log/5b549096-dfbb-11f0-98df-2ccf676ee7bc/camera-2*.log[0m
[31m[camera-2] process has died [pid 19543, exit code 1, cmd /opt/ros/noetic/lib/usb_cam/usb_cam_node __name:=camera __log:=/root/.ros/log/5b549096-dfbb-11f0-98df-2ccf676ee7bc/camera-2.log].
log file: /root/.ros/log/5b549096-dfbb-11f0-98df-2ccf676ee7bc/camera-2*.log[0m
[31m[camera-2] process has died [pid 19729, exit code 1, cmd /opt/ros/noetic/lib/usb_cam/usb_cam_node __name:=camera __log:=/root/.ros/log/5b549096-dfbb-11f0-98df-2ccf676ee7bc/camera-2.log].
log file: /root/.ros/log/5b549096-dfbb-11f0-98df-2ccf676ee7bc/camera-2*.log[0m
[31m[camera-2] process has died [pid 19757, exit code 1, cmd /opt/ros/noetic/lib/usb_cam/usb_cam_node __name:=camera __log:=/root/.ros/log/5b549096-dfbb-11f0-98df-2ccf676ee7bc/camera-2.log].
log file: /root/.ros/log/5b549096-dfbb-11f0-98df-2ccf676ee7bc/camera-2*.log[0m
[31m[camera-2] process has died [pid 19785, exit code 1, cmd /opt/ros/noetic/lib/usb_cam/usb_cam_node __name:=camera __log:=/root/.ros/log/5b549096-dfbb-11f0-98df-2ccf676ee7bc/camera-2.log].
log file: /root/.ros/log/5b549096-dfbb-11f0-98df-2ccf676ee7bc/camera-2*.log[0m
[31m[camera-2] process has died [pid 19809, exit code 1, cmd /opt/ros/noetic/lib/usb_cam/usb_cam_node __name:=camera __log:=/root/.ros/log/5b549096-dfbb-11f0-98df-2ccf676ee7bc/camera-2.log].
log file: /root/.ros/log/5b549096-dfbb-11f0-98df-2ccf676ee7bc/camera-2*.log[0m
[31m[camera-2] process has died [pid 19840, exit code 1, cmd /opt/ros/noetic/lib/usb_cam/usb_cam_node __name:=camera __log:=/root/.ros/log/5b549096-dfbb-11f0-98df-2ccf676ee7bc/camera-2.log].
log file: /root/.ros/log/5b549096-dfbb-11f0-98df-2ccf676ee7bc/camera-2*.log[0m
[31m[camera-2] process has died [pid 19868, exit code 1, cmd /opt/ros/noetic/lib/usb_cam/usb_cam_node __name:=camera __log:=/root/.ros/log/5b549096-dfbb-11f0-98df-2ccf676ee7bc/camera-2.log].
log file: /root/.ros/log/5b549096-dfbb-11f0-98df-2ccf676ee7bc/camera-2*.log[0m
[31m[camera-2] process has died [pid 19891, exit code 1, cmd /opt/ros/noetic/lib/usb_cam/usb_cam_node __name:=camera __log:=/root/.ros/log/5b549096-dfbb-11f0-98df-2ccf676ee7bc/camera-2.log].
log file: /root/.ros/log/5b549096-dfbb-11f0-98df-2ccf676ee7bc/camera-2*.log[0m
[31m[camera-2] process has died [pid 19919, exit code 1, cmd /opt/ros/noetic/lib/usb_cam/usb_cam_node __name:=camera __log:=/root/.ros/log/5b549096-dfbb-11f0-98df-2ccf676ee7bc/camera-2.log].
log file: /root/.ros/log/5b549096-dfbb-11f0-98df-2ccf676ee7bc/camera-2*.log[0m
[31m[camera-2] process has died [pid 19947, exit code 1, cmd /opt/ros/noetic/lib/usb_cam/usb_cam_node __name:=camera __log:=/root/.ros/log/5b549096-dfbb-11f0-98df-2ccf676ee7bc/camera-2.log].
log file: /root/.ros/log/5b549096-dfbb-11f0-98df-2ccf676ee7bc/camera-2*.log[0m
[31m[camera-2] process has died [pid 19969, exit code 1, cmd /opt/ros/noetic/lib/usb_cam/usb_cam_node __name:=camera __log:=/root/.ros/log/5b549096-dfbb-11f0-98df-2ccf676ee7bc/camera-2.log].
log file: /root/.ros/log/5b549096-dfbb-11f0-98df-2ccf676ee7bc/camera-2*.log[0m
[31m[camera-2] process has died [pid 20007, exit code 1, cmd /opt/ros/noetic/lib/usb_cam/usb_cam_node __name:=camera __log:=/root/.ros/log/5b549096-dfbb-11f0-98df-2ccf676ee7bc/camera-2.log].
log file: /root/.ros/log/5b549096-dfbb-11f0-98df-2ccf676ee7bc/camera-2*.log[0m
[31m[camera-2] process has died [pid 20038, exit code 1, cmd /opt/ros/noetic/lib/usb_cam/usb_cam_node __name:=camera __log:=/root/.ros/log/5b549096-dfbb-11f0-98df-2ccf676ee7bc/camera-2.log].
log file: /root/.ros/log/5b549096-dfbb-11f0-98df-2ccf676ee7bc/camera-2*.log[0m
[31m[camera-2] process has died [pid 20060, exit code 1, cmd /opt/ros/noetic/lib/usb_cam/usb_cam_node __name:=camera __log:=/root/.ros/log/5b549096-dfbb-11f0-98df-2ccf676ee7bc/camera-2.log].
log file: /root/.ros/log/5b549096-dfbb-11f0-98df-2ccf676ee7bc/camera-2*.log[0m
[31m[ERROR] [1766467084.949099357]: Cannot identify '/dev/usb_cam': 2, No such file or directory[0m
[0m[ INFO] [1766467084.947642349]: camera calibration URL: file:///home/ubuntu/.ros/camera_info/head_camera.yaml[0m
[0m[ INFO] [1766467084.949047931]: Starting 'camera' (/dev/usb_cam) at 640x480 via mmap (yuyv) at 30 FPS[0m
[31m[ERROR] [1766467090.318370312]: Cannot identify '/dev/usb_cam': 2, No such file or directory[0m
[0m[ INFO] [1766467090.317090527]: camera calibration URL: file:///home/ubuntu/.ros/camera_info/head_camera.yaml[0m
[0m[ INFO] [1766467090.318313182]: Starting 'camera' (/dev/usb_cam) at 640x480 via mmap (yuyv) at 30 FPS[0m
[31m[ERROR] [1766467095.778412172]: Cannot identify '/dev/usb_cam': 2, No such file or directory[0m
[0m[ INFO] [1766467095.777198851]: camera calibration URL: file:///home/ubuntu/.ros/camera_info/head_camera.yaml[0m
[0m[ INFO] [1766467095.778362931]: Starting 'camera' (/dev/usb_cam) at 640x480 via mmap (yuyv) at 30 FPS[0m
[31m[ERROR] [1766467101.218510570]: Cannot identify '/dev/usb_cam': 2, No such file or directory[0m
[0m[ INFO] [1766467101.217320953]: camera calibration URL: file:///home/ubuntu/.ros/camera_info/head_camera.yaml[0m
[0m[ INFO] [1766467101.218455311]: Starting 'camera' (/dev/usb_cam) at 640x480 via mmap (yuyv) at 30 FPS[0m
[31m[ERROR] [1766467106.661178241]: Cannot identify '/dev/usb_cam': 2, No such file or directory[0m
[0m[ INFO] [1766467106.660013901]: camera calibration URL: file:///home/ubuntu/.ros/camera_info/head_camera.yaml[0m
[0m[ INFO] [1766467106.661132759]: Starting 'camera' (/dev/usb_cam) at 640x480 via mmap (yuyv) at 30 FPS[0m
[31m[ERROR] [1766467112.099608887]: Cannot identify '/dev/usb_cam': 2, No such file or directory[0m
[0m[ INFO] [1766467112.098427121]: camera calibration URL: file:///home/ubuntu/.ros/camera_info/head_camera.yaml[0m
[0m[ INFO] [1766467112.099554424]: Starting 'camera' (/dev/usb_cam) at 640x480 via mmap (yuyv) at 30 FPS[0m
[31m[ERROR] [1766467117.547237045]: Cannot identify '/dev/usb_cam': 2, No such file or directory[0m
[0m[ INFO] [1766467117.546002261]: camera calibration URL: file:///home/ubuntu/.ros/camera_info/head_camera.yaml[0m
[0m[ INFO] [1766467117.547181582]: Starting 'camera' (/dev/usb_cam) at 640x480 via mmap (yuyv) at 30 FPS[0m
[31m[ERROR] [1766467122.993422082]: Cannot identify '/dev/usb_cam': 2, No such file or directory[0m
[0m[ INFO] [1766467122.991291700]: camera calibration URL: file:///home/ubuntu/.ros/camera_info/head_camera.yaml[0m
[0m[ INFO] [1766467122.993370508]: Starting 'camera' (/dev/usb_cam) at 640x480 via mmap (yuyv) at 30 FPS[0m
[31m[ERROR] [1766467128.410880107]: Cannot identify '/dev/usb_cam': 2, No such file or directory[0m
[0m[ INFO] [1766467128.409743082]: camera calibration URL: file:///home/ubuntu/.ros/camera_info/head_camera.yaml[0m
[0m[ INFO] [1766467128.410829310]: Starting 'camera' (/dev/usb_cam) at 640x480 via mmap (yuyv) at 30 FPS[0m
[31m[ERROR] [1766467133.762257523]: Cannot identify '/dev/usb_cam': 2, No such file or directory[0m
[0m[ INFO] [1766467133.761064553]: camera calibration URL: file:///home/ubuntu/.ros/camera_info/head_camera.yaml[0m
[0m[ INFO] [1766467133.762206263]: Starting 'camera' (/dev/usb_cam) at 640x480 via mmap (yuyv) at 30 FPS[0m
[31m[ERROR] [1766467139.235921277]: Cannot identify '/dev/usb_cam': 2, No such file or directory[0m
[0m[ INFO] [1766467139.234615530]: camera calibration URL: file:///home/ubuntu/.ros/camera_info/head_camera.yaml[0m
[0m[ INFO] [1766467139.235848055]: Starting 'camera' (/dev/usb_cam) at 640x480 via mmap (yuyv) at 30 FPS[0m
[31m[ERROR] [1766467144.677120961]: Cannot identify '/dev/usb_cam': 2, No such file or directory[0m
[0m[ INFO] [1766467144.675774490]: camera calibration URL: file:///home/ubuntu/.ros/camera_info/head_camera.yaml[0m
[0m[ INFO] [1766467144.677061645]: Starting 'camera' (/dev/usb_cam) at 640x480 via mmap (yuyv) at 30 FPS[0m
[31m[ERROR] [1766467150.115556069]: Cannot identify '/dev/usb_cam': 2, No such file or directory[0m
[0m[ INFO] [1766467150.114313099]: camera calibration URL: file:///home/ubuntu/.ros/camera_info/head_camera.yaml[0m
[0m[ INFO] [1766467150.115496032]: Starting 'camera' (/dev/usb_cam) at 640x480 via mmap (yuyv) at 30 FPS[0m
[31m[ERROR] [1766467155.549523223]: Cannot identify '/dev/usb_cam': 2, No such file or directory[0m
[0m[ INFO] [1766467155.548375772]: camera calibration URL: file:///home/ubuntu/.ros/camera_info/head_camera.yaml[0m
[0m[ INFO] [1766467155.549476112]: Starting 'camera' (/dev/usb_cam) at 640x480 via mmap (yuyv) at 30 FPS[0m

[camera-2] restarting process
[1mprocess[camera-2]: started with pid [11037][0m
[camera-2] restarting process
[1mprocess[camera-2]: started with pid [11129][0m
[camera-2] restarting process
[1mprocess[camera-2]: started with pid [11274][0m
[camera-2] restarting process
[1mprocess[camera-2]: started with pid [11389][0m
[camera-2] restarting process
[1mprocess[camera-2]: started with pid [11575][0m
[camera-2] restarting process
[1mprocess[camera-2]: started with pid [11603][0m
[camera-2] restarting process
[1mprocess[camera-2]: started with pid [11631][0m
[camera-2] restarting process
[1mprocess[camera-2]: started with pid [11828][0m
[camera-2] restarting process
[1mprocess[camera-2]: started with pid [11926][0m
[camera-2] restarting process
[1mprocess[camera-2]: started with pid [12042][0m
[camera-2] restarting process
[1mprocess[camera-2]: started with pid [12169][0m
[camera-2] restarting process
[1mprocess[camera-2]: started with pid [12254][0m
[camera-2] restarting process
[1mprocess[camera-2]: started with pid [12330][0m
[camera-2] restarting process
[1mprocess[camera-2]: started with pid [12510][0m
[camera-2] restarting process
[1mprocess[camera-2]: started with pid [12606][0m
[camera-2] restarting process
[1mprocess[camera-2]: started with pid [12750][0m
[camera-2] restarting process
[1mprocess[camera-2]: started with pid [12852][0m
[camera-2] restarting process
[1mprocess[camera-2]: started with pid [12948][0m
[camera-2] restarting process
[1mprocess[camera-2]: started with pid [13001][0m
[camera-2] restarting process
[1mprocess[camera-2]: started with pid [13138][0m
[camera-2] restarting process
[1mprocess[camera-2]: started with pid [13166][0m
[camera-2] restarting process
[1mprocess[camera-2]: started with pid [13188][0m
[camera-2] restarting process
[1mprocess[camera-2]: started with pid [13219][0m
[camera-2] restarting process
[1mprocess[camera-2]: started with pid [13247][0m
[camera-2] restarting process
[1mprocess[camera-2]: started with pid [13568][0m
[camera-2] restarting process
[1mprocess[camera-2]: started with pid [13666][0m
[camera-2] restarting process
[1mprocess[camera-2]: started with pid [13764][0m
[camera-2] restarting process
[1mprocess[camera-2]: started with pid [14004][0m
[camera-2] restarting process
[1mprocess[camera-2]: started with pid [14065][0m
[camera-2] restarting process
[1mprocess[camera-2]: started with pid [14266][0m
[camera-2] restarting process
[1mprocess[camera-2]: started with pid [14362][0m
[camera-2] restarting process
[1mprocess[camera-2]: started with pid [14460][0m
[camera-2] restarting process
[1mprocess[camera-2]: started with pid [14562][0m
[camera-2] restarting process
[1mprocess[camera-2]: started with pid [14683][0m
[camera-2] restarting process
[1mprocess[camera-2]: started with pid [14754][0m
[camera-2] restarting process
[1mprocess[camera-2]: started with pid [14905][0m
[camera-2] restarting process
[1mprocess[camera-2]: started with pid [15158][0m
[camera-2] restarting process
[1mprocess[camera-2]: started with pid [15256][0m
[camera-2] restarting process
[1mprocess[camera-2]: started with pid [15358][0m
[camera-2] restarting process
[1mprocess[camera-2]: started with pid [15483][0m
[camera-2] restarting process
[1mprocess[camera-2]: started with pid [15581][0m
[camera-2] restarting process
[1mprocess[camera-2]: started with pid [15675][0m
[camera-2] restarting process
[1mprocess[camera-2]: started with pid [15902][0m
[camera-2] restarting process
[1mprocess[camera-2]: started with pid [16068][0m
[camera-2] restarting process
[1mprocess[camera-2]: started with pid [16166][0m
[camera-2] restarting process
[1mprocess[camera-2]: started with pid [16262][0m
[camera-2] restarting process
[1mprocess[camera-2]: started with pid [16381][0m
[camera-2] restarting process
[1mprocess[camera-2]: started with pid [16467][0m
[camera-2] restarting process
[1mprocess[camera-2]: started with pid [16774][0m
[camera-2] restarting process
[1mprocess[camera-2]: started with pid [16872][0m
[camera-2] restarting process
[1mprocess[camera-2]: started with pid [16970][0m
[camera-2] restarting process
[1mprocess[camera-2]: started with pid [17066][0m
[camera-2] restarting process
[1mprocess[camera-2]: started with pid [17160][0m
[camera-2] restarting process
[1mprocess[camera-2]: started with pid [17384][0m
[camera-2] restarting process
[1mprocess[camera-2]: started with pid [17574][0m
[camera-2] restarting process
[1mprocess[camera-2]: started with pid [17602][0m
[camera-2] restarting process
[1mprocess[camera-2]: started with pid [17788][0m
[camera-2] restarting process
[1mprocess[camera-2]: started with pid [17867][0m
[camera-2] restarting process
[1mprocess[camera-2]: started with pid [18169][0m
[camera-2] restarting process
[1mprocess[camera-2]: started with pid [18311][0m
[camera-2] restarting process
[1mprocess[camera-2]: started with pid [18402][0m
[camera-2] restarting process
[1mprocess[camera-2]: started with pid [18430][0m
[camera-2] restarting process
[1mprocess[camera-2]: started with pid [18529][0m
[camera-2] restarting process
[1mprocess[camera-2]: started with pid [18620][0m
[camera-2] restarting process
[1mprocess[camera-2]: started with pid [18652][0m
[camera-2] restarting process
[1mprocess[camera-2]: started with pid [18760][0m
[camera-2] restarting process
[1mprocess[camera-2]: started with pid [19096][0m
[camera-2] restarting process
[1mprocess[camera-2]: started with pid [19198][0m
[camera-2] restarting process
[1mprocess[camera-2]: started with pid [19333][0m
[camera-2] restarting process
[1mprocess[camera-2]: started with pid [19431][0m
[camera-2] restarting process
[1mprocess[camera-2]: started with pid [19543][0m
[camera-2] restarting process
[1mprocess[camera-2]: started with pid [19729][0m
[camera-2] restarting process
[1mprocess[camera-2]: started with pid [19757][0m
[camera-2] restarting process
[1mprocess[camera-2]: started with pid [19785][0m
[camera-2] restarting process
[1mprocess[camera-2]: started with pid [19809][0m
[camera-2] restarting process
[1mprocess[camera-2]: started with pid [19840][0m
[camera-2] restarting process
[1mprocess[camera-2]: started with pid [19868][0m
[camera-2] restarting process
[1mprocess[camera-2]: started with pid [19891][0m
[camera-2] restarting process
[1mprocess[camera-2]: started with pid [19919][0m
[camera-2] restarting process
[1mprocess[camera-2]: started with pid [19947][0m
[camera-2] restarting process
[1mprocess[camera-2]: started with pid [19969][0m
[camera-2] restarting process
[1mprocess[camera-2]: started with pid [20007][0m
[camera-2] restarting process
[1mprocess[camera-2]: started with pid [20038][0m
[camera-2] restarting process
[1mprocess[camera-2]: started with pid [20060][0m
[camera-2] restarting process
[1mprocess[camera-2]: started with pid [20088][0m
[camera-2] restarting process
[1mprocess[camera-2]: started with pid [20118][0m
[camera-2] restarting process
[1mprocess[camera-2]: started with pid [20140][0m
[camera-2] restarting process
[1mprocess[camera-2]: started with pid [20168][0m
[camera-2] restarting process
[1mprocess[camera-2]: started with pid [20206][0m
[camera-2] restarting process
[1mprocess[camera-2]: started with pid [20232][0m
[camera-2] restarting process
[1mprocess[camera-2]: started with pid [20260][0m
[camera-2] restarting process
[1mprocess[camera-2]: started with pid [20285][0m
[camera-2] restarting process
[1mprocess[camera-2]: started with pid [20303][0m
[camera-2] restarting process
[1mprocess[camera-2]: started with pid [20327][0m
[camera-2] restarting process
[1mprocess[camera-2]: started with pid [20351][0m
[camera-2] restarting process
[1mprocess[camera-2]: started with pid [20369][0m
[camera-2] restarting process
[1mprocess[camera-2]: started with pid [20393][0m
[camera-2] restarting process
[1mprocess[camera-2]: started with pid [20417][0m
[camera-2] restarting process
[1mprocess[camera-2]: started with pid [20435][0m
[camera-2] restarting process
[31m[ERROR] [1766467160.993783245]: Cannot identify '/dev/usb_cam': 2, No such file or directory[0m
[0m[ INFO] [1766467160.992546404]: camera calibration URL: file:///home/ubuntu/.ros/camera_info/head_camera.yaml[0m
[0m[ INFO] [1766467160.993732967]: Starting 'camera' (/dev/usb_cam) at 640x480 via mmap (yuyv) at 30 FPS[0m
[31m[ERROR] [1766467166.423664034]: Cannot identify '/dev/usb_cam': 2, No such file or directory[0m
[0m[ INFO] [1766467166.422508935]: camera calibration URL: file:///home/ubuntu/.ros/camera_info/head_camera.yaml[0m
[0m[ INFO] [1766467166.423608645]: Starting 'camera' (/dev/usb_cam) at 640x480 via mmap (yuyv) at 30 FPS[0m
[31m[ERROR] [1766467171.878991200]: Cannot identify '/dev/usb_cam': 2, No such file or directory[0m
[0m[ INFO] [1766467171.877863823]: camera calibration URL: file:///home/ubuntu/.ros/camera_info/head_camera.yaml[0m
[0m[ INFO] [1766467171.878942718]: Starting 'camera' (/dev/usb_cam) at 640x480 via mmap (yuyv) at 30 FPS[0m
[31m[ERROR] [1766467177.321323399]: Cannot identify '/dev/usb_cam': 2, No such file or directory[0m
[0m[ INFO] [1766467177.320135874]: camera calibration URL: file:///home/ubuntu/.ros/camera_info/head_camera.yaml[0m
[0m[ INFO] [1766467177.321269195]: Starting 'camera' (/dev/usb_cam) at 640x480 via mmap (yuyv) at 30 FPS[0m
[31m[ERROR] [1766467182.668305195]: Cannot identify '/dev/usb_cam': 2, No such file or directory[0m
[0m[ INFO] [1766467182.667119448]: camera calibration URL: file:///home/ubuntu/.ros/camera_info/head_camera.yaml[0m
[0m[ INFO] [1766467182.668251880]: Starting 'camera' (/dev/usb_cam) at 640x480 via mmap (yuyv) at 30 FPS[0m
[31m[ERROR] [1766467188.117558848]: Cannot identify '/dev/usb_cam': 2, No such file or directory[0m
[0m[ INFO] [1766467188.116317452]: camera calibration URL: file:///home/ubuntu/.ros/camera_info/head_camera.yaml[0m
[0m[ INFO] [1766467188.117505847]: Starting 'camera' (/dev/usb_cam) at 640x480 via mmap (yuyv) at 30 FPS[0m
[31m[ERROR] [1766467193.538020353]: Cannot identify '/dev/usb_cam': 2, No such file or directory[0m
[0m[ INFO] [1766467193.536802069]: camera calibration URL: file:///home/ubuntu/.ros/camera_info/head_camera.yaml[0m
[0m[ INFO] [1766467193.537956723]: Starting 'camera' (/dev/usb_cam) at 640x480 via mmap (yuyv) at 30 FPS[0m
[31m[ERROR] [1766467198.873808253]: Cannot identify '/dev/usb_cam': 2, No such file or directory[0m
[0m[ INFO] [1766467198.872538542]: camera calibration URL: file:///home/ubuntu/.ros/camera_info/head_camera.yaml[0m
[0m[ INFO] [1766467198.873756660]: Starting 'camera' (/dev/usb_cam) at 640x480 via mmap (yuyv) at 30 FPS[0m
[31m[ERROR] [1766467204.327130243]: Cannot identify '/dev/usb_cam': 2, No such file or directory[0m
[0m[ INFO] [1766467204.325507771]: camera calibration URL: file:///home/ubuntu/.ros/camera_info/head_camera.yaml[0m
[0m[ INFO] [1766467204.327076983]: Starting 'camera' (/dev/usb_cam) at 640x480 via mmap (yuyv) at 30 FPS[0m
[31m[ERROR] [1766467209.773845448]: Cannot identify '/dev/usb_cam': 2, No such file or directory[0m
[0m[ INFO] [1766467209.772476108]: camera calibration URL: file:///home/ubuntu/.ros/camera_info/head_camera.yaml[0m
[0m[ INFO] [1766467209.773786467]: Starting 'camera' (/dev/usb_cam) at 640x480 via mmap (yuyv) at 30 FPS[0m
[31m[ERROR] [1766467215.211434819]: Cannot identify '/dev/usb_cam': 2, No such file or directory[0m
[0m[ INFO] [1766467215.210180423]: camera calibration URL: file:///home/ubuntu/.ros/camera_info/head_camera.yaml[0m
[0m[ INFO] [1766467215.211387059]: Starting 'camera' (/dev/usb_cam) at 640x480 via mmap (yuyv) at 30 FPS[0m
[31m[ERROR] [1766467220.645931294]: Cannot identify '/dev/usb_cam': 2, No such file or directory[0m
[0m[ INFO] [1766467220.644248859]: camera calibration URL: file:///home/ubuntu/.ros/camera_info/head_camera.yaml[0m
[0m[ INFO] [1766467220.645849553]: Starting 'camera' (/dev/usb_cam) at 640x480 via mmap (yuyv) at 30 FPS[0m
[31m[ERROR] [1766467226.002523143]: Cannot identify '/dev/usb_cam': 2, No such file or directory[0m
[0m[ INFO] [1766467226.001271081]: camera calibration URL: file:///home/ubuntu/.ros/camera_info/head_camera.yaml[0m
[0m[ INFO] [1766467226.002440532]: Starting 'camera' (/dev/usb_cam) at 640x480 via mmap (yuyv) at 30 FPS[0m
[31m[ERROR] [1766467231.431581814]: Cannot identify '/dev/usb_cam': 2, No such file or directory[0m
[0m[ INFO] [1766467231.430448104]: camera calibration URL: file:///home/ubuntu/.ros/camera_info/head_camera.yaml[0m
[0m[ INFO] [1766467231.431536258]: Starting 'camera' (/dev/usb_cam) at 640x480 via mmap (yuyv) at 30 FPS[0m
[31m[ERROR] [1766467236.864487812]: Cannot identify '/dev/usb_cam': 2, No such file or directory[0m
[0m[ INFO] [1766467236.863327195]: camera calibration URL: file:///home/ubuntu/.ros/camera_info/head_camera.yaml[0m
[0m[ INFO] [1766467236.864433831]: Starting 'camera' (/dev/usb_cam) at 640x480 via mmap (yuyv) at 30 FPS[0m
[31m[ERROR] [1766467242.319540000]: Cannot identify '/dev/usb_cam': 2, No such file or directory[0m
[0m[ INFO] [1766467242.318307845]: camera calibration URL: file:///home/ubuntu/.ros/camera_info/head_camera.yaml[0m
[0m[ INFO] [1766467242.319478555]: Starting 'camera' (/dev/usb_cam) at 640x480 via mmap (yuyv) at 30 FPS[0m
[31m[camera-2] process has died [pid 20088, exit code 1, cmd /opt/ros/noetic/lib/usb_cam/usb_cam_node __name:=camera __log:=/root/.ros/log/5b549096-dfbb-11f0-98df-2ccf676ee7bc/camera-2.log].
log file: /root/.ros/log/5b549096-dfbb-11f0-98df-2ccf676ee7bc/camera-2*.log[0m
[31m[camera-2] process has died [pid 20118, exit code 1, cmd /opt/ros/noetic/lib/usb_cam/usb_cam_node __name:=camera __log:=/root/.ros/log/5b549096-dfbb-11f0-98df-2ccf676ee7bc/camera-2.log].
log file: /root/.ros/log/5b549096-dfbb-11f0-98df-2ccf676ee7bc/camera-2*.log[0m
[31m[camera-2] process has died [pid 20140, exit code 1, cmd /opt/ros/noetic/lib/usb_cam/usb_cam_node __name:=camera __log:=/root/.ros/log/5b549096-dfbb-11f0-98df-2ccf676ee7bc/camera-2.log].
log file: /root/.ros/log/5b549096-dfbb-11f0-98df-2ccf676ee7bc/camera-2*.log[0m
[31m[camera-2] process has died [pid 20168, exit code 1, cmd /opt/ros/noetic/lib/usb_cam/usb_cam_node __name:=camera __log:=/root/.ros/log/5b549096-dfbb-11f0-98df-2ccf676ee7bc/camera-2.log].
log file: /root/.ros/log/5b549096-dfbb-11f0-98df-2ccf676ee7bc/camera-2*.log[0m
[31m[camera-2] process has died [pid 20206, exit code 1, cmd /opt/ros/noetic/lib/usb_cam/usb_cam_node __name:=camera __log:=/root/.ros/log/5b549096-dfbb-11f0-98df-2ccf676ee7bc/camera-2.log].
log file: /root/.ros/log/5b549096-dfbb-11f0-98df-2ccf676ee7bc/camera-2*.log[0m
[31m[camera-2] process has died [pid 20232, exit code 1, cmd /opt/ros/noetic/lib/usb_cam/usb_cam_node __name:=camera __log:=/root/.ros/log/5b549096-dfbb-11f0-98df-2ccf676ee7bc/camera-2.log].
log file: /root/.ros/log/5b549096-dfbb-11f0-98df-2ccf676ee7bc/camera-2*.log[0m
[31m[camera-2] process has died [pid 20260, exit code 1, cmd /opt/ros/noetic/lib/usb_cam/usb_cam_node __name:=camera __log:=/root/.ros/log/5b549096-dfbb-11f0-98df-2ccf676ee7bc/camera-2.log].
log file: /root/.ros/log/5b549096-dfbb-11f0-98df-2ccf676ee7bc/camera-2*.log[0m
[31m[camera-2] process has died [pid 20285, exit code 1, cmd /opt/ros/noetic/lib/usb_cam/usb_cam_node __name:=camera __log:=/root/.ros/log/5b549096-dfbb-11f0-98df-2ccf676ee7bc/camera-2.log].
log file: /root/.ros/log/5b549096-dfbb-11f0-98df-2ccf676ee7bc/camera-2*.log[0m
[31m[camera-2] process has died [pid 20303, exit code 1, cmd /opt/ros/noetic/lib/usb_cam/usb_cam_node __name:=camera __log:=/root/.ros/log/5b549096-dfbb-11f0-98df-2ccf676ee7bc/camera-2.log].
log file: /root/.ros/log/5b549096-dfbb-11f0-98df-2ccf676ee7bc/camera-2*.log[0m
[31m[camera-2] process has died [pid 20327, exit code 1, cmd /opt/ros/noetic/lib/usb_cam/usb_cam_node __name:=camera __log:=/root/.ros/log/5b549096-dfbb-11f0-98df-2ccf676ee7bc/camera-2.log].
log file: /root/.ros/log/5b549096-dfbb-11f0-98df-2ccf676ee7bc/camera-2*.log[0m
[31m[camera-2] process has died [pid 20351, exit code 1, cmd /opt/ros/noetic/lib/usb_cam/usb_cam_node __name:=camera __log:=/root/.ros/log/5b549096-dfbb-11f0-98df-2ccf676ee7bc/camera-2.log].
log file: /root/.ros/log/5b549096-dfbb-11f0-98df-2ccf676ee7bc/camera-2*.log[0m
[31m[camera-2] process has died [pid 20369, exit code 1, cmd /opt/ros/noetic/lib/usb_cam/usb_cam_node __name:=camera __log:=/root/.ros/log/5b549096-dfbb-11f0-98df-2ccf676ee7bc/camera-2.log].
log file: /root/.ros/log/5b549096-dfbb-11f0-98df-2ccf676ee7bc/camera-2*.log[0m
[31m[camera-2] process has died [pid 20393, exit code 1, cmd /opt/ros/noetic/lib/usb_cam/usb_cam_node __name:=camera __log:=/root/.ros/log/5b549096-dfbb-11f0-98df-2ccf676ee7bc/camera-2.log].
log file: /root/.ros/log/5b549096-dfbb-11f0-98df-2ccf676ee7bc/camera-2*.log[0m
[31m[camera-2] process has died [pid 20417, exit code 1, cmd /opt/ros/noetic/lib/usb_cam/usb_cam_node __name:=camera __log:=/root/.ros/log/5b549096-dfbb-11f0-98df-2ccf676ee7bc/camera-2.log].
log file: /root/.ros/log/5b549096-dfbb-11f0-98df-2ccf676ee7bc/camera-2*.log[0m
[31m[camera-2] process has died [pid 20435, exit code 1, cmd /opt/ros/noetic/lib/usb_cam/usb_cam_node __name:=camera __log:=/root/.ros/log/5b549096-dfbb-11f0-98df-2ccf676ee7bc/camera-2.log].
log file: /root/.ros/log/5b549096-dfbb-11f0-98df-2ccf676ee7bc/camera-2*.log[0m
[31m[camera-2] process has died [pid 20459, exit code 1, cmd /opt/ros/noetic/lib/usb_cam/usb_cam_node __name:=camera __log:=/root/.ros/log/5b549096-dfbb-11f0-98df-2ccf676ee7bc/camera-2.log].
log file: /root/.ros/log/5b549096-dfbb-11f0-98df-2ccf676ee7bc/camera-2*.log[0m
[31m[camera-2] process has died [pid 20483, exit code 1, cmd /opt/ros/noetic/lib/usb_cam/usb_cam_node __name:=camera __log:=/root/.ros/log/5b549096-dfbb-11f0-98df-2ccf676ee7bc/camera-2.log].
log file: /root/.ros/log/5b549096-dfbb-11f0-98df-2ccf676ee7bc/camera-2*.log[0m
[31m[camera-2] process has died [pid 20501, exit code 1, cmd /opt/ros/noetic/lib/usb_cam/usb_cam_node __name:=camera __log:=/root/.ros/log/5b549096-dfbb-11f0-98df-2ccf676ee7bc/camera-2.log].
log file: /root/.ros/log/5b549096-dfbb-11f0-98df-2ccf676ee7bc/camera-2*.log[0m
[31m[camera-2] process has died [pid 20525, exit code 1, cmd /opt/ros/noetic/lib/usb_cam/usb_cam_node __name:=camera __log:=/root/.ros/log/5b549096-dfbb-11f0-98df-2ccf676ee7bc/camera-2.log].
log file: /root/.ros/log/5b549096-dfbb-11f0-98df-2ccf676ee7bc/camera-2*.log[0m
[31m[camera-2] process has died [pid 20549, exit code 1, cmd /opt/ros/noetic/lib/usb_cam/usb_cam_node __name:=camera __log:=/root/.ros/log/5b549096-dfbb-11f0-98df-2ccf676ee7bc/camera-2.log].
log file: /root/.ros/log/5b549096-dfbb-11f0-98df-2ccf676ee7bc/camera-2*.log[0m
[31m[camera-2] process has died [pid 20567, exit code 1, cmd /opt/ros/noetic/lib/usb_cam/usb_cam_node __name:=camera __log:=/root/.ros/log/5b549096-dfbb-11f0-98df-2ccf676ee7bc/camera-2.log].
log file: /root/.ros/log/5b549096-dfbb-11f0-98df-2ccf676ee7bc/camera-2*.log[0m
[31m[camera-2] process has died [pid 20591, exit code 1, cmd /opt/ros/noetic/lib/usb_cam/usb_cam_node __name:=camera __log:=/root/.ros/log/5b549096-dfbb-11f0-98df-2ccf676ee7bc/camera-2.log].
log file: /root/.ros/log/5b549096-dfbb-11f0-98df-2ccf676ee7bc/camera-2*.log[0m
[31m[camera-2] process has died [pid 20615, exit code 1, cmd /opt/ros/noetic/lib/usb_cam/usb_cam_node __name:=camera __log:=/root/.ros/log/5b549096-dfbb-11f0-98df-2ccf676ee7bc/camera-2.log].
log file: /root/.ros/log/5b549096-dfbb-11f0-98df-2ccf676ee7bc/camera-2*.log[0m
[31m[camera-2] process has died [pid 20633, exit code 1, cmd /opt/ros/noetic/lib/usb_cam/usb_cam_node __name:=camera __log:=/root/.ros/log/5b549096-dfbb-11f0-98df-2ccf676ee7bc/camera-2.log].
log file: /root/.ros/log/5b549096-dfbb-11f0-98df-2ccf676ee7bc/camera-2*.log[0m
[31m[camera-2] process has died [pid 20657, exit code 1, cmd /opt/ros/noetic/lib/usb_cam/usb_cam_node __name:=camera __log:=/root/.ros/log/5b549096-dfbb-11f0-98df-2ccf676ee7bc/camera-2.log].
log file: /root/.ros/log/5b549096-dfbb-11f0-98df-2ccf676ee7bc/camera-2*.log[0m
[31m[camera-2] process has died [pid 20681, exit code 1, cmd /opt/ros/noetic/lib/usb_cam/usb_cam_node __name:=camera __log:=/root/.ros/log/5b549096-dfbb-11f0-98df-2ccf676ee7bc/camera-2.log].
log file: /root/.ros/log/5b549096-dfbb-11f0-98df-2ccf676ee7bc/camera-2*.log[0m
[31m[camera-2] process has died [pid 20699, exit code 1, cmd /opt/ros/noetic/lib/usb_cam/usb_cam_node __name:=camera __log:=/root/.ros/log/5b549096-dfbb-11f0-98df-2ccf676ee7bc/camera-2.log].
log file: /root/.ros/log/5b549096-dfbb-11f0-98df-2ccf676ee7bc/camera-2*.log[0m
[31m[camera-2] process has died [pid 20723, exit code 1, cmd /opt/ros/noetic/lib/usb_cam/usb_cam_node __name:=camera __log:=/root/.ros/log/5b549096-dfbb-11f0-98df-2ccf676ee7bc/camera-2.log].
log file: /root/.ros/log/5b549096-dfbb-11f0-98df-2ccf676ee7bc/camera-2*.log[0m
[31m[camera-2] process has died [pid 20747, exit code 1, cmd /opt/ros/noetic/lib/usb_cam/usb_cam_node __name:=camera __log:=/root/.ros/log/5b549096-dfbb-11f0-98df-2ccf676ee7bc/camera-2.log].
log file: /root/.ros/log/5b549096-dfbb-11f0-98df-2ccf676ee7bc/camera-2*.log[0m
[31m[camera-2] process has died [pid 20765, exit code 1, cmd /opt/ros/noetic/lib/usb_cam/usb_cam_node __name:=camera __log:=/root/.ros/log/5b549096-dfbb-11f0-98df-2ccf676ee7bc/camera-2.log].
log file: /root/.ros/log/5b549096-dfbb-11f0-98df-2ccf676ee7bc/camera-2*.log[0m
[31m[ERROR] [1766467247.753331802]: Cannot identify '/dev/usb_cam': 2, No such file or directory[0m
[0m[ INFO] [1766467247.752014332]: camera calibration URL: file:///home/ubuntu/.ros/camera_info/head_camera.yaml[0m
[0m[ INFO] [1766467247.753276765]: Starting 'camera' (/dev/usb_cam) at 640x480 via mmap (yuyv) at 30 FPS[0m
[31m[ERROR] [1766467253.201735788]: Cannot identify '/dev/usb_cam': 2, No such file or directory[0m
[0m[ INFO] [1766467253.200366335]: camera calibration URL: file:///home/ubuntu/.ros/camera_info/head_camera.yaml[0m
[0m[ INFO] [1766467253.201683287]: Starting 'camera' (/dev/usb_cam) at 640x480 via mmap (yuyv) at 30 FPS[0m
[31m[ERROR] [1766467258.642041793]: Cannot identify '/dev/usb_cam': 2, No such file or directory[0m
[0m[ INFO] [1766467258.640841842]: camera calibration URL: file:///home/ubuntu/.ros/camera_info/head_camera.yaml[0m
[0m[ INFO] [1766467258.641986256]: Starting 'camera' (/dev/usb_cam) at 640x480 via mmap (yuyv) at 30 FPS[0m
[31m[ERROR] [1766467264.068648621]: Cannot identify '/dev/usb_cam': 2, No such file or directory[0m
[0m[ INFO] [1766467264.067510578]: camera calibration URL: file:///home/ubuntu/.ros/camera_info/head_camera.yaml[0m
[0m[ INFO] [1766467264.068597269]: Starting 'camera' (/dev/usb_cam) at 640x480 via mmap (yuyv) at 30 FPS[0m
[31m[ERROR] [1766467269.419116886]: Cannot identify '/dev/usb_cam': 2, No such file or directory[0m
[0m[ INFO] [1766467269.417741860]: camera calibration URL: file:///home/ubuntu/.ros/camera_info/head_camera.yaml[0m
[0m[ INFO] [1766467269.419065219]: Starting 'camera' (/dev/usb_cam) at 640x480 via mmap (yuyv) at 30 FPS[0m
[31m[ERROR] [1766467274.855046876]: Cannot identify '/dev/usb_cam': 2, No such file or directory[0m
[0m[ INFO] [1766467274.853862018]: camera calibration URL: file:///home/ubuntu/.ros/camera_info/head_camera.yaml[0m
[0m[ INFO] [1766467274.855000450]: Starting 'camera' (/dev/usb_cam) at 640x480 via mmap (yuyv) at 30 FPS[0m
[31m[ERROR] [1766467280.294105690]: Cannot identify '/dev/usb_cam': 2, No such file or directory[0m
[0m[ INFO] [1766467280.292810146]: camera calibration URL: file:///home/ubuntu/.ros/camera_info/head_camera.yaml[0m
[0m[ INFO] [1766467280.294052782]: Starting 'camera' (/dev/usb_cam) at 640x480 via mmap (yuyv) at 30 FPS[0m
[31m[ERROR] [1766467285.736108399]: Cannot identify '/dev/usb_cam': 2, No such file or directory[0m
[0m[ INFO] [1766467285.734827169]: camera calibration URL: file:///home/ubuntu/.ros/camera_info/head_camera.yaml[0m
[0m[ INFO] [1766467285.736056528]: Starting 'camera' (/dev/usb_cam) at 640x480 via mmap (yuyv) at 30 FPS[0m
[31m[ERROR] [1766467291.174987858]: Cannot identify '/dev/usb_cam': 2, No such file or directory[0m
[0m[ INFO] [1766467291.173806222]: camera calibration URL: file:///home/ubuntu/.ros/camera_info/head_camera.yaml[0m
[0m[ INFO] [1766467291.174932506]: Starting 'camera' (/dev/usb_cam) at 640x480 via mmap (yuyv) at 30 FPS[0m
[31m[ERROR] [1766467296.618018015]: Cannot identify '/dev/usb_cam': 2, No such file or directory[0m
[0m[ INFO] [1766467296.616791305]: camera calibration URL: file:///home/ubuntu/.ros/camera_info/head_camera.yaml[0m
[0m[ INFO] [1766467296.617964330]: Starting 'camera' (/dev/usb_cam) at 640x480 via mmap (yuyv) at 30 FPS[0m
[31m[ERROR] [1766467302.059139504]: Cannot identify '/dev/usb_cam': 2, No such file or directory[0m
[0m[ INFO] [1766467302.057922571]: camera calibration URL: file:///home/ubuntu/.ros/camera_info/head_camera.yaml[0m
[0m[ INFO] [1766467302.059088077]: Starting 'camera' (/dev/usb_cam) at 640x480 via mmap (yuyv) at 30 FPS[0m
[31m[ERROR] [1766467307.501046541]: Cannot identify '/dev/usb_cam': 2, No such file or directory[0m
[0m[ INFO] [1766467307.499788979]: camera calibration URL: file:///home/ubuntu/.ros/camera_info/head_camera.yaml[0m
[0m[ INFO] [1766467307.500985596]: Starting 'camera' (/dev/usb_cam) at 640x480 via mmap (yuyv) at 30 FPS[0m
[31m[ERROR] [1766467312.940519444]: Cannot identify '/dev/usb_cam': 2, No such file or directory[0m
[0m[ INFO] [1766467312.939384715]: camera calibration URL: file:///home/ubuntu/.ros/camera_info/head_camera.yaml[0m
[0m[ INFO] [1766467312.940469184]: Starting 'camera' (/dev/usb_cam) at 640x480 via mmap (yuyv) at 30 FPS[0m
[31m[ERROR] [1766467318.373652670]: Cannot identify '/dev/usb_cam': 2, No such file or directory[0m
[0m[ INFO] [1766467318.372493812]: camera calibration URL: file:///home/ubuntu/.ros/camera_info/head_camera.yaml[0m
[0m[ INFO] [1766467318.373598948]: Starting 'camera' (/dev/usb_cam) at 640x480 via mmap (yuyv) at 30 FPS[0m
[31m[ERROR] [1766467323.724347832]: Cannot identify '/dev/usb_cam': 2, No such file or directory[0m
[0m[ INFO] [1766467323.723078807]: camera calibration URL: file:///home/ubuntu/.ros/camera_info/head_camera.yaml[0m
[0m[ INFO] [1766467323.724295128]: Starting 'camera' (/dev/usb_cam) at 640x480 via mmap (yuyv) at 30 FPS[0m
[31m[ERROR] [1766467329.159906957]: Cannot identify '/dev/usb_cam': 2, No such file or directory[0m
[0m[ INFO] [1766467329.158762192]: camera calibration URL: file:///home/ubuntu/.ros/camera_info/head_camera.yaml[0m
[0m[ INFO] [1766467329.159856438]: Starting 'camera' (/dev/usb_cam) at 640x480 via mmap (yuyv) at 30 FPS[0m
[31m[ERROR] [1766467334.596664670]: Cannot identify '/dev/usb_cam': 2, No such file or directory[0m
[0m[ INFO] [1766467334.595239237]: camera calibration URL: file:///home/ubuntu/.ros/camera_info/head_camera.yaml[0m
[0m[ INFO] [1766467334.596607411]: Starting 'camera' (/dev/usb_cam) at 640x480 via mmap (yuyv) at 30 FPS[0m
[31m[ERROR] [1766467340.049318683]: Cannot identify '/dev/usb_cam': 2, No such file or directory[0m
[0m[ INFO] [1766467340.048058250]: camera calibration URL: file:///home/ubuntu/.ros/camera_info/head_camera.yaml[0m
[0m[ INFO] [1766467340.049261942]: Starting 'camera' (/dev/usb_cam) at 640x480 via mmap (yuyv) at 30 FPS[0m
[31m[ERROR] [1766467345.477568400]: Cannot identify '/dev/usb_cam': 2, No such file or directory[0m
[0m[ INFO] [1766467345.476345708]: camera calibration URL: file:///home/ubuntu/.ros/camera_info/head_camera.yaml[0m
[0m[ INFO] [1766467345.477513436]: Starting 'camera' (/dev/usb_cam) at 640x480 via mmap (yuyv) at 30 FPS[0m
[31m[ERROR] [1766467350.819876216]: Cannot identify '/dev/usb_cam': 2, No such file or directory[0m
[0m[ INFO] [1766467350.818732395]: camera calibration URL: file:///home/ubuntu/.ros/camera_info/head_camera.yaml[0m
[0m[ INFO] [1766467350.819830031]: Starting 'camera' (/dev/usb_cam) at 640x480 via mmap (yuyv) at 30 FPS[0m
[31m[ERROR] [1766467356.262203006]: Cannot identify '/dev/usb_cam': 2, No such file or directory[0m
[0m[ INFO] [1766467356.260914555]: camera calibration URL: file:///home/ubuntu/.ros/camera_info/head_camera.yaml[0m
[0m[ INFO] [1766467356.262149765]: Starting 'camera' (/dev/usb_cam) at 640x480 via mmap (yuyv) at 30 FPS[0m
[31m[ERROR] [1766467361.704785767]: Cannot identify '/dev/usb_cam': 2, No such file or directory[0m
[0m[ INFO] [1766467361.703609779]: camera calibration URL: file:///home/ubuntu/.ros/camera_info/head_camera.yaml[0m
[0m[ INFO] [1766467361.704737693]: Starting 'camera' (/dev/usb_cam) at 640x480 via mmap (yuyv) at 30 FPS[0m
[31m[ERROR] [1766467367.153746681]: Cannot identify '/dev/usb_cam': 2, No such file or directory[0m
[0m[ INFO] [1766467367.152428729]: camera calibration URL: file:///home/ubuntu/.ros/camera_info/head_camera.yaml[0m
[0m[ INFO] [1766467367.153692273]: Starting 'camera' (/dev/usb_cam) at 640x480 via mmap (yuyv) at 30 FPS[0m
[31m[ERROR] [1766467372.581122555]: Cannot identify '/dev/usb_cam': 2, No such file or directory[0m
[0m[ INFO] [1766467372.579898455]: camera calibration URL: file:///home/ubuntu/.ros/camera_info/head_camera.yaml[0m
[0m[ INFO] [1766467372.581067647]: Starting 'camera' (/dev/usb_cam) at 640x480 via mmap (yuyv) at 30 FPS[0m
[31m[ERROR] [1766467378.108754755]: Cannot identify '/dev/usb_cam': 2, No such file or directory[0m
[0m[ INFO] [1766467378.107457377]: camera calibration URL: file:///home/ubuntu/.ros/camera_info/head_camera.yaml[0m
[0m[ INFO] [1766467378.108703347]: Starting 'camera' (/dev/usb_cam) at 640x480 via mmap (yuyv) at 30 FPS[0m
[31m[ERROR] [1766467383.472826693]: Cannot identify '/dev/usb_cam': 2, No such file or directory[0m
[0m[ INFO] [1766467383.471573242]: camera calibration URL: file:///home/ubuntu/.ros/camera_info/head_camera.yaml[0m
[0m[ INFO] [1766467383.472779267]: Starting 'camera' (/dev/usb_cam) at 640x480 via mmap (yuyv) at 30 FPS[0m
[31m[ERROR] [1766467388.932269746]: Cannot identify '/dev/usb_cam': 2, No such file or directory[0m
[0m[ INFO] [1766467388.930955831]: camera calibration URL: file:///home/ubuntu/.ros/camera_info/head_camera.yaml[0m
[0m[ INFO] [1766467388.932216468]: Starting 'camera' (/dev/usb_cam) at 640x480 via mmap (yuyv) at 30 FPS[0m
[31m[ERROR] [1766467394.378037709]: Cannot identify '/dev/usb_cam': 2, No such file or directory[0m
[0m[ INFO] [1766467394.376689646]: camera calibration URL: file:///home/ubuntu/.ros/camera_info/head_camera.yaml[0m
[0m[ INFO] [1766467394.377976579]: Starting 'camera' (/dev/usb_cam) at 640x480 via mmap (yuyv) at 30 FPS[0m
[31m[ERROR] [1766467399.794995109]: Cannot identify '/dev/usb_cam': 2, No such file or directory[0m
[0m[ INFO] [1766467399.793769657]: camera calibration URL: file:///home/ubuntu/.ros/camera_info/head_camera.yaml[0m
[0m[ INFO] [1766467399.794950331]: Starting 'camera' (/dev/usb_cam) at 640x480 via mmap (yuyv) at 30 FPS[0m
[31m[ERROR] [1766467405.231383067]: Cannot identify '/dev/usb_cam': 2, No such file or directory[0m
[0m[ INFO] [1766467405.230157764]: camera calibration URL: file:///home/ubuntu/.ros/camera_info/head_camera.yaml[0m
[0m[ INFO] [1766467405.231332011]: Starting 'camera' (/dev/usb_cam) at 640x480 via mmap (yuyv) at 30 FPS[0m
[31m[camera-2] process has died [pid 20789, exit code 1, cmd /opt/ros/noetic/lib/usb_cam/usb_cam_node __name:=camera __log:=/root/.ros/log/5b549096-dfbb-11f0-98df-2ccf676ee7bc/camera-2.log].
log file: /root/.ros/log/5b549096-dfbb-11f0-98df-2ccf676ee7bc/camera-2*.log[0m
[31m[camera-2] process has died [pid 20813, exit code 1, cmd /opt/ros/noetic/lib/usb_cam/usb_cam_node __name:=camera __log:=/root/.ros/log/5b549096-dfbb-11f0-98df-2ccf676ee7bc/camera-2.log].
log file: /root/.ros/log/5b549096-dfbb-11f0-98df-2ccf676ee7bc/camera-2*.log[0m
[31m[camera-2] process has died [pid 20831, exit code 1, cmd /opt/ros/noetic/lib/usb_cam/usb_cam_node __name:=camera __log:=/root/.ros/log/5b549096-dfbb-11f0-98df-2ccf676ee7bc/camera-2.log].
log file: /root/.ros/log/5b549096-dfbb-11f0-98df-2ccf676ee7bc/camera-2*.log[0m
[31m[camera-2] process has died [pid 20855, exit code 1, cmd /opt/ros/noetic/lib/usb_cam/usb_cam_node __name:=camera __log:=/root/.ros/log/5b549096-dfbb-11f0-98df-2ccf676ee7bc/camera-2.log].
log file: /root/.ros/log/5b549096-dfbb-11f0-98df-2ccf676ee7bc/camera-2*.log[0m
[31m[camera-2] process has died [pid 20879, exit code 1, cmd /opt/ros/noetic/lib/usb_cam/usb_cam_node __name:=camera __log:=/root/.ros/log/5b549096-dfbb-11f0-98df-2ccf676ee7bc/camera-2.log].
log file: /root/.ros/log/5b549096-dfbb-11f0-98df-2ccf676ee7bc/camera-2*.log[0m
[31m[camera-2] process has died [pid 20897, exit code 1, cmd /opt/ros/noetic/lib/usb_cam/usb_cam_node __name:=camera __log:=/root/.ros/log/5b549096-dfbb-11f0-98df-2ccf676ee7bc/camera-2.log].
log file: /root/.ros/log/5b549096-dfbb-11f0-98df-2ccf676ee7bc/camera-2*.log[0m
[31m[camera-2] process has died [pid 20921, exit code 1, cmd /opt/ros/noetic/lib/usb_cam/usb_cam_node __name:=camera __log:=/root/.ros/log/5b549096-dfbb-11f0-98df-2ccf676ee7bc/camera-2.log].
log file: /root/.ros/log/5b549096-dfbb-11f0-98df-2ccf676ee7bc/camera-2*.log[0m
[31m[camera-2] process has died [pid 20945, exit code 1, cmd /opt/ros/noetic/lib/usb_cam/usb_cam_node __name:=camera __log:=/root/.ros/log/5b549096-dfbb-11f0-98df-2ccf676ee7bc/camera-2.log].
log file: /root/.ros/log/5b549096-dfbb-11f0-98df-2ccf676ee7bc/camera-2*.log[0m
[31m[camera-2] process has died [pid 20963, exit code 1, cmd /opt/ros/noetic/lib/usb_cam/usb_cam_node __name:=camera __log:=/root/.ros/log/5b549096-dfbb-11f0-98df-2ccf676ee7bc/camera-2.log].
log file: /root/.ros/log/5b549096-dfbb-11f0-98df-2ccf676ee7bc/camera-2*.log[0m
[31m[camera-2] process has died [pid 20987, exit code 1, cmd /opt/ros/noetic/lib/usb_cam/usb_cam_node __name:=camera __log:=/root/.ros/log/5b549096-dfbb-11f0-98df-2ccf676ee7bc/camera-2.log].
log file: /root/.ros/log/5b549096-dfbb-11f0-98df-2ccf676ee7bc/camera-2*.log[0m
[31m[camera-2] process has died [pid 21011, exit code 1, cmd /opt/ros/noetic/lib/usb_cam/usb_cam_node __name:=camera __log:=/root/.ros/log/5b549096-dfbb-11f0-98df-2ccf676ee7bc/camera-2.log].
log file: /root/.ros/log/5b549096-dfbb-11f0-98df-2ccf676ee7bc/camera-2*.log[0m
[31m[camera-2] process has died [pid 21029, exit code 1, cmd /opt/ros/noetic/lib/usb_cam/usb_cam_node __name:=camera __log:=/root/.ros/log/5b549096-dfbb-11f0-98df-2ccf676ee7bc/camera-2.log].
log file: /root/.ros/log/5b549096-dfbb-11f0-98df-2ccf676ee7bc/camera-2*.log[0m
[31m[camera-2] process has died [pid 21053, exit code 1, cmd /opt/ros/noetic/lib/usb_cam/usb_cam_node __name:=camera __log:=/root/.ros/log/5b549096-dfbb-11f0-98df-2ccf676ee7bc/camera-2.log].
log file: /root/.ros/log/5b549096-dfbb-11f0-98df-2ccf676ee7bc/camera-2*.log[0m
[31m[camera-2] process has died [pid 21077, exit code 1, cmd /opt/ros/noetic/lib/usb_cam/usb_cam_node __name:=camera __log:=/root/.ros/log/5b549096-dfbb-11f0-98df-2ccf676ee7bc/camera-2.log].
log file: /root/.ros/log/5b549096-dfbb-11f0-98df-2ccf676ee7bc/camera-2*.log[0m
[31m[camera-2] process has died [pid 21095, exit code 1, cmd /opt/ros/noetic/lib/usb_cam/usb_cam_node __name:=camera __log:=/root/.ros/log/5b549096-dfbb-11f0-98df-2ccf676ee7bc/camera-2.log].
log file: /root/.ros/log/5b549096-dfbb-11f0-98df-2ccf676ee7bc/camera-2*.log[0m
[31m[camera-2] process has died [pid 21119, exit code 1, cmd /opt/ros/noetic/lib/usb_cam/usb_cam_node __name:=camera __log:=/root/.ros/log/5b549096-dfbb-11f0-98df-2ccf676ee7bc/camera-2.log].
log file: /root/.ros/log/5b549096-dfbb-11f0-98df-2ccf676ee7bc/camera-2*.log[0m
[31m[camera-2] process has died [pid 21137, exit code 1, cmd /opt/ros/noetic/lib/usb_cam/usb_cam_node __name:=camera __log:=/root/.ros/log/5b549096-dfbb-11f0-98df-2ccf676ee7bc/camera-2.log].
log file: /root/.ros/log/5b549096-dfbb-11f0-98df-2ccf676ee7bc/camera-2*.log[0m
[31m[camera-2] process has died [pid 21161, exit code 1, cmd /opt/ros/noetic/lib/usb_cam/usb_cam_node __name:=camera __log:=/root/.ros/log/5b549096-dfbb-11f0-98df-2ccf676ee7bc/camera-2.log].
log file: /root/.ros/log/5b549096-dfbb-11f0-98df-2ccf676ee7bc/camera-2*.log[0m
[31m[camera-2] process has died [pid 21186, exit code 1, cmd /opt/ros/noetic/lib/usb_cam/usb_cam_node __name:=camera __log:=/root/.ros/log/5b549096-dfbb-11f0-98df-2ccf676ee7bc/camera-2.log].
log file: /root/.ros/log/5b549096-dfbb-11f0-98df-2ccf676ee7bc/camera-2*.log[0m
[31m[camera-2] process has died [pid 21207, exit code 1, cmd /opt/ros/noetic/lib/usb_cam/usb_cam_node __name:=camera __log:=/root/.ros/log/5b549096-dfbb-11f0-98df-2ccf676ee7bc/camera-2.log].
log file: /root/.ros/log/5b549096-dfbb-11f0-98df-2ccf676ee7bc/camera-2*.log[0m
[31m[camera-2] process has died [pid 21228, exit code 1, cmd /opt/ros/noetic/lib/usb_cam/usb_cam_node __name:=camera __log:=/root/.ros/log/5b549096-dfbb-11f0-98df-2ccf676ee7bc/camera-2.log].
log file: /root/.ros/log/5b549096-dfbb-11f0-98df-2ccf676ee7bc/camera-2*.log[0m
[31m[camera-2] process has died [pid 21252, exit code 1, cmd /opt/ros/noetic/lib/usb_cam/usb_cam_node __name:=camera __log:=/root/.ros/log/5b549096-dfbb-11f0-98df-2ccf676ee7bc/camera-2.log].
log file: /root/.ros/log/5b549096-dfbb-11f0-98df-2ccf676ee7bc/camera-2*.log[0m
[31m[camera-2] process has died [pid 21270, exit code 1, cmd /opt/ros/noetic/lib/usb_cam/usb_cam_node __name:=camera __log:=/root/.ros/log/5b549096-dfbb-11f0-98df-2ccf676ee7bc/camera-2.log].
log file: /root/.ros/log/5b549096-dfbb-11f0-98df-2ccf676ee7bc/camera-2*.log[0m
[31m[camera-2] process has died [pid 21294, exit code 1, cmd /opt/ros/noetic/lib/usb_cam/usb_cam_node __name:=camera __log:=/root/.ros/log/5b549096-dfbb-11f0-98df-2ccf676ee7bc/camera-2.log].
log file: /root/.ros/log/5b549096-dfbb-11f0-98df-2ccf676ee7bc/camera-2*.log[0m
[31m[camera-2] process has died [pid 21318, exit code 1, cmd /opt/ros/noetic/lib/usb_cam/usb_cam_node __name:=camera __log:=/root/.ros/log/5b549096-dfbb-11f0-98df-2ccf676ee7bc/camera-2.log].
log file: /root/.ros/log/5b549096-dfbb-11f0-98df-2ccf676ee7bc/camera-2*.log[0m
[31m[camera-2] process has died [pid 21336, exit code 1, cmd /opt/ros/noetic/lib/usb_cam/usb_cam_node __name:=camera __log:=/root/.ros/log/5b549096-dfbb-11f0-98df-2ccf676ee7bc/camera-2.log].
log file: /root/.ros/log/5b549096-dfbb-11f0-98df-2ccf676ee7bc/camera-2*.log[0m
[31m[camera-2] process has died [pid 21360, exit code 1, cmd /opt/ros/noetic/lib/usb_cam/usb_cam_node __name:=camera __log:=/root/.ros/log/5b549096-dfbb-11f0-98df-2ccf676ee7bc/camera-2.log].
log file: /root/.ros/log/5b549096-dfbb-11f0-98df-2ccf676ee7bc/camera-2*.log[0m
[31m[camera-2] process has died [pid 21384, exit code 1, cmd /opt/ros/noetic/lib/usb_cam/usb_cam_node __name:=camera __log:=/root/.ros/log/5b549096-dfbb-11f0-98df-2ccf676ee7bc/camera-2.log].
log file: /root/.ros/log/5b549096-dfbb-11f0-98df-2ccf676ee7bc/camera-2*.log[0m
[31m[camera-2] process has died [pid 21402, exit code 1, cmd /opt/ros/noetic/lib/usb_cam/usb_cam_node __name:=camera __log:=/root/.ros/log/5b549096-dfbb-11f0-98df-2ccf676ee7bc/camera-2.log].
log file: /root/.ros/log/5b549096-dfbb-11f0-98df-2ccf676ee7bc/camera-2*.log[0m
[31m[camera-2] process has died [pid 21432, exit code 1, cmd /opt/ros/noetic/lib/usb_cam/usb_cam_node __name:=camera __log:=/root/.ros/log/5b549096-dfbb-11f0-98df-2ccf676ee7bc/camera-2.log].
log file: /root/.ros/log/5b549096-dfbb-11f0-98df-2ccf676ee7bc/camera-2*.log[0m
[31m[ERROR] [1766467410.676946675]: Cannot identify '/dev/usb_cam': 2, No such file or directory[0m
[0m[ INFO] [1766467410.675477871]: camera calibration URL: file:///home/ubuntu/.ros/camera_info/head_camera.yaml[0m
[0m[ INFO] [1766467410.676893342]: Starting 'camera' (/dev/usb_cam) at 640x480 via mmap (yuyv) at 30 FPS[0m
[31m[ERROR] [1766467416.106125234]: Cannot identify '/dev/usb_cam': 2, No such file or directory[0m
[0m[ INFO] [1766467416.104724392]: camera calibration URL: file:///home/ubuntu/.ros/camera_info/head_camera.yaml[0m
[0m[ INFO] [1766467416.106073344]: Starting 'camera' (/dev/usb_cam) at 640x480 via mmap (yuyv) at 30 FPS[0m
[31m[ERROR] [1766467421.550982663]: Cannot identify '/dev/usb_cam': 2, No such file or directory[0m
[0m[ INFO] [1766467421.549844712]: camera calibration URL: file:///home/ubuntu/.ros/camera_info/head_camera.yaml[0m
[0m[ INFO] [1766467421.550935237]: Starting 'camera' (/dev/usb_cam) at 640x480 via mmap (yuyv) at 30 FPS[0m
[31m[ERROR] [1766467427.012357208]: Cannot identify '/dev/usb_cam': 2, No such file or directory[0m
[0m[ INFO] [1766467427.011100312]: camera calibration URL: file:///home/ubuntu/.ros/camera_info/head_camera.yaml[0m
[0m[ INFO] [1766467427.012295523]: Starting 'camera' (/dev/usb_cam) at 640x480 via mmap (yuyv) at 30 FPS[0m
[31m[ERROR] [1766467432.417201701]: Cannot identify '/dev/usb_cam': 2, No such file or directory[0m
[0m[ INFO] [1766467432.415984398]: camera calibration URL: file:///home/ubuntu/.ros/camera_info/head_camera.yaml[0m
[0m[ INFO] [1766467432.417149997]: Starting 'camera' (/dev/usb_cam) at 640x480 via mmap (yuyv) at 30 FPS[0m
[31m[ERROR] [1766467437.769802794]: Cannot identify '/dev/usb_cam': 2, No such file or directory[0m
[0m[ INFO] [1766467437.768599268]: camera calibration URL: file:///home/ubuntu/.ros/camera_info/head_camera.yaml[0m
[0m[ INFO] [1766467437.769754090]: Starting 'camera' (/dev/usb_cam) at 640x480 via mmap (yuyv) at 30 FPS[0m
[31m[ERROR] [1766467443.221785671]: Cannot identify '/dev/usb_cam': 2, No such file or directory[0m
[0m[ INFO] [1766467443.220174255]: camera calibration URL: file:///home/ubuntu/.ros/camera_info/head_camera.yaml[0m
[0m[ INFO] [1766467443.221733523]: Starting 'camera' (/dev/usb_cam) at 640x480 via mmap (yuyv) at 30 FPS[0m
[31m[ERROR] [1766467448.669009230]: Cannot identify '/dev/usb_cam': 2, No such file or directory[0m
[0m[ INFO] [1766467448.667799835]: camera calibration URL: file:///home/ubuntu/.ros/camera_info/head_camera.yaml[0m
[0m[ INFO] [1766467448.668959434]: Starting 'camera' (/dev/usb_cam) at 640x480 via mmap (yuyv) at 30 FPS[0m
[31m[ERROR] [1766467454.102525921]: Cannot identify '/dev/usb_cam': 2, No such file or directory[0m
[0m[ INFO] [1766467454.101323543]: camera calibration URL: file:///home/ubuntu/.ros/camera_info/head_camera.yaml[0m
[0m[ INFO] [1766467454.102464198]: Starting 'camera' (/dev/usb_cam) at 640x480 via mmap (yuyv) at 30 FPS[0m
[31m[ERROR] [1766467459.533007709]: Cannot identify '/dev/usb_cam': 2, No such file or directory[0m
[0m[ INFO] [1766467459.531840629]: camera calibration URL: file:///home/ubuntu/.ros/camera_info/head_camera.yaml[0m
[0m[ INFO] [1766467459.532958135]: Starting 'camera' (/dev/usb_cam) at 640x480 via mmap (yuyv) at 30 FPS[0m
[31m[ERROR] [1766467464.888511452]: Cannot identify '/dev/usb_cam': 2, No such file or directory[0m
[0m[ INFO] [1766467464.887336630]: camera calibration URL: file:///home/ubuntu/.ros/camera_info/head_camera.yaml[0m
[0m[ INFO] [1766467464.888462285]: Starting 'camera' (/dev/usb_cam) at 640x480 via mmap (yuyv) at 30 FPS[0m
[31m[ERROR] [1766467470.320147941]: Cannot identify '/dev/usb_cam': 2, No such file or directory[0m
[0m[ INFO] [1766467470.318886267]: camera calibration URL: file:///home/ubuntu/.ros/camera_info/head_camera.yaml[0m
[0m[ INFO] [1766467470.320097144]: Starting 'camera' (/dev/usb_cam) at 640x480 via mmap (yuyv) at 30 FPS[0m
[31m[ERROR] [1766467475.778098545]: Cannot identify '/dev/usb_cam': 2, No such file or directory[0m
[0m[ INFO] [1766467475.776853686]: camera calibration URL: file:///home/ubuntu/.ros/camera_info/head_camera.yaml[0m
[0m[ INFO] [1766467475.778039470]: Starting 'camera' (/dev/usb_cam) at 640x480 via mmap (yuyv) at 30 FPS[0m
[31m[ERROR] [1766467481.213116135]: Cannot identify '/dev/usb_cam': 2, No such file or directory[0m
[0m[ INFO] [1766467481.211826332]: camera calibration URL: file:///home/ubuntu/.ros/camera_info/head_camera.yaml[0m
[0m[ INFO] [1766467481.213054246]: Starting 'camera' (/dev/usb_cam) at 640x480 via mmap (yuyv) at 30 FPS[0m
[31m[ERROR] [1766467486.636537275]: Cannot identify '/dev/usb_cam': 2, No such file or directory[0m
[0m[ INFO] [1766467486.635188786]: camera calibration URL: file:///home/ubuntu/.ros/camera_info/head_camera.yaml[0m
[0m[ INFO] [1766467486.636489608]: Starting 'camera' (/dev/usb_cam) at 640x480 via mmap (yuyv) at 30 FPS[0m
[31m[ERROR] [1766467491.989720858]: Cannot identify '/dev/usb_cam': 2, No such file or directory[0m
[0m[ INFO] [1766467491.988534240]: camera calibration URL: file:///home/ubuntu/.ros/camera_info/head_camera.yaml[0m
[0m[ INFO] [1766467491.989668932]: Starting 'camera' (/dev/usb_cam) at 640x480 via mmap (yuyv) at 30 FPS[0m
[31m[ERROR] [1766467497.435173000]: Cannot identify '/dev/usb_cam': 2, No such file or directory[0m
[0m[ INFO] [1766467497.433933919]: camera calibration URL: file:///home/ubuntu/.ros/camera_info/head_camera.yaml[0m
[0m[ INFO] [1766467497.435117907]: Starting 'camera' (/dev/usb_cam) at 640x480 via mmap (yuyv) at 30 FPS[0m
[31m[ERROR] [1766467502.866860402]: Cannot identify '/dev/usb_cam': 2, No such file or directory[0m
[0m[ INFO] [1766467502.865380690]: camera calibration URL: file:///home/ubuntu/.ros/camera_info/head_camera.yaml[0m
[0m[ INFO] [1766467502.866804735]: Starting 'camera' (/dev/usb_cam) at 640x480 via mmap (yuyv) at 30 FPS[0m
[31m[ERROR] [1766467508.302446033]: Cannot identify '/dev/usb_cam': 2, No such file or directory[0m
[0m[ INFO] [1766467508.301252063]: camera calibration URL: file:///home/ubuntu/.ros/camera_info/head_camera.yaml[0m
[0m[ INFO] [1766467508.302393755]: Starting 'camera' (/dev/usb_cam) at 640x480 via mmap (yuyv) at 30 FPS[0m
[31m[ERROR] [1766467513.744061201]: Cannot identify '/dev/usb_cam': 2, No such file or directory[0m
[0m[ INFO] [1766467513.742874306]: camera calibration URL: file:///home/ubuntu/.ros/camera_info/head_camera.yaml[0m
[0m[ INFO] [1766467513.744013645]: Starting 'camera' (/dev/usb_cam) at 640x480 via mmap (yuyv) at 30 FPS[0m
[31m[ERROR] [1766467519.094188859]: Cannot identify '/dev/usb_cam': 2, No such file or directory[0m
[0m[ INFO] [1766467519.092870870]: camera calibration URL: file:///home/ubuntu/.ros/camera_info/head_camera.yaml[0m
[0m[ INFO] [1766467519.094127673]: Starting 'camera' (/dev/usb_cam) at 640x480 via mmap (yuyv) at 30 FPS[0m
[31m[ERROR] [1766467524.540157309]: Cannot identify '/dev/usb_cam': 2, No such file or directory[0m
[0m[ INFO] [1766467524.538737693]: camera calibration URL: file:///home/ubuntu/.ros/camera_info/head_camera.yaml[0m
[0m[ INFO] [1766467524.540074643]: Starting 'camera' (/dev/usb_cam) at 640x480 via mmap (yuyv) at 30 FPS[0m
[31m[ERROR] [1766467529.958952471]: Cannot identify '/dev/usb_cam': 2, No such file or directory[0m
[0m[ INFO] [1766467529.957758390]: camera calibration URL: file:///home/ubuntu/.ros/camera_info/head_camera.yaml[0m
[0m[ INFO] [1766467529.958907527]: Starting 'camera' (/dev/usb_cam) at 640x480 via mmap (yuyv) at 30 FPS[0m
[31m[ERROR] [1766467535.411684433]: Cannot identify '/dev/usb_cam': 2, No such file or directory[0m
[0m[ INFO] [1766467535.410548426]: camera calibration URL: file:///home/ubuntu/.ros/camera_info/head_camera.yaml[0m
[0m[ INFO] [1766467535.411627434]: Starting 'camera' (/dev/usb_cam) at 640x480 via mmap (yuyv) at 30 FPS[0m
[31m[ERROR] [1766467540.844417918]: Cannot identify '/dev/usb_cam': 2, No such file or directory[0m
[0m[ INFO] [1766467540.843191171]: camera calibration URL: file:///home/ubuntu/.ros/camera_info/head_camera.yaml[0m
[0m[ INFO] [1766467540.844361771]: Starting 'camera' (/dev/usb_cam) at 640x480 via mmap (yuyv) at 30 FPS[0m
[31m[ERROR] [1766467546.280461101]: Cannot identify '/dev/usb_cam': 2, No such file or directory[0m
[0m[ INFO] [1766467546.279215409]: camera calibration URL: file:///home/ubuntu/.ros/camera_info/head_camera.yaml[0m
[0m[ INFO] [1766467546.280408194]: Starting 'camera' (/dev/usb_cam) at 640x480 via mmap (yuyv) at 30 FPS[0m
[31m[ERROR] [1766467551.722824498]: Cannot identify '/dev/usb_cam': 2, No such file or directory[0m
[0m[ INFO] [1766467551.721450788]: camera calibration URL: file:///home/ubuntu/.ros/camera_info/head_camera.yaml[0m
[0m[ INFO] [1766467551.722771054]: Starting 'camera' (/dev/usb_cam) at 640x480 via mmap (yuyv) at 30 FPS[0m
[31m[ERROR] [1766467557.179767083]: Cannot identify '/dev/usb_cam': 2, No such file or directory[0m
[0m[ INFO] [1766467557.178604427]: camera calibration URL: file:///home/ubuntu/.ros/camera_info/head_camera.yaml[0m
[0m[ INFO] [1766467557.179715547]: Starting 'camera' (/dev/usb_cam) at 640x480 via mmap (yuyv) at 30 FPS[0m
[31m[ERROR] [1766467562.624230011]: Cannot identify '/dev/usb_cam': 2, No such file or directory[0m
[0m[ INFO] [1766467562.622994911]: camera calibration URL: file:///home/ubuntu/.ros/camera_info/head_camera.yaml[0m
[0m[ INFO] [1766467562.624180882]: Starting 'camera' (/dev/usb_cam) at 640x480 via mmap (yuyv) at 30 FPS[0m
[31m[ERROR] [1766467568.052256224]: Cannot identify '/dev/usb_cam': 2, No such file or directory[0m
[0m[ INFO] [1766467568.050899199]: camera calibration URL: file:///home/ubuntu/.ros/camera_info/head_camera.yaml[0m
[0m[ INFO] [1766467568.052201928]: Starting 'camera' (/dev/usb_cam) at 640x480 via mmap (yuyv) at 30 FPS[0m
[31m[camera-2] process has died [pid 21456, exit code 1, cmd /opt/ros/noetic/lib/usb_cam/usb_cam_node __name:=camera __log:=/root/.ros/log/5b549096-dfbb-11f0-98df-2ccf676ee7bc/camera-2.log].
log file: /root/.ros/log/5b549096-dfbb-11f0-98df-2ccf676ee7bc/camera-2*.log[0m
[31m[camera-2] process has died [pid 21474, exit code 1, cmd /opt/ros/noetic/lib/usb_cam/usb_cam_node __name:=camera __log:=/root/.ros/log/5b549096-dfbb-11f0-98df-2ccf676ee7bc/camera-2.log].
log file: /root/.ros/log/5b549096-dfbb-11f0-98df-2ccf676ee7bc/camera-2*.log[0m
[31m[camera-2] process has died [pid 21498, exit code 1, cmd /opt/ros/noetic/lib/usb_cam/usb_cam_node __name:=camera __log:=/root/.ros/log/5b549096-dfbb-11f0-98df-2ccf676ee7bc/camera-2.log].
log file: /root/.ros/log/5b549096-dfbb-11f0-98df-2ccf676ee7bc/camera-2*.log[0m
[31m[camera-2] process has died [pid 21522, exit code 1, cmd /opt/ros/noetic/lib/usb_cam/usb_cam_node __name:=camera __log:=/root/.ros/log/5b549096-dfbb-11f0-98df-2ccf676ee7bc/camera-2.log].
log file: /root/.ros/log/5b549096-dfbb-11f0-98df-2ccf676ee7bc/camera-2*.log[0m
[31m[camera-2] process has died [pid 21540, exit code 1, cmd /opt/ros/noetic/lib/usb_cam/usb_cam_node __name:=camera __log:=/root/.ros/log/5b549096-dfbb-11f0-98df-2ccf676ee7bc/camera-2.log].
log file: /root/.ros/log/5b549096-dfbb-11f0-98df-2ccf676ee7bc/camera-2*.log[0m
[31m[camera-2] process has died [pid 21564, exit code 1, cmd /opt/ros/noetic/lib/usb_cam/usb_cam_node __name:=camera __log:=/root/.ros/log/5b549096-dfbb-11f0-98df-2ccf676ee7bc/camera-2.log].
log file: /root/.ros/log/5b549096-dfbb-11f0-98df-2ccf676ee7bc/camera-2*.log[0m
[31m[camera-2] process has died [pid 21588, exit code 1, cmd /opt/ros/noetic/lib/usb_cam/usb_cam_node __name:=camera __log:=/root/.ros/log/5b549096-dfbb-11f0-98df-2ccf676ee7bc/camera-2.log].
log file: /root/.ros/log/5b549096-dfbb-11f0-98df-2ccf676ee7bc/camera-2*.log[0m
[31m[camera-2] process has died [pid 21606, exit code 1, cmd /opt/ros/noetic/lib/usb_cam/usb_cam_node __name:=camera __log:=/root/.ros/log/5b549096-dfbb-11f0-98df-2ccf676ee7bc/camera-2.log].
log file: /root/.ros/log/5b549096-dfbb-11f0-98df-2ccf676ee7bc/camera-2*.log[0m
[31m[camera-2] process has died [pid 21630, exit code 1, cmd /opt/ros/noetic/lib/usb_cam/usb_cam_node __name:=camera __log:=/root/.ros/log/5b549096-dfbb-11f0-98df-2ccf676ee7bc/camera-2.log].
log file: /root/.ros/log/5b549096-dfbb-11f0-98df-2ccf676ee7bc/camera-2*.log[0m
[31m[camera-2] process has died [pid 21654, exit code 1, cmd /opt/ros/noetic/lib/usb_cam/usb_cam_node __name:=camera __log:=/root/.ros/log/5b549096-dfbb-11f0-98df-2ccf676ee7bc/camera-2.log].
log file: /root/.ros/log/5b549096-dfbb-11f0-98df-2ccf676ee7bc/camera-2*.log[0m
[31m[camera-2] process has died [pid 21672, exit code 1, cmd /opt/ros/noetic/lib/usb_cam/usb_cam_node __name:=camera __log:=/root/.ros/log/5b549096-dfbb-11f0-98df-2ccf676ee7bc/camera-2.log].
log file: /root/.ros/log/5b549096-dfbb-11f0-98df-2ccf676ee7bc/camera-2*.log[0m
[31m[camera-2] process has died [pid 21696, exit code 1, cmd /opt/ros/noetic/lib/usb_cam/usb_cam_node __name:=camera __log:=/root/.ros/log/5b549096-dfbb-11f0-98df-2ccf676ee7bc/camera-2.log].
log file: /root/.ros/log/5b549096-dfbb-11f0-98df-2ccf676ee7bc/camera-2*.log[0m
[31m[camera-2] process has died [pid 21720, exit code 1, cmd /opt/ros/noetic/lib/usb_cam/usb_cam_node __name:=camera __log:=/root/.ros/log/5b549096-dfbb-11f0-98df-2ccf676ee7bc/camera-2.log].
log file: /root/.ros/log/5b549096-dfbb-11f0-98df-2ccf676ee7bc/camera-2*.log[0m
[31m[camera-2] process has died [pid 21738, exit code 1, cmd /opt/ros/noetic/lib/usb_cam/usb_cam_node __name:=camera __log:=/root/.ros/log/5b549096-dfbb-11f0-98df-2ccf676ee7bc/camera-2.log].
log file: /root/.ros/log/5b549096-dfbb-11f0-98df-2ccf676ee7bc/camera-2*.log[0m
[31m[camera-2] process has died [pid 21762, exit code 1, cmd /opt/ros/noetic/lib/usb_cam/usb_cam_node __name:=camera __log:=/root/.ros/log/5b549096-dfbb-11f0-98df-2ccf676ee7bc/camera-2.log].
log file: /root/.ros/log/5b549096-dfbb-11f0-98df-2ccf676ee7bc/camera-2*.log[0m
[31m[camera-2] process has died [pid 21786, exit code 1, cmd /opt/ros/noetic/lib/usb_cam/usb_cam_node __name:=camera __log:=/root/.ros/log/5b549096-dfbb-11f0-98df-2ccf676ee7bc/camera-2.log].
log file: /root/.ros/log/5b549096-dfbb-11f0-98df-2ccf676ee7bc/camera-2*.log[0m
[31m[camera-2] process has died [pid 21804, exit code 1, cmd /opt/ros/noetic/lib/usb_cam/usb_cam_node __name:=camera __log:=/root/.ros/log/5b549096-dfbb-11f0-98df-2ccf676ee7bc/camera-2.log].
log file: /root/.ros/log/5b549096-dfbb-11f0-98df-2ccf676ee7bc/camera-2*.log[0m
[31m[camera-2] process has died [pid 21828, exit code 1, cmd /opt/ros/noetic/lib/usb_cam/usb_cam_node __name:=camera __log:=/root/.ros/log/5b549096-dfbb-11f0-98df-2ccf676ee7bc/camera-2.log].
log file: /root/.ros/log/5b549096-dfbb-11f0-98df-2ccf676ee7bc/camera-2*.log[0m
[31m[camera-2] process has died [pid 21852, exit code 1, cmd /opt/ros/noetic/lib/usb_cam/usb_cam_node __name:=camera __log:=/root/.ros/log/5b549096-dfbb-11f0-98df-2ccf676ee7bc/camera-2.log].
log file: /root/.ros/log/5b549096-dfbb-11f0-98df-2ccf676ee7bc/camera-2*.log[0m
[31m[camera-2] process has died [pid 21870, exit code 1, cmd /opt/ros/noetic/lib/usb_cam/usb_cam_node __name:=camera __log:=/root/.ros/log/5b549096-dfbb-11f0-98df-2ccf676ee7bc/camera-2.log].
log file: /root/.ros/log/5b549096-dfbb-11f0-98df-2ccf676ee7bc/camera-2*.log[0m
[31m[camera-2] process has died [pid 21894, exit code 1, cmd /opt/ros/noetic/lib/usb_cam/usb_cam_node __name:=camera __log:=/root/.ros/log/5b549096-dfbb-11f0-98df-2ccf676ee7bc/camera-2.log].
log file: /root/.ros/log/5b549096-dfbb-11f0-98df-2ccf676ee7bc/camera-2*.log[0m
[31m[camera-2] process has died [pid 21918, exit code 1, cmd /opt/ros/noetic/lib/usb_cam/usb_cam_node __name:=camera __log:=/root/.ros/log/5b549096-dfbb-11f0-98df-2ccf676ee7bc/camera-2.log].
log file: /root/.ros/log/5b549096-dfbb-11f0-98df-2ccf676ee7bc/camera-2*.log[0m
[31m[camera-2] process has died [pid 21936, exit code 1, cmd /opt/ros/noetic/lib/usb_cam/usb_cam_node __name:=camera __log:=/root/.ros/log/5b549096-dfbb-11f0-98df-2ccf676ee7bc/camera-2.log].
log file: /root/.ros/log/5b549096-dfbb-11f0-98df-2ccf676ee7bc/camera-2*.log[0m
[31m[camera-2] process has died [pid 21960, exit code 1, cmd /opt/ros/noetic/lib/usb_cam/usb_cam_node __name:=camera __log:=/root/.ros/log/5b549096-dfbb-11f0-98df-2ccf676ee7bc/camera-2.log].
log file: /root/.ros/log/5b549096-dfbb-11f0-98df-2ccf676ee7bc/camera-2*.log[0m
[31m[camera-2] process has died [pid 21984, exit code 1, cmd /opt/ros/noetic/lib/usb_cam/usb_cam_node __name:=camera __log:=/root/.ros/log/5b549096-dfbb-11f0-98df-2ccf676ee7bc/camera-2.log].
log file: /root/.ros/log/5b549096-dfbb-11f0-98df-2ccf676ee7bc/camera-2*.log[0m
[31m[camera-2] process has died [pid 22002, exit code 1, cmd /opt/ros/noetic/lib/usb_cam/usb_cam_node __name:=camera __log:=/root/.ros/log/5b549096-dfbb-11f0-98df-2ccf676ee7bc/camera-2.log].
log file: /root/.ros/log/5b549096-dfbb-11f0-98df-2ccf676ee7bc/camera-2*.log[0m
[31m[camera-2] process has died [pid 22026, exit code 1, cmd /opt/ros/noetic/lib/usb_cam/usb_cam_node __name:=camera __log:=/root/.ros/log/5b549096-dfbb-11f0-98df-2ccf676ee7bc/camera-2.log].
log file: /root/.ros/log/5b549096-dfbb-11f0-98df-2ccf676ee7bc/camera-2*.log[0m
[31m[camera-2] process has died [pid 22050, exit code 1, cmd /opt/ros/noetic/lib/usb_cam/usb_cam_node __name:=camera __log:=/root/.ros/log/5b549096-dfbb-11f0-98df-2ccf676ee7bc/camera-2.log].
log file: /root/.ros/log/5b549096-dfbb-11f0-98df-2ccf676ee7bc/camera-2*.log[0m
[31m[camera-2] process has died [pid 22068, exit code 1, cmd /opt/ros/noetic/lib/usb_cam/usb_cam_node __name:=camera __log:=/root/.ros/log/5b549096-dfbb-11f0-98df-2ccf676ee7bc/camera-2.log].
log file: /root/.ros/log/5b549096-dfbb-11f0-98df-2ccf676ee7bc/camera-2*.log[0m
[31m[camera-2] process has died [pid 22092, exit code 1, cmd /opt/ros/noetic/lib/usb_cam/usb_cam_node __name:=camera __log:=/root/.ros/log/5b549096-dfbb-11f0-98df-2ccf676ee7bc/camera-2.log].
log file: /root/.ros/log/5b549096-dfbb-11f0-98df-2ccf676ee7bc/camera-2*.log[0m
[31m[ERROR] [1766467573.482716326]: Cannot identify '/dev/usb_cam': 2, No such file or directory[0m
[0m[ INFO] [1766467573.481511429]: camera calibration URL: file:///home/ubuntu/.ros/camera_info/head_camera.yaml[0m
[0m[ INFO] [1766467573.482656882]: Starting 'camera' (/dev/usb_cam) at 640x480 via mmap (yuyv) at 30 FPS[0m
[31m[ERROR] [1766467578.934974024]: Cannot identify '/dev/usb_cam': 2, No such file or directory[0m
[0m[ INFO] [1766467578.933832774]: camera calibration URL: file:///home/ubuntu/.ros/camera_info/head_camera.yaml[0m
[0m[ INFO] [1766467578.934929154]: Starting 'camera' (/dev/usb_cam) at 640x480 via mmap (yuyv) at 30 FPS[0m
[31m[ERROR] [1766467584.361571249]: Cannot identify '/dev/usb_cam': 2, No such file or directory[0m
[0m[ INFO] [1766467584.360374352]: camera calibration URL: file:///home/ubuntu/.ros/camera_info/head_camera.yaml[0m
[0m[ INFO] [1766467584.361519009]: Starting 'camera' (/dev/usb_cam) at 640x480 via mmap (yuyv) at 30 FPS[0m
[31m[ERROR] [1766467589.810278762]: Cannot identify '/dev/usb_cam': 2, No such file or directory[0m
[0m[ INFO] [1766467589.809081605]: camera calibration URL: file:///home/ubuntu/.ros/camera_info/head_camera.yaml[0m
[0m[ INFO] [1766467589.810226596]: Starting 'camera' (/dev/usb_cam) at 640x480 via mmap (yuyv) at 30 FPS[0m
[31m[ERROR] [1766467595.260237406]: Cannot identify '/dev/usb_cam': 2, No such file or directory[0m
[0m[ INFO] [1766467595.258979139]: camera calibration URL: file:///home/ubuntu/.ros/camera_info/head_camera.yaml[0m
[0m[ INFO] [1766467595.260190777]: Starting 'camera' (/dev/usb_cam) at 640x480 via mmap (yuyv) at 30 FPS[0m
[31m[ERROR] [1766467600.688262862]: Cannot identify '/dev/usb_cam': 2, No such file or directory[0m
[0m[ INFO] [1766467600.686947169]: camera calibration URL: file:///home/ubuntu/.ros/camera_info/head_camera.yaml[0m
[0m[ INFO] [1766467600.688203085]: Starting 'camera' (/dev/usb_cam) at 640x480 via mmap (yuyv) at 30 FPS[0m
[31m[ERROR] [1766467606.138489185]: Cannot identify '/dev/usb_cam': 2, No such file or directory[0m
[0m[ INFO] [1766467606.137242621]: camera calibration URL: file:///home/ubuntu/.ros/camera_info/head_camera.yaml[0m
[0m[ INFO] [1766467606.138434908]: Starting 'camera' (/dev/usb_cam) at 640x480 via mmap (yuyv) at 30 FPS[0m
[31m[ERROR] [1766467611.570460588]: Cannot identify '/dev/usb_cam': 2, No such file or directory[0m
[0m[ INFO] [1766467611.569320689]: camera calibration URL: file:///home/ubuntu/.ros/camera_info/head_camera.yaml[0m
[0m[ INFO] [1766467611.570415940]: Starting 'camera' (/dev/usb_cam) at 640x480 via mmap (yuyv) at 30 FPS[0m
[31m[ERROR] [1766467617.020043604]: Cannot identify '/dev/usb_cam': 2, No such file or directory[0m
[0m[ INFO] [1766467617.018798651]: camera calibration URL: file:///home/ubuntu/.ros/camera_info/head_camera.yaml[0m
[0m[ INFO] [1766467617.019991938]: Starting 'camera' (/dev/usb_cam) at 640x480 via mmap (yuyv) at 30 FPS[0m
[31m[ERROR] [1766467622.457140140]: Cannot identify '/dev/usb_cam': 2, No such file or directory[0m
[0m[ INFO] [1766467622.455858206]: camera calibration URL: file:///home/ubuntu/.ros/camera_info/head_camera.yaml[0m
[0m[ INFO] [1766467622.457087270]: Starting 'camera' (/dev/usb_cam) at 640x480 via mmap (yuyv) at 30 FPS[0m
[31m[ERROR] [1766467627.894466930]: Cannot identify '/dev/usb_cam': 2, No such file or directory[0m
[0m[ INFO] [1766467627.893177940]: camera calibration URL: file:///home/ubuntu/.ros/camera_info/head_camera.yaml[0m
[0m[ INFO] [1766467627.894415079]: Starting 'camera' (/dev/usb_cam) at 640x480 via mmap (yuyv) at 30 FPS[0m
[31m[ERROR] [1766467633.339518901]: Cannot identify '/dev/usb_cam': 2, No such file or directory[0m
[0m[ INFO] [1766467633.338368502]: camera calibration URL: file:///home/ubuntu/.ros/camera_info/head_camera.yaml[0m
[0m[ INFO] [1766467633.339462846]: Starting 'camera' (/dev/usb_cam) at 640x480 via mmap (yuyv) at 30 FPS[0m
[31m[ERROR] [1766467638.782239264]: Cannot identify '/dev/usb_cam': 2, No such file or directory[0m
[0m[ INFO] [1766467638.781012773]: camera calibration URL: file:///home/ubuntu/.ros/camera_info/head_camera.yaml[0m
[0m[ INFO] [1766467638.782188542]: Starting 'camera' (/dev/usb_cam) at 640x480 via mmap (yuyv) at 30 FPS[0m
[31m[ERROR] [1766467644.212185016]: Cannot identify '/dev/usb_cam': 2, No such file or directory[0m
[0m[ INFO] [1766467644.211024376]: camera calibration URL: file:///home/ubuntu/.ros/camera_info/head_camera.yaml[0m
[0m[ INFO] [1766467644.212136794]: Starting 'camera' (/dev/usb_cam) at 640x480 via mmap (yuyv) at 30 FPS[0m
[31m[ERROR] [1766467649.898271340]: Cannot identify '/dev/usb_cam': 2, No such file or directory[0m
[0m[ INFO] [1766467649.895909912]: camera calibration URL: file:///home/ubuntu/.ros/camera_info/head_camera.yaml[0m
[0m[ INFO] [1766467649.898165692]: Starting 'camera' (/dev/usb_cam) at 640x480 via mmap (yuyv) at 30 FPS[0m
[31m[ERROR] [1766467655.342275924]: Cannot identify '/dev/usb_cam': 2, No such file or directory[0m
[0m[ INFO] [1766467655.340494881]: camera calibration URL: file:///home/ubuntu/.ros/camera_info/head_camera.yaml[0m
[0m[ INFO] [1766467655.342197091]: Starting 'camera' (/dev/usb_cam) at 640x480 via mmap (yuyv) at 30 FPS[0m
[31m[ERROR] [1766467660.789033134]: Cannot identify '/dev/usb_cam': 2, No such file or directory[0m
[0m[ INFO] [1766467660.787894475]: camera calibration URL: file:///home/ubuntu/.ros/camera_info/head_camera.yaml[0m
[0m[ INFO] [1766467660.788987856]: Starting 'camera' (/dev/usb_cam) at 640x480 via mmap (yuyv) at 30 FPS[0m
[31m[ERROR] [1766467666.239131721]: Cannot identify '/dev/usb_cam': 2, No such file or directory[0m
[0m[ INFO] [1766467666.237950970]: camera calibration URL: file:///home/ubuntu/.ros/camera_info/head_camera.yaml[0m
[0m[ INFO] [1766467666.239077203]: Starting 'camera' (/dev/usb_cam) at 640x480 via mmap (yuyv) at 30 FPS[0m
[31m[ERROR] [1766467671.684390382]: Cannot identify '/dev/usb_cam': 2, No such file or directory[0m
[0m[ INFO] [1766467671.683233297]: camera calibration URL: file:///home/ubuntu/.ros/camera_info/head_camera.yaml[0m
[0m[ INFO] [1766467671.684343234]: Starting 'camera' (/dev/usb_cam) at 640x480 via mmap (yuyv) at 30 FPS[0m
[31m[ERROR] [1766467677.233296794]: Cannot identify '/dev/usb_cam': 2, No such file or directory[0m
[0m[ INFO] [1766467677.231663934]: camera calibration URL: file:///home/ubuntu/.ros/camera_info/head_camera.yaml[0m
[0m[ INFO] [1766467677.233224943]: Starting 'camera' (/dev/usb_cam) at 640x480 via mmap (yuyv) at 30 FPS[0m
[31m[ERROR] [1766467682.625902086]: Cannot identify '/dev/usb_cam': 2, No such file or directory[0m
[0m[ INFO] [1766467682.624412318]: camera calibration URL: file:///home/ubuntu/.ros/camera_info/head_camera.yaml[0m
[0m[ INFO] [1766467682.625831364]: Starting 'camera' (/dev/usb_cam) at 640x480 via mmap (yuyv) at 30 FPS[0m
[31m[ERROR] [1766467688.012834124]: Cannot identify '/dev/usb_cam': 2, No such file or directory[0m
[0m[ INFO] [1766467688.011345949]: camera calibration URL: file:///home/ubuntu/.ros/camera_info/head_camera.yaml[0m
[0m[ INFO] [1766467688.012768829]: Starting 'camera' (/dev/usb_cam) at 640x480 via mmap (yuyv) at 30 FPS[0m
[31m[ERROR] [1766467693.463303816]: Cannot identify '/dev/usb_cam': 2, No such file or directory[0m
[0m[ INFO] [1766467693.462131953]: camera calibration URL: file:///home/ubuntu/.ros/camera_info/head_camera.yaml[0m
[0m[ INFO] [1766467693.463253020]: Starting 'camera' (/dev/usb_cam) at 640x480 via mmap (yuyv) at 30 FPS[0m
[31m[ERROR] [1766467698.884765540]: Cannot identify '/dev/usb_cam': 2, No such file or directory[0m
[0m[ INFO] [1766467698.883537511]: camera calibration URL: file:///home/ubuntu/.ros/camera_info/head_camera.yaml[0m
[0m[ INFO] [1766467698.884712707]: Starting 'camera' (/dev/usb_cam) at 640x480 via mmap (yuyv) at 30 FPS[0m
[1mprocess[camera-2]: started with pid [20459][0m
[camera-2] restarting process
[1mprocess[camera-2]: started with pid [20483][0m
[camera-2] restarting process
[1mprocess[camera-2]: started with pid [20501][0m
[camera-2] restarting process
[1mprocess[camera-2]: started with pid [20525][0m
[camera-2] restarting process
[1mprocess[camera-2]: started with pid [20549][0m
[camera-2] restarting process
[1mprocess[camera-2]: started with pid [20567][0m
[camera-2] restarting process
[1mprocess[camera-2]: started with pid [20591][0m
[camera-2] restarting process
[1mprocess[camera-2]: started with pid [20615][0m
[camera-2] restarting process
[1mprocess[camera-2]: started with pid [20633][0m
[camera-2] restarting process
[1mprocess[camera-2]: started with pid [20657][0m
[camera-2] restarting process
[1mprocess[camera-2]: started with pid [20681][0m
[camera-2] restarting process
[1mprocess[camera-2]: started with pid [20699][0m
[camera-2] restarting process
[1mprocess[camera-2]: started with pid [20723][0m
[camera-2] restarting process
[1mprocess[camera-2]: started with pid [20747][0m
[camera-2] restarting process
[1mprocess[camera-2]: started with pid [20765][0m
[camera-2] restarting process
[1mprocess[camera-2]: started with pid [20789][0m
[camera-2] restarting process
[1mprocess[camera-2]: started with pid [20813][0m
[camera-2] restarting process
[1mprocess[camera-2]: started with pid [20831][0m
[camera-2] restarting process
[1mprocess[camera-2]: started with pid [20855][0m
[camera-2] restarting process
[1mprocess[camera-2]: started with pid [20879][0m
[camera-2] restarting process
[1mprocess[camera-2]: started with pid [20897][0m
[camera-2] restarting process
[1mprocess[camera-2]: started with pid [20921][0m
[camera-2] restarting process
[1mprocess[camera-2]: started with pid [20945][0m
[camera-2] restarting process
[1mprocess[camera-2]: started with pid [20963][0m
[camera-2] restarting process
[1mprocess[camera-2]: started with pid [20987][0m
[camera-2] restarting process
[1mprocess[camera-2]: started with pid [21011][0m
[camera-2] restarting process
[1mprocess[camera-2]: started with pid [21029][0m
[camera-2] restarting process
[1mprocess[camera-2]: started with pid [21053][0m
[camera-2] restarting process
[1mprocess[camera-2]: started with pid [21077][0m
[camera-2] restarting process
[1mprocess[camera-2]: started with pid [21095][0m
[camera-2] restarting process
[1mprocess[camera-2]: started with pid [21119][0m
[camera-2] restarting process
[1mprocess[camera-2]: started with pid [21137][0m
[camera-2] restarting process
[1mprocess[camera-2]: started with pid [21161][0m
[camera-2] restarting process
[1mprocess[camera-2]: started with pid [21186][0m
[camera-2] restarting process
[1mprocess[camera-2]: started with pid [21207][0m
[camera-2] restarting process
[1mprocess[camera-2]: started with pid [21228][0m
[camera-2] restarting process
[1mprocess[camera-2]: started with pid [21252][0m
[camera-2] restarting process
[1mprocess[camera-2]: started with pid [21270][0m
[camera-2] restarting process
[1mprocess[camera-2]: started with pid [21294][0m
[camera-2] restarting process
[1mprocess[camera-2]: started with pid [21318][0m
[camera-2] restarting process
[1mprocess[camera-2]: started with pid [21336][0m
[camera-2] restarting process
[1mprocess[camera-2]: started with pid [21360][0m
[camera-2] restarting process
[1mprocess[camera-2]: started with pid [21384][0m
[camera-2] restarting process
[1mprocess[camera-2]: started with pid [21402][0m
[camera-2] restarting process
[1mprocess[camera-2]: started with pid [21432][0m
[camera-2] restarting process
[1mprocess[camera-2]: started with pid [21456][0m
[camera-2] restarting process
[1mprocess[camera-2]: started with pid [21474][0m
[camera-2] restarting process
[1mprocess[camera-2]: started with pid [21498][0m
[camera-2] restarting process
[1mprocess[camera-2]: started with pid [21522][0m
[camera-2] restarting process
[1mprocess[camera-2]: started with pid [21540][0m
[camera-2] restarting process
[1mprocess[camera-2]: started with pid [21564][0m
[camera-2] restarting process
[1mprocess[camera-2]: started with pid [21588][0m
[camera-2] restarting process
[1mprocess[camera-2]: started with pid [21606][0m
[camera-2] restarting process
[1mprocess[camera-2]: started with pid [21630][0m
[camera-2] restarting process
[1mprocess[camera-2]: started with pid [21654][0m
[camera-2] restarting process
[1mprocess[camera-2]: started with pid [21672][0m
[camera-2] restarting process
[1mprocess[camera-2]: started with pid [21696][0m
[camera-2] restarting process
[1mprocess[camera-2]: started with pid [21720][0m
[camera-2] restarting process
[1mprocess[camera-2]: started with pid [21738][0m
[camera-2] restarting process
[1mprocess[camera-2]: started with pid [21762][0m
[camera-2] restarting process
[1mprocess[camera-2]: started with pid [21786][0m
[camera-2] restarting process
[1mprocess[camera-2]: started with pid [21804][0m
[camera-2] restarting process
[1mprocess[camera-2]: started with pid [21828][0m
[camera-2] restarting process
[1mprocess[camera-2]: started with pid [21852][0m
[camera-2] restarting process
[1mprocess[camera-2]: started with pid [21870][0m
[camera-2] restarting process
[1mprocess[camera-2]: started with pid [21894][0m
[camera-2] restarting process
[1mprocess[camera-2]: started with pid [21918][0m
[camera-2] restarting process
[1mprocess[camera-2]: started with pid [21936][0m
[camera-2] restarting process
[1mprocess[camera-2]: started with pid [21960][0m
[camera-2] restarting process
[1mprocess[camera-2]: started with pid [21984][0m
[camera-2] restarting process
[1mprocess[camera-2]: started with pid [22002][0m
[camera-2] restarting process
[1mprocess[camera-2]: started with pid [22026][0m
[camera-2] restarting process
[1mprocess[camera-2]: started with pid [22050][0m
[camera-2] restarting process
[1mprocess[camera-2]: started with pid [22068][0m
[camera-2] restarting process
[1mprocess[camera-2]: started with pid [22092][0m
[camera-2] restarting process
[1mprocess[camera-2]: started with pid [22116][0m
[camera-2] restarting process
[1mprocess[camera-2]: started with pid [22134][0m
[camera-2] restarting process
[1mprocess[camera-2]: started with pid [22158][0m
[camera-2] restarting process
[1mprocess[camera-2]: started with pid [22182][0m
[camera-2] restarting process
[1mprocess[camera-2]: started with pid [22200][0m
[camera-2] restarting process
[1mprocess[camera-2]: started with pid [22224][0m
[camera-2] restarting process
[1mprocess[camera-2]: started with pid [22248][0m
[camera-2] restarting process
[1mprocess[camera-2]: started with pid [22266][0m
[camera-2] restarting process
[1mprocess[camera-2]: started with pid [22290][0m
[camera-2] restarting process
[1mprocess[camera-2]: started with pid [22314][0m
[camera-2] restarting process
[1mprocess[camera-2]: started with pid [22332][0m
[camera-2] restarting process
[1mprocess[camera-2]: started with pid [22356][0m
[camera-2] restarting process
[1mprocess[camera-2]: started with pid [22380][0m
[camera-2] restarting process
[1mprocess[camera-2]: started with pid [22398][0m
[camera-2] restarting process
[1mprocess[camera-2]: started with pid [22447][0m
[camera-2] restarting process
[1mprocess[camera-2]: started with pid [22475][0m
[camera-2] restarting process
[1mprocess[camera-2]: started with pid [22499][0m
[camera-2] restarting process
[1mprocess[camera-2]: started with pid [22527][0m
[camera-2] restarting process
[1mprocess[camera-2]: started with pid [22555][0m
[camera-2] restarting process
[1mprocess[camera-2]: started with pid [22577][0m
[camera-2] restarting process
[1mprocess[camera-2]: started with pid [22605][0m
[camera-2] restarting process
[1mprocess[camera-2]: started with pid [22706][0m
[camera-2] restarting process
[1mprocess[camera-2]: started with pid [22822][0m
[camera-2] restarting process
[1mprocess[camera-2]: started with pid [22887][0m
[camera-2] restarting process
[1mprocess[camera-2]: started with pid [22919][0m
[31m[ERROR] [1766467704.240413878]: Cannot identify '/dev/usb_cam': 2, No such file or directory[0m
[0m[ INFO] [1766467704.239054367]: camera calibration URL: file:///home/ubuntu/.ros/camera_info/head_camera.yaml[0m
[0m[ INFO] [1766467704.240357471]: Starting 'camera' (/dev/usb_cam) at 640x480 via mmap (yuyv) at 30 FPS[0m
[31m[ERROR] [1766467709.688993705]: Cannot identify '/dev/usb_cam': 2, No such file or directory[0m
[0m[ INFO] [1766467709.687781435]: camera calibration URL: file:///home/ubuntu/.ros/camera_info/head_camera.yaml[0m
[0m[ INFO] [1766467709.688945817]: Starting 'camera' (/dev/usb_cam) at 640x480 via mmap (yuyv) at 30 FPS[0m
[31m[ERROR] [1766467715.108349801]: Cannot identify '/dev/usb_cam': 2, No such file or directory[0m
[0m[ INFO] [1766467715.107175271]: camera calibration URL: file:///home/ubuntu/.ros/camera_info/head_camera.yaml[0m
[0m[ INFO] [1766467715.108304376]: Starting 'camera' (/dev/usb_cam) at 640x480 via mmap (yuyv) at 30 FPS[0m
[31m[ERROR] [1766467720.563351105]: Cannot identify '/dev/usb_cam': 2, No such file or directory[0m
[0m[ INFO] [1766467720.562131297]: camera calibration URL: file:///home/ubuntu/.ros/camera_info/head_camera.yaml[0m
[0m[ INFO] [1766467720.563298549]: Starting 'camera' (/dev/usb_cam) at 640x480 via mmap (yuyv) at 30 FPS[0m
[31m[ERROR] [1766467726.052277031]: Cannot identify '/dev/usb_cam': 2, No such file or directory[0m
[0m[ INFO] [1766467726.050848261]: camera calibration URL: file:///home/ubuntu/.ros/camera_info/head_camera.yaml[0m
[0m[ INFO] [1766467726.052215309]: Starting 'camera' (/dev/usb_cam) at 640x480 via mmap (yuyv) at 30 FPS[0m
[31m[ERROR] [1766467731.443177178]: Cannot identify '/dev/usb_cam': 2, No such file or directory[0m
[0m[ INFO] [1766467731.442036981]: camera calibration URL: file:///home/ubuntu/.ros/camera_info/head_camera.yaml[0m
[0m[ INFO] [1766467731.443131049]: Starting 'camera' (/dev/usb_cam) at 640x480 via mmap (yuyv) at 30 FPS[0m
[31m[camera-2] process has died [pid 22116, exit code 1, cmd /opt/ros/noetic/lib/usb_cam/usb_cam_node __name:=camera __log:=/root/.ros/log/5b549096-dfbb-11f0-98df-2ccf676ee7bc/camera-2.log].
log file: /root/.ros/log/5b549096-dfbb-11f0-98df-2ccf676ee7bc/camera-2*.log[0m
[31m[camera-2] process has died [pid 22134, exit code 1, cmd /opt/ros/noetic/lib/usb_cam/usb_cam_node __name:=camera __log:=/root/.ros/log/5b549096-dfbb-11f0-98df-2ccf676ee7bc/camera-2.log].
log file: /root/.ros/log/5b549096-dfbb-11f0-98df-2ccf676ee7bc/camera-2*.log[0m
[31m[camera-2] process has died [pid 22158, exit code 1, cmd /opt/ros/noetic/lib/usb_cam/usb_cam_node __name:=camera __log:=/root/.ros/log/5b549096-dfbb-11f0-98df-2ccf676ee7bc/camera-2.log].
log file: /root/.ros/log/5b549096-dfbb-11f0-98df-2ccf676ee7bc/camera-2*.log[0m
[31m[camera-2] process has died [pid 22182, exit code 1, cmd /opt/ros/noetic/lib/usb_cam/usb_cam_node __name:=camera __log:=/root/.ros/log/5b549096-dfbb-11f0-98df-2ccf676ee7bc/camera-2.log].
log file: /root/.ros/log/5b549096-dfbb-11f0-98df-2ccf676ee7bc/camera-2*.log[0m
[31m[camera-2] process has died [pid 22200, exit code 1, cmd /opt/ros/noetic/lib/usb_cam/usb_cam_node __name:=camera __log:=/root/.ros/log/5b549096-dfbb-11f0-98df-2ccf676ee7bc/camera-2.log].
log file: /root/.ros/log/5b549096-dfbb-11f0-98df-2ccf676ee7bc/camera-2*.log[0m
[31m[camera-2] process has died [pid 22224, exit code 1, cmd /opt/ros/noetic/lib/usb_cam/usb_cam_node __name:=camera __log:=/root/.ros/log/5b549096-dfbb-11f0-98df-2ccf676ee7bc/camera-2.log].
log file: /root/.ros/log/5b549096-dfbb-11f0-98df-2ccf676ee7bc/camera-2*.log[0m
[31m[camera-2] process has died [pid 22248, exit code 1, cmd /opt/ros/noetic/lib/usb_cam/usb_cam_node __name:=camera __log:=/root/.ros/log/5b549096-dfbb-11f0-98df-2ccf676ee7bc/camera-2.log].
log file: /root/.ros/log/5b549096-dfbb-11f0-98df-2ccf676ee7bc/camera-2*.log[0m
[31m[camera-2] process has died [pid 22266, exit code 1, cmd /opt/ros/noetic/lib/usb_cam/usb_cam_node __name:=camera __log:=/root/.ros/log/5b549096-dfbb-11f0-98df-2ccf676ee7bc/camera-2.log].
log file: /root/.ros/log/5b549096-dfbb-11f0-98df-2ccf676ee7bc/camera-2*.log[0m
[31m[camera-2] process has died [pid 22290, exit code 1, cmd /opt/ros/noetic/lib/usb_cam/usb_cam_node __name:=camera __log:=/root/.ros/log/5b549096-dfbb-11f0-98df-2ccf676ee7bc/camera-2.log].
log file: /root/.ros/log/5b549096-dfbb-11f0-98df-2ccf676ee7bc/camera-2*.log[0m
[31m[camera-2] process has died [pid 22314, exit code 1, cmd /opt/ros/noetic/lib/usb_cam/usb_cam_node __name:=camera __log:=/root/.ros/log/5b549096-dfbb-11f0-98df-2ccf676ee7bc/camera-2.log].
log file: /root/.ros/log/5b549096-dfbb-11f0-98df-2ccf676ee7bc/camera-2*.log[0m
[31m[camera-2] process has died [pid 22332, exit code 1, cmd /opt/ros/noetic/lib/usb_cam/usb_cam_node __name:=camera __log:=/root/.ros/log/5b549096-dfbb-11f0-98df-2ccf676ee7bc/camera-2.log].
log file: /root/.ros/log/5b549096-dfbb-11f0-98df-2ccf676ee7bc/camera-2*.log[0m
[31m[camera-2] process has died [pid 22356, exit code 1, cmd /opt/ros/noetic/lib/usb_cam/usb_cam_node __name:=camera __log:=/root/.ros/log/5b549096-dfbb-11f0-98df-2ccf676ee7bc/camera-2.log].
log file: /root/.ros/log/5b549096-dfbb-11f0-98df-2ccf676ee7bc/camera-2*.log[0m
[31m[camera-2] process has died [pid 22380, exit code 1, cmd /opt/ros/noetic/lib/usb_cam/usb_cam_node __name:=camera __log:=/root/.ros/log/5b549096-dfbb-11f0-98df-2ccf676ee7bc/camera-2.log].
log file: /root/.ros/log/5b549096-dfbb-11f0-98df-2ccf676ee7bc/camera-2*.log[0m
[31m[camera-2] process has died [pid 22398, exit code 1, cmd /opt/ros/noetic/lib/usb_cam/usb_cam_node __name:=camera __log:=/root/.ros/log/5b549096-dfbb-11f0-98df-2ccf676ee7bc/camera-2.log].
log file: /root/.ros/log/5b549096-dfbb-11f0-98df-2ccf676ee7bc/camera-2*.log[0m
[31m[camera-2] process has died [pid 22447, exit code 1, cmd /opt/ros/noetic/lib/usb_cam/usb_cam_node __name:=camera __log:=/root/.ros/log/5b549096-dfbb-11f0-98df-2ccf676ee7bc/camera-2.log].
log file: /root/.ros/log/5b549096-dfbb-11f0-98df-2ccf676ee7bc/camera-2*.log[0m
[31m[camera-2] process has died [pid 22475, exit code 1, cmd /opt/ros/noetic/lib/usb_cam/usb_cam_node __name:=camera __log:=/root/.ros/log/5b549096-dfbb-11f0-98df-2ccf676ee7bc/camera-2.log].
log file: /root/.ros/log/5b549096-dfbb-11f0-98df-2ccf676ee7bc/camera-2*.log[0m
[31m[camera-2] process has died [pid 22499, exit code 1, cmd /opt/ros/noetic/lib/usb_cam/usb_cam_node __name:=camera __log:=/root/.ros/log/5b549096-dfbb-11f0-98df-2ccf676ee7bc/camera-2.log].
log file: /root/.ros/log/5b549096-dfbb-11f0-98df-2ccf676ee7bc/camera-2*.log[0m
[31m[camera-2] process has died [pid 22527, exit code 1, cmd /opt/ros/noetic/lib/usb_cam/usb_cam_node __name:=camera __log:=/root/.ros/log/5b549096-dfbb-11f0-98df-2ccf676ee7bc/camera-2.log].
log file: /root/.ros/log/5b549096-dfbb-11f0-98df-2ccf676ee7bc/camera-2*.log[0m
[31m[camera-2] process has died [pid 22555, exit code 1, cmd /opt/ros/noetic/lib/usb_cam/usb_cam_node __name:=camera __log:=/root/.ros/log/5b549096-dfbb-11f0-98df-2ccf676ee7bc/camera-2.log].
log file: /root/.ros/log/5b549096-dfbb-11f0-98df-2ccf676ee7bc/camera-2*.log[0m
[31m[camera-2] process has died [pid 22577, exit code 1, cmd /opt/ros/noetic/lib/usb_cam/usb_cam_node __name:=camera __log:=/root/.ros/log/5b549096-dfbb-11f0-98df-2ccf676ee7bc/camera-2.log].
log file: /root/.ros/log/5b549096-dfbb-11f0-98df-2ccf676ee7bc/camera-2*.log[0m
[31m[camera-2] process has died [pid 22605, exit code 1, cmd /opt/ros/noetic/lib/usb_cam/usb_cam_node __name:=camera __log:=/root/.ros/log/5b549096-dfbb-11f0-98df-2ccf676ee7bc/camera-2.log].
log file: /root/.ros/log/5b549096-dfbb-11f0-98df-2ccf676ee7bc/camera-2*.log[0m
[31m[camera-2] process has died [pid 22706, exit code 1, cmd /opt/ros/noetic/lib/usb_cam/usb_cam_node __name:=camera __log:=/root/.ros/log/5b549096-dfbb-11f0-98df-2ccf676ee7bc/camera-2.log].
log file: /root/.ros/log/5b549096-dfbb-11f0-98df-2ccf676ee7bc/camera-2*.log[0m
[31m[camera-2] process has died [pid 22822, exit code 1, cmd /opt/ros/noetic/lib/usb_cam/usb_cam_node __name:=camera __log:=/root/.ros/log/5b549096-dfbb-11f0-98df-2ccf676ee7bc/camera-2.log].
log file: /root/.ros/log/5b549096-dfbb-11f0-98df-2ccf676ee7bc/camera-2*.log[0m
[31m[camera-2] process has died [pid 22887, exit code 1, cmd /opt/ros/noetic/lib/usb_cam/usb_cam_node __name:=camera __log:=/root/.ros/log/5b549096-dfbb-11f0-98df-2ccf676ee7bc/camera-2.log].
log file: /root/.ros/log/5b549096-dfbb-11f0-98df-2ccf676ee7bc/camera-2*.log[0m
[31m[camera-2] process has died [pid 22919, exit code 1, cmd /opt/ros/noetic/lib/usb_cam/usb_cam_node __name:=camera __log:=/root/.ros/log/5b549096-dfbb-11f0-98df-2ccf676ee7bc/camera-2.log].
log file: /root/.ros/log/5b549096-dfbb-11f0-98df-2ccf676ee7bc/camera-2*.log[0m
[31m[camera-2] process has died [pid 23050, exit code 1, cmd /opt/ros/noetic/lib/usb_cam/usb_cam_node __name:=camera __log:=/root/.ros/log/5b549096-dfbb-11f0-98df-2ccf676ee7bc/camera-2.log].
log file: /root/.ros/log/5b549096-dfbb-11f0-98df-2ccf676ee7bc/camera-2*.log[0m
[31m[camera-2] process has died [pid 23259, exit code 1, cmd /opt/ros/noetic/lib/usb_cam/usb_cam_node __name:=camera __log:=/root/.ros/log/5b549096-dfbb-11f0-98df-2ccf676ee7bc/camera-2.log].
log file: /root/.ros/log/5b549096-dfbb-11f0-98df-2ccf676ee7bc/camera-2*.log[0m
[31m[camera-2] process has died [pid 23359, exit code 1, cmd /opt/ros/noetic/lib/usb_cam/usb_cam_node __name:=camera __log:=/root/.ros/log/5b549096-dfbb-11f0-98df-2ccf676ee7bc/camera-2.log].
log file: /root/.ros/log/5b549096-dfbb-11f0-98df-2ccf676ee7bc/camera-2*.log[0m
[31m[camera-2] process has died [pid 23473, exit code 1, cmd /opt/ros/noetic/lib/usb_cam/usb_cam_node __name:=camera __log:=/root/.ros/log/5b549096-dfbb-11f0-98df-2ccf676ee7bc/camera-2.log].
log file: /root/.ros/log/5b549096-dfbb-11f0-98df-2ccf676ee7bc/camera-2*.log[0m
[31m[camera-2] process has died [pid 23673, exit code 1, cmd /opt/ros/noetic/lib/usb_cam/usb_cam_node __name:=camera __log:=/root/.ros/log/5b549096-dfbb-11f0-98df-2ccf676ee7bc/camera-2.log].
log file: /root/.ros/log/5b549096-dfbb-11f0-98df-2ccf676ee7bc/camera-2*.log[0m
[31m[ERROR] [1766467736.885079488]: Cannot identify '/dev/usb_cam': 2, No such file or directory[0m
[0m[ INFO] [1766467736.883932495]: camera calibration URL: file:///home/ubuntu/.ros/camera_info/head_camera.yaml[0m
[0m[ INFO] [1766467736.885025896]: Starting 'camera' (/dev/usb_cam) at 640x480 via mmap (yuyv) at 30 FPS[0m
[31m[ERROR] [1766467742.324850050]: Cannot identify '/dev/usb_cam': 2, No such file or directory[0m
[0m[ INFO] [1766467742.323668297]: camera calibration URL: file:///home/ubuntu/.ros/camera_info/head_camera.yaml[0m
[0m[ INFO] [1766467742.324800236]: Starting 'camera' (/dev/usb_cam) at 640x480 via mmap (yuyv) at 30 FPS[0m
[31m[ERROR] [1766467747.774056999]: Cannot identify '/dev/usb_cam': 2, No such file or directory[0m
[0m[ INFO] [1766467747.772799413]: camera calibration URL: file:///home/ubuntu/.ros/camera_info/head_camera.yaml[0m
[0m[ INFO] [1766467747.774003740]: Starting 'camera' (/dev/usb_cam) at 640x480 via mmap (yuyv) at 30 FPS[0m
[31m[ERROR] [1766467753.201093065]: Cannot identify '/dev/usb_cam': 2, No such file or directory[0m
[0m[ INFO] [1766467753.199934978]: camera calibration URL: file:///home/ubuntu/.ros/camera_info/head_camera.yaml[0m
[0m[ INFO] [1766467753.201040028]: Starting 'camera' (/dev/usb_cam) at 640x480 via mmap (yuyv) at 30 FPS[0m
[31m[ERROR] [1766467758.560392168]: Cannot identify '/dev/usb_cam': 2, No such file or directory[0m
[0m[ INFO] [1766467758.559266952]: camera calibration URL: file:///home/ubuntu/.ros/camera_info/head_camera.yaml[0m
[0m[ INFO] [1766467758.560345132]: Starting 'camera' (/dev/usb_cam) at 640x480 via mmap (yuyv) at 30 FPS[0m
[31m[ERROR] [1766467763.994531773]: Cannot identify '/dev/usb_cam': 2, No such file or directory[0m
[0m[ INFO] [1766467763.993367204]: camera calibration URL: file:///home/ubuntu/.ros/camera_info/head_camera.yaml[0m
[0m[ INFO] [1766467763.994478291]: Starting 'camera' (/dev/usb_cam) at 640x480 via mmap (yuyv) at 30 FPS[0m
[31m[ERROR] [1766467769.430796006]: Cannot identify '/dev/usb_cam': 2, No such file or directory[0m
[0m[ INFO] [1766467769.429667919]: camera calibration URL: file:///home/ubuntu/.ros/camera_info/head_camera.yaml[0m
[0m[ INFO] [1766467769.430745914]: Starting 'camera' (/dev/usb_cam) at 640x480 via mmap (yuyv) at 30 FPS[0m
[31m[ERROR] [1766467774.895080347]: Cannot identify '/dev/usb_cam': 2, No such file or directory[0m
[0m[ INFO] [1766467774.893903112]: camera calibration URL: file:///home/ubuntu/.ros/camera_info/head_camera.yaml[0m
[0m[ INFO] [1766467774.895026514]: Starting 'camera' (/dev/usb_cam) at 640x480 via mmap (yuyv) at 30 FPS[0m
[31m[ERROR] [1766467780.323774372]: Cannot identify '/dev/usb_cam': 2, No such file or directory[0m
[0m[ INFO] [1766467780.322586063]: camera calibration URL: file:///home/ubuntu/.ros/camera_info/head_camera.yaml[0m
[0m[ INFO] [1766467780.323726965]: Starting 'camera' (/dev/usb_cam) at 640x480 via mmap (yuyv) at 30 FPS[0m
[31m[ERROR] [1766467785.746308431]: Cannot identify '/dev/usb_cam': 2, No such file or directory[0m
[0m[ INFO] [1766467785.744942196]: camera calibration URL: file:///home/ubuntu/.ros/camera_info/head_camera.yaml[0m
[0m[ INFO] [1766467785.746241394]: Starting 'camera' (/dev/usb_cam) at 640x480 via mmap (yuyv) at 30 FPS[0m
[31m[ERROR] [1766467791.129745959]: Cannot identify '/dev/usb_cam': 2, No such file or directory[0m
[0m[ INFO] [1766467791.128575705]: camera calibration URL: file:///home/ubuntu/.ros/camera_info/head_camera.yaml[0m
[0m[ INFO] [1766467791.129699478]: Starting 'camera' (/dev/usb_cam) at 640x480 via mmap (yuyv) at 30 FPS[0m
[31m[ERROR] [1766467796.570123843]: Cannot identify '/dev/usb_cam': 2, No such file or directory[0m
[0m[ INFO] [1766467796.566761043]: camera calibration URL: file:///home/ubuntu/.ros/camera_info/head_camera.yaml[0m
[0m[ INFO] [1766467796.570041658]: Starting 'camera' (/dev/usb_cam) at 640x480 via mmap (yuyv) at 30 FPS[0m
[31m[ERROR] [1766467802.003411748]: Cannot identify '/dev/usb_cam': 2, No such file or directory[0m
[0m[ INFO] [1766467802.002203661]: camera calibration URL: file:///home/ubuntu/.ros/camera_info/head_camera.yaml[0m
[0m[ INFO] [1766467802.003359045]: Starting 'camera' (/dev/usb_cam) at 640x480 via mmap (yuyv) at 30 FPS[0m
[31m[ERROR] [1766467807.524508318]: Cannot identify '/dev/usb_cam': 2, No such file or directory[0m
[0m[ INFO] [1766467807.523216824]: camera calibration URL: file:///home/ubuntu/.ros/camera_info/head_camera.yaml[0m
[0m[ INFO] [1766467807.524447245]: Starting 'camera' (/dev/usb_cam) at 640x480 via mmap (yuyv) at 30 FPS[0m
[31m[ERROR] [1766467812.899390736]: Cannot identify '/dev/usb_cam': 2, No such file or directory[0m
[0m[ INFO] [1766467812.898205148]: camera calibration URL: file:///home/ubuntu/.ros/camera_info/head_camera.yaml[0m
[0m[ INFO] [1766467812.899340106]: Starting 'camera' (/dev/usb_cam) at 640x480 via mmap (yuyv) at 30 FPS[0m
[31m[ERROR] [1766467818.337564668]: Cannot identify '/dev/usb_cam': 2, No such file or directory[0m
[0m[ INFO] [1766467818.335635824]: camera calibration URL: file:///home/ubuntu/.ros/camera_info/head_camera.yaml[0m
[0m[ INFO] [1766467818.337509817]: Starting 'camera' (/dev/usb_cam) at 640x480 via mmap (yuyv) at 30 FPS[0m
[31m[ERROR] [1766467823.769237710]: Cannot identify '/dev/usb_cam': 2, No such file or directory[0m
[0m[ INFO] [1766467823.768086344]: camera calibration URL: file:///home/ubuntu/.ros/camera_info/head_camera.yaml[0m
[0m[ INFO] [1766467823.769173951]: Starting 'camera' (/dev/usb_cam) at 640x480 via mmap (yuyv) at 30 FPS[0m
[31m[ERROR] [1766467829.212074232]: Cannot identify '/dev/usb_cam': 2, No such file or directory[0m
[0m[ INFO] [1766467829.210860644]: camera calibration URL: file:///home/ubuntu/.ros/camera_info/head_camera.yaml[0m
[0m[ INFO] [1766467829.212025751]: Starting 'camera' (/dev/usb_cam) at 640x480 via mmap (yuyv) at 30 FPS[0m
[31m[ERROR] [1766467834.659226723]: Cannot identify '/dev/usb_cam': 2, No such file or directory[0m
[0m[ INFO] [1766467834.658084746]: camera calibration URL: file:///home/ubuntu/.ros/camera_info/head_camera.yaml[0m
[0m[ INFO] [1766467834.659180223]: Starting 'camera' (/dev/usb_cam) at 640x480 via mmap (yuyv) at 30 FPS[0m
[31m[ERROR] [1766467840.084655938]: Cannot identify '/dev/usb_cam': 2, No such file or directory[0m
[0m[ INFO] [1766467840.083280017]: camera calibration URL: file:///home/ubuntu/.ros/camera_info/head_camera.yaml[0m
[0m[ INFO] [1766467840.084578623]: Starting 'camera' (/dev/usb_cam) at 640x480 via mmap (yuyv) at 30 FPS[0m
[31m[ERROR] [1766467845.537526066]: Cannot identify '/dev/usb_cam': 2, No such file or directory[0m
[0m[ INFO] [1766467845.536365829]: camera calibration URL: file:///home/ubuntu/.ros/camera_info/head_camera.yaml[0m
[0m[ INFO] [1766467845.537477566]: Starting 'camera' (/dev/usb_cam) at 640x480 via mmap (yuyv) at 30 FPS[0m
[31m[ERROR] [1766467850.992084100]: Cannot identify '/dev/usb_cam': 2, No such file or directory[0m
[0m[ INFO] [1766467850.990855956]: camera calibration URL: file:///home/ubuntu/.ros/camera_info/head_camera.yaml[0m
[0m[ INFO] [1766467850.992034785]: Starting 'camera' (/dev/usb_cam) at 640x480 via mmap (yuyv) at 30 FPS[0m
[31m[ERROR] [1766467856.429179572]: Cannot identify '/dev/usb_cam': 2, No such file or directory[0m
[0m[ INFO] [1766467856.427992168]: camera calibration URL: file:///home/ubuntu/.ros/camera_info/head_camera.yaml[0m
[0m[ INFO] [1766467856.429132775]: Starting 'camera' (/dev/usb_cam) at 640x480 via mmap (yuyv) at 30 FPS[0m
[31m[ERROR] [1766467861.871420464]: Cannot identify '/dev/usb_cam': 2, No such file or directory[0m
[0m[ INFO] [1766467861.870278598]: camera calibration URL: file:///home/ubuntu/.ros/camera_info/head_camera.yaml[0m
[0m[ INFO] [1766467861.871369298]: Starting 'camera' (/dev/usb_cam) at 640x480 via mmap (yuyv) at 30 FPS[0m
[31m[ERROR] [1766467867.308286129]: Cannot identify '/dev/usb_cam': 2, No such file or directory[0m
[0m[ INFO] [1766467867.307028373]: camera calibration URL: file:///home/ubuntu/.ros/camera_info/head_camera.yaml[0m
[0m[ INFO] [1766467867.308235018]: Starting 'camera' (/dev/usb_cam) at 640x480 via mmap (yuyv) at 30 FPS[0m
[31m[ERROR] [1766467872.849907761]: Cannot identify '/dev/usb_cam': 2, No such file or directory[0m
[0m[ INFO] [1766467872.847329121]: camera calibration URL: file:///home/ubuntu/.ros/camera_info/head_camera.yaml[0m
[0m[ INFO] [1766467872.849826854]: Starting 'camera' (/dev/usb_cam) at 640x480 via mmap (yuyv) at 30 FPS[0m
[31m[ERROR] [1766467878.302278596]: Cannot identify '/dev/usb_cam': 2, No such file or directory[0m
[0m[ INFO] [1766467878.301108989]: camera calibration URL: file:///home/ubuntu/.ros/camera_info/head_camera.yaml[0m
[0m[ INFO] [1766467878.302226170]: Starting 'camera' (/dev/usb_cam) at 640x480 via mmap (yuyv) at 30 FPS[0m
[31m[ERROR] [1766467883.753090472]: Cannot identify '/dev/usb_cam': 2, No such file or directory[0m
[0m[ INFO] [1766467883.751936735]: camera calibration URL: file:///home/ubuntu/.ros/camera_info/head_camera.yaml[0m
[0m[ INFO] [1766467883.753035750]: Starting 'camera' (/dev/usb_cam) at 640x480 via mmap (yuyv) at 30 FPS[0m
[31m[ERROR] [1766467889.213916018]: Cannot identify '/dev/usb_cam': 2, No such file or directory[0m
[0m[ INFO] [1766467889.212750503]: camera calibration URL: file:///home/ubuntu/.ros/camera_info/head_camera.yaml[0m
[0m[ INFO] [1766467889.213869277]: Starting 'camera' (/dev/usb_cam) at 640x480 via mmap (yuyv) at 30 FPS[0m
[31m[ERROR] [1766467894.648748242]: Cannot identify '/dev/usb_cam': 2, No such file or directory[0m
[0m[ INFO] [1766467894.647609098]: camera calibration URL: file:///home/ubuntu/.ros/camera_info/head_camera.yaml[0m
[0m[ INFO] [1766467894.648699113]: Starting 'camera' (/dev/usb_cam) at 640x480 via mmap (yuyv) at 30 FPS[0m
[31m[camera-2] process has died [pid 23824, exit code 1, cmd /opt/ros/noetic/lib/usb_cam/usb_cam_node __name:=camera __log:=/root/.ros/log/5b549096-dfbb-11f0-98df-2ccf676ee7bc/camera-2.log].
log file: /root/.ros/log/5b549096-dfbb-11f0-98df-2ccf676ee7bc/camera-2*.log[0m
[31m[camera-2] process has died [pid 23846, exit code 1, cmd /opt/ros/noetic/lib/usb_cam/usb_cam_node __name:=camera __log:=/root/.ros/log/5b549096-dfbb-11f0-98df-2ccf676ee7bc/camera-2.log].
log file: /root/.ros/log/5b549096-dfbb-11f0-98df-2ccf676ee7bc/camera-2*.log[0m
[31m[camera-2] process has died [pid 23874, exit code 1, cmd /opt/ros/noetic/lib/usb_cam/usb_cam_node __name:=camera __log:=/root/.ros/log/5b549096-dfbb-11f0-98df-2ccf676ee7bc/camera-2.log].
log file: /root/.ros/log/5b549096-dfbb-11f0-98df-2ccf676ee7bc/camera-2*.log[0m
[31m[camera-2] process has died [pid 23902, exit code 1, cmd /opt/ros/noetic/lib/usb_cam/usb_cam_node __name:=camera __log:=/root/.ros/log/5b549096-dfbb-11f0-98df-2ccf676ee7bc/camera-2.log].
log file: /root/.ros/log/5b549096-dfbb-11f0-98df-2ccf676ee7bc/camera-2*.log[0m
[31m[camera-2] process has died [pid 23928, exit code 1, cmd /opt/ros/noetic/lib/usb_cam/usb_cam_node __name:=camera __log:=/root/.ros/log/5b549096-dfbb-11f0-98df-2ccf676ee7bc/camera-2.log].
log file: /root/.ros/log/5b549096-dfbb-11f0-98df-2ccf676ee7bc/camera-2*.log[0m
[31m[camera-2] process has died [pid 24028, exit code 1, cmd /opt/ros/noetic/lib/usb_cam/usb_cam_node __name:=camera __log:=/root/.ros/log/5b549096-dfbb-11f0-98df-2ccf676ee7bc/camera-2.log].
log file: /root/.ros/log/5b549096-dfbb-11f0-98df-2ccf676ee7bc/camera-2*.log[0m
[31m[camera-2] process has died [pid 24131, exit code 1, cmd /opt/ros/noetic/lib/usb_cam/usb_cam_node __name:=camera __log:=/root/.ros/log/5b549096-dfbb-11f0-98df-2ccf676ee7bc/camera-2.log].
log file: /root/.ros/log/5b549096-dfbb-11f0-98df-2ccf676ee7bc/camera-2*.log[0m
[31m[camera-2] process has died [pid 24232, exit code 1, cmd /opt/ros/noetic/lib/usb_cam/usb_cam_node __name:=camera __log:=/root/.ros/log/5b549096-dfbb-11f0-98df-2ccf676ee7bc/camera-2.log].
log file: /root/.ros/log/5b549096-dfbb-11f0-98df-2ccf676ee7bc/camera-2*.log[0m
[31m[camera-2] process has died [pid 24336, exit code 1, cmd /opt/ros/noetic/lib/usb_cam/usb_cam_node __name:=camera __log:=/root/.ros/log/5b549096-dfbb-11f0-98df-2ccf676ee7bc/camera-2.log].
log file: /root/.ros/log/5b549096-dfbb-11f0-98df-2ccf676ee7bc/camera-2*.log[0m
[31m[camera-2] process has died [pid 24358, exit code 1, cmd /opt/ros/noetic/lib/usb_cam/usb_cam_node __name:=camera __log:=/root/.ros/log/5b549096-dfbb-11f0-98df-2ccf676ee7bc/camera-2.log].
log file: /root/.ros/log/5b549096-dfbb-11f0-98df-2ccf676ee7bc/camera-2*.log[0m
[31m[camera-2] process has died [pid 24386, exit code 1, cmd /opt/ros/noetic/lib/usb_cam/usb_cam_node __name:=camera __log:=/root/.ros/log/5b549096-dfbb-11f0-98df-2ccf676ee7bc/camera-2.log].
log file: /root/.ros/log/5b549096-dfbb-11f0-98df-2ccf676ee7bc/camera-2*.log[0m
[31m[camera-2] process has died [pid 24434, exit code 1, cmd /opt/ros/noetic/lib/usb_cam/usb_cam_node __name:=camera __log:=/root/.ros/log/5b549096-dfbb-11f0-98df-2ccf676ee7bc/camera-2.log].
log file: /root/.ros/log/5b549096-dfbb-11f0-98df-2ccf676ee7bc/camera-2*.log[0m
[31m[camera-2] process has died [pid 24775, exit code 1, cmd /opt/ros/noetic/lib/usb_cam/usb_cam_node __name:=camera __log:=/root/.ros/log/5b549096-dfbb-11f0-98df-2ccf676ee7bc/camera-2.log].
log file: /root/.ros/log/5b549096-dfbb-11f0-98df-2ccf676ee7bc/camera-2*.log[0m
[31m[camera-2] process has died [pid 25004, exit code 1, cmd /opt/ros/noetic/lib/usb_cam/usb_cam_node __name:=camera __log:=/root/.ros/log/5b549096-dfbb-11f0-98df-2ccf676ee7bc/camera-2.log].
log file: /root/.ros/log/5b549096-dfbb-11f0-98df-2ccf676ee7bc/camera-2*.log[0m
[31m[camera-2] process has died [pid 25131, exit code 1, cmd /opt/ros/noetic/lib/usb_cam/usb_cam_node __name:=camera __log:=/root/.ros/log/5b549096-dfbb-11f0-98df-2ccf676ee7bc/camera-2.log].
log file: /root/.ros/log/5b549096-dfbb-11f0-98df-2ccf676ee7bc/camera-2*.log[0m
[31m[camera-2] process has died [pid 25306, exit code 1, cmd /opt/ros/noetic/lib/usb_cam/usb_cam_node __name:=camera __log:=/root/.ros/log/5b549096-dfbb-11f0-98df-2ccf676ee7bc/camera-2.log].
log file: /root/.ros/log/5b549096-dfbb-11f0-98df-2ccf676ee7bc/camera-2*.log[0m
[31m[camera-2] process has died [pid 25377, exit code 1, cmd /opt/ros/noetic/lib/usb_cam/usb_cam_node __name:=camera __log:=/root/.ros/log/5b549096-dfbb-11f0-98df-2ccf676ee7bc/camera-2.log].
log file: /root/.ros/log/5b549096-dfbb-11f0-98df-2ccf676ee7bc/camera-2*.log[0m
[31m[camera-2] process has died [pid 25418, exit code 1, cmd /opt/ros/noetic/lib/usb_cam/usb_cam_node __name:=camera __log:=/root/.ros/log/5b549096-dfbb-11f0-98df-2ccf676ee7bc/camera-2.log].
log file: /root/.ros/log/5b549096-dfbb-11f0-98df-2ccf676ee7bc/camera-2*.log[0m
[31m[camera-2] process has died [pid 25444, exit code 1, cmd /opt/ros/noetic/lib/usb_cam/usb_cam_node __name:=camera __log:=/root/.ros/log/5b549096-dfbb-11f0-98df-2ccf676ee7bc/camera-2.log].
log file: /root/.ros/log/5b549096-dfbb-11f0-98df-2ccf676ee7bc/camera-2*.log[0m
[31m[camera-2] process has died [pid 25544, exit code 1, cmd /opt/ros/noetic/lib/usb_cam/usb_cam_node __name:=camera __log:=/root/.ros/log/5b549096-dfbb-11f0-98df-2ccf676ee7bc/camera-2.log].
log file: /root/.ros/log/5b549096-dfbb-11f0-98df-2ccf676ee7bc/camera-2*.log[0m
[31m[camera-2] process has died [pid 25679, exit code 1, cmd /opt/ros/noetic/lib/usb_cam/usb_cam_node __name:=camera __log:=/root/.ros/log/5b549096-dfbb-11f0-98df-2ccf676ee7bc/camera-2.log].
log file: /root/.ros/log/5b549096-dfbb-11f0-98df-2ccf676ee7bc/camera-2*.log[0m
[31m[camera-2] process has died [pid 25777, exit code 1, cmd /opt/ros/noetic/lib/usb_cam/usb_cam_node __name:=camera __log:=/root/.ros/log/5b549096-dfbb-11f0-98df-2ccf676ee7bc/camera-2.log].
log file: /root/.ros/log/5b549096-dfbb-11f0-98df-2ccf676ee7bc/camera-2*.log[0m
[31m[camera-2] process has died [pid 25877, exit code 1, cmd /opt/ros/noetic/lib/usb_cam/usb_cam_node __name:=camera __log:=/root/.ros/log/5b549096-dfbb-11f0-98df-2ccf676ee7bc/camera-2.log].
log file: /root/.ros/log/5b549096-dfbb-11f0-98df-2ccf676ee7bc/camera-2*.log[0m
[31m[camera-2] process has died [pid 25981, exit code 1, cmd /opt/ros/noetic/lib/usb_cam/usb_cam_node __name:=camera __log:=/root/.ros/log/5b549096-dfbb-11f0-98df-2ccf676ee7bc/camera-2.log].
log file: /root/.ros/log/5b549096-dfbb-11f0-98df-2ccf676ee7bc/camera-2*.log[0m
[31m[camera-2] process has died [pid 26075, exit code 1, cmd /opt/ros/noetic/lib/usb_cam/usb_cam_node __name:=camera __log:=/root/.ros/log/5b549096-dfbb-11f0-98df-2ccf676ee7bc/camera-2.log].
log file: /root/.ros/log/5b549096-dfbb-11f0-98df-2ccf676ee7bc/camera-2*.log[0m
[31m[camera-2] process has died [pid 26146, exit code 1, cmd /opt/ros/noetic/lib/usb_cam/usb_cam_node __name:=camera __log:=/root/.ros/log/5b549096-dfbb-11f0-98df-2ccf676ee7bc/camera-2.log].
log file: /root/.ros/log/5b549096-dfbb-11f0-98df-2ccf676ee7bc/camera-2*.log[0m
[31m[camera-2] process has died [pid 26174, exit code 1, cmd /opt/ros/noetic/lib/usb_cam/usb_cam_node __name:=camera __log:=/root/.ros/log/5b549096-dfbb-11f0-98df-2ccf676ee7bc/camera-2.log].
log file: /root/.ros/log/5b549096-dfbb-11f0-98df-2ccf676ee7bc/camera-2*.log[0m
[31m[camera-2] process has died [pid 26450, exit code 1, cmd /opt/ros/noetic/lib/usb_cam/usb_cam_node __name:=camera __log:=/root/.ros/log/5b549096-dfbb-11f0-98df-2ccf676ee7bc/camera-2.log].
log file: /root/.ros/log/5b549096-dfbb-11f0-98df-2ccf676ee7bc/camera-2*.log[0m
[31m[camera-2] process has died [pid 26608, exit code 1, cmd /opt/ros/noetic/lib/usb_cam/usb_cam_node __name:=camera __log:=/root/.ros/log/5b549096-dfbb-11f0-98df-2ccf676ee7bc/camera-2.log].
log file: /root/.ros/log/5b549096-dfbb-11f0-98df-2ccf676ee7bc/camera-2*.log[0m
[31m[camera-2] process has died [pid 26636, exit code 1, cmd /opt/ros/noetic/lib/usb_cam/usb_cam_node __name:=camera __log:=/root/.ros/log/5b549096-dfbb-11f0-98df-2ccf676ee7bc/camera-2.log].
log file: /root/.ros/log/5b549096-dfbb-11f0-98df-2ccf676ee7bc/camera-2*.log[0m
[31m[ERROR] [1766467900.084992909]: Cannot identify '/dev/usb_cam': 2, No such file or directory[0m
[0m[ INFO] [1766467900.083847023]: camera calibration URL: file:///home/ubuntu/.ros/camera_info/head_camera.yaml[0m
[0m[ INFO] [1766467900.084941242]: Starting 'camera' (/dev/usb_cam) at 640x480 via mmap (yuyv) at 30 FPS[0m
[31m[ERROR] [1766467905.434986720]: Cannot identify '/dev/usb_cam': 2, No such file or directory[0m
[0m[ INFO] [1766467905.433809909]: camera calibration URL: file:///home/ubuntu/.ros/camera_info/head_camera.yaml[0m
[0m[ INFO] [1766467905.434931276]: Starting 'camera' (/dev/usb_cam) at 640x480 via mmap (yuyv) at 30 FPS[0m
[31m[ERROR] [1766467910.867386181]: Cannot identify '/dev/usb_cam': 2, No such file or directory[0m
[0m[ INFO] [1766467910.865972611]: camera calibration URL: file:///home/ubuntu/.ros/camera_info/head_camera.yaml[0m
[0m[ INFO] [1766467910.867333404]: Starting 'camera' (/dev/usb_cam) at 640x480 via mmap (yuyv) at 30 FPS[0m
[31m[ERROR] [1766467916.325419752]: Cannot identify '/dev/usb_cam': 2, No such file or directory[0m
[0m[ INFO] [1766467916.323956590]: camera calibration URL: file:///home/ubuntu/.ros/camera_info/head_camera.yaml[0m
[0m[ INFO] [1766467916.325351216]: Starting 'camera' (/dev/usb_cam) at 640x480 via mmap (yuyv) at 30 FPS[0m
[31m[ERROR] [1766467921.750346600]: Cannot identify '/dev/usb_cam': 2, No such file or directory[0m
[0m[ INFO] [1766467921.749148640]: camera calibration URL: file:///home/ubuntu/.ros/camera_info/head_camera.yaml[0m
[0m[ INFO] [1766467921.750294119]: Starting 'camera' (/dev/usb_cam) at 640x480 via mmap (yuyv) at 30 FPS[0m
[31m[ERROR] [1766467927.186623327]: Cannot identify '/dev/usb_cam': 2, No such file or directory[0m
[0m[ INFO] [1766467927.185232034]: camera calibration URL: file:///home/ubuntu/.ros/camera_info/head_camera.yaml[0m
[0m[ INFO] [1766467927.186566438]: Starting 'camera' (/dev/usb_cam) at 640x480 via mmap (yuyv) at 30 FPS[0m
[31m[ERROR] [1766467932.875617150]: Cannot identify '/dev/usb_cam': 2, No such file or directory[0m
[0m[ INFO] [1766467932.873392118]: camera calibration URL: file:///home/ubuntu/.ros/camera_info/head_camera.yaml[0m
[0m[ INFO] [1766467932.875528724]: Starting 'camera' (/dev/usb_cam) at 640x480 via mmap (yuyv) at 30 FPS[0m
[31m[ERROR] [1766467938.213924280]: Cannot identify '/dev/usb_cam': 2, No such file or directory[0m
[0m[ INFO] [1766467938.212679542]: camera calibration URL: file:///home/ubuntu/.ros/camera_info/head_camera.yaml[0m
[0m[ INFO] [1766467938.213868595]: Starting 'camera' (/dev/usb_cam) at 640x480 via mmap (yuyv) at 30 FPS[0m
[31m[ERROR] [1766467943.654518619]: Cannot identify '/dev/usb_cam': 2, No such file or directory[0m
[0m[ INFO] [1766467943.653313214]: camera calibration URL: file:///home/ubuntu/.ros/camera_info/head_camera.yaml[0m
[0m[ INFO] [1766467943.654470619]: Starting 'camera' (/dev/usb_cam) at 640x480 via mmap (yuyv) at 30 FPS[0m
[31m[ERROR] [1766467949.186291983]: Cannot identify '/dev/usb_cam': 2, No such file or directory[0m
[0m[ INFO] [1766467949.184718764]: camera calibration URL: file:///home/ubuntu/.ros/camera_info/head_camera.yaml[0m
[0m[ INFO] [1766467949.186226001]: Starting 'camera' (/dev/usb_cam) at 640x480 via mmap (yuyv) at 30 FPS[0m
[31m[ERROR] [1766467954.558522942]: Cannot identify '/dev/usb_cam': 2, No such file or directory[0m
[0m[ INFO] [1766467954.557222186]: camera calibration URL: file:///home/ubuntu/.ros/camera_info/head_camera.yaml[0m
[0m[ INFO] [1766467954.558469702]: Starting 'camera' (/dev/usb_cam) at 640x480 via mmap (yuyv) at 30 FPS[0m
[31m[ERROR] [1766467959.920675539]: Cannot identify '/dev/usb_cam': 2, No such file or directory[0m
[0m[ INFO] [1766467959.919458560]: camera calibration URL: file:///home/ubuntu/.ros/camera_info/head_camera.yaml[0m
[0m[ INFO] [1766467959.920625743]: Starting 'camera' (/dev/usb_cam) at 640x480 via mmap (yuyv) at 30 FPS[0m
[31m[ERROR] [1766467965.369929817]: Cannot identify '/dev/usb_cam': 2, No such file or directory[0m
[0m[ INFO] [1766467965.368749245]: camera calibration URL: file:///home/ubuntu/.ros/camera_info/head_camera.yaml[0m
[0m[ INFO] [1766467965.369882577]: Starting 'camera' (/dev/usb_cam) at 640x480 via mmap (yuyv) at 30 FPS[0m
[31m[ERROR] [1766467970.827584884]: Cannot identify '/dev/usb_cam': 2, No such file or directory[0m
[0m[ INFO] [1766467970.826255460]: camera calibration URL: file:///home/ubuntu/.ros/camera_info/head_camera.yaml[0m
[0m[ INFO] [1766467970.827534643]: Starting 'camera' (/dev/usb_cam) at 640x480 via mmap (yuyv) at 30 FPS[0m
[31m[ERROR] [1766467976.260809226]: Cannot identify '/dev/usb_cam': 2, No such file or directory[0m
[0m[ INFO] [1766467976.259528969]: camera calibration URL: file:///home/ubuntu/.ros/camera_info/head_camera.yaml[0m
[0m[ INFO] [1766467976.260756985]: Starting 'camera' (/dev/usb_cam) at 640x480 via mmap (yuyv) at 30 FPS[0m
[31m[ERROR] [1766467981.688362838]: Cannot identify '/dev/usb_cam': 2, No such file or directory[0m
[0m[ INFO] [1766467981.687223729]: camera calibration URL: file:///home/ubuntu/.ros/camera_info/head_camera.yaml[0m
[0m[ INFO] [1766467981.688314264]: Starting 'camera' (/dev/usb_cam) at 640x480 via mmap (yuyv) at 30 FPS[0m
[31m[ERROR] [1766467987.164489750]: Cannot identify '/dev/usb_cam': 2, No such file or directory[0m
[0m[ INFO] [1766467987.163171826]: camera calibration URL: file:///home/ubuntu/.ros/camera_info/head_camera.yaml[0m
[0m[ INFO] [1766467987.164399879]: Starting 'camera' (/dev/usb_cam) at 640x480 via mmap (yuyv) at 30 FPS[0m
[31m[ERROR] [1766467992.596650365]: Cannot identify '/dev/usb_cam': 2, No such file or directory[0m
[0m[ INFO] [1766467992.595322201]: camera calibration URL: file:///home/ubuntu/.ros/camera_info/head_camera.yaml[0m
[0m[ INFO] [1766467992.596592217]: Starting 'camera' (/dev/usb_cam) at 640x480 via mmap (yuyv) at 30 FPS[0m
[31m[ERROR] [1766467998.014475325]: Cannot identify '/dev/usb_cam': 2, No such file or directory[0m
[0m[ INFO] [1766467998.013275235]: camera calibration URL: file:///home/ubuntu/.ros/camera_info/head_camera.yaml[0m
[0m[ INFO] [1766467998.014428270]: Starting 'camera' (/dev/usb_cam) at 640x480 via mmap (yuyv) at 30 FPS[0m
[31m[ERROR] [1766468003.466761793]: Cannot identify '/dev/usb_cam': 2, No such file or directory[0m
[0m[ INFO] [1766468003.465141314]: camera calibration URL: file:///home/ubuntu/.ros/camera_info/head_camera.yaml[0m
[0m[ INFO] [1766468003.466700885]: Starting 'camera' (/dev/usb_cam) at 640x480 via mmap (yuyv) at 30 FPS[0m
[31m[ERROR] [1766468008.924068606]: Cannot identify '/dev/usb_cam': 2, No such file or directory[0m
[0m[ INFO] [1766468008.922875070]: camera calibration URL: file:///home/ubuntu/.ros/camera_info/head_camera.yaml[0m
[0m[ INFO] [1766468008.924022587]: Starting 'camera' (/dev/usb_cam) at 640x480 via mmap (yuyv) at 30 FPS[0m
[31m[ERROR] [1766468014.351077558]: Cannot identify '/dev/usb_cam': 2, No such file or directory[0m
[0m[ INFO] [1766468014.349667653]: camera calibration URL: file:///home/ubuntu/.ros/camera_info/head_camera.yaml[0m
[0m[ INFO] [1766468014.351025929]: Starting 'camera' (/dev/usb_cam) at 640x480 via mmap (yuyv) at 30 FPS[0m
[31m[ERROR] [1766468019.821134166]: Cannot identify '/dev/usb_cam': 2, No such file or directory[0m
[0m[ INFO] [1766468019.819906297]: camera calibration URL: file:///home/ubuntu/.ros/camera_info/head_camera.yaml[0m
[0m[ INFO] [1766468019.821083833]: Starting 'camera' (/dev/usb_cam) at 640x480 via mmap (yuyv) at 30 FPS[0m
[31m[ERROR] [1766468025.245016425]: Cannot identify '/dev/usb_cam': 2, No such file or directory[0m
[0m[ INFO] [1766468025.243895593]: camera calibration URL: file:///home/ubuntu/.ros/camera_info/head_camera.yaml[0m
[0m[ INFO] [1766468025.244971018]: Starting 'camera' (/dev/usb_cam) at 640x480 via mmap (yuyv) at 30 FPS[0m
[31m[ERROR] [1766468030.678729770]: Cannot identify '/dev/usb_cam': 2, No such file or directory[0m
[0m[ INFO] [1766468030.677490920]: camera calibration URL: file:///home/ubuntu/.ros/camera_info/head_camera.yaml[0m
[0m[ INFO] [1766468030.678680881]: Starting 'camera' (/dev/usb_cam) at 640x480 via mmap (yuyv) at 30 FPS[0m
[31m[ERROR] [1766468036.110424565]: Cannot identify '/dev/usb_cam': 2, No such file or directory[0m
[0m[ INFO] [1766468036.108735308]: camera calibration URL: file:///home/ubuntu/.ros/camera_info/head_camera.yaml[0m
[0m[ INFO] [1766468036.110360973]: Starting 'camera' (/dev/usb_cam) at 640x480 via mmap (yuyv) at 30 FPS[0m
[31m[ERROR] [1766468041.568731053]: Cannot identify '/dev/usb_cam': 2, No such file or directory[0m
[0m[ INFO] [1766468041.567030036]: camera calibration URL: file:///home/ubuntu/.ros/camera_info/head_camera.yaml[0m
[0m[ INFO] [1766468041.568669293]: Starting 'camera' (/dev/usb_cam) at 640x480 via mmap (yuyv) at 30 FPS[0m
[31m[ERROR] [1766468046.998447256]: Cannot identify '/dev/usb_cam': 2, No such file or directory[0m
[0m[ INFO] [1766468046.997170646]: camera calibration URL: file:///home/ubuntu/.ros/camera_info/head_camera.yaml[0m
[0m[ INFO] [1766468046.998387034]: Starting 'camera' (/dev/usb_cam) at 640x480 via mmap (yuyv) at 30 FPS[0m
[31m[ERROR] [1766468052.432590081]: Cannot identify '/dev/usb_cam': 2, No such file or directory[0m
[0m[ INFO] [1766468052.431363841]: camera calibration URL: file:///home/ubuntu/.ros/camera_info/head_camera.yaml[0m
[0m[ INFO] [1766468052.432540099]: Starting 'camera' (/dev/usb_cam) at 640x480 via mmap (yuyv) at 30 FPS[0m
[31m[ERROR] [1766468057.872508833]: Cannot identify '/dev/usb_cam': 2, No such file or directory[0m
[0m[ INFO] [1766468057.871364983]: camera calibration URL: file:///home/ubuntu/.ros/camera_info/head_camera.yaml[0m
[0m[ INFO] [1766468057.872461796]: Starting 'camera' (/dev/usb_cam) at 640x480 via mmap (yuyv) at 30 FPS[0m
[31m[camera-2] process has died [pid 26734, exit code 1, cmd /opt/ros/noetic/lib/usb_cam/usb_cam_node __name:=camera __log:=/root/.ros/log/5b549096-dfbb-11f0-98df-2ccf676ee7bc/camera-2.log].
log file: /root/.ros/log/5b549096-dfbb-11f0-98df-2ccf676ee7bc/camera-2*.log[0m
[31m[camera-2] process has died [pid 26834, exit code 1, cmd /opt/ros/noetic/lib/usb_cam/usb_cam_node __name:=camera __log:=/root/.ros/log/5b549096-dfbb-11f0-98df-2ccf676ee7bc/camera-2.log].
log file: /root/.ros/log/5b549096-dfbb-11f0-98df-2ccf676ee7bc/camera-2*.log[0m
[31m[camera-2] process has died [pid 26938, exit code 1, cmd /opt/ros/noetic/lib/usb_cam/usb_cam_node __name:=camera __log:=/root/.ros/log/5b549096-dfbb-11f0-98df-2ccf676ee7bc/camera-2.log].
log file: /root/.ros/log/5b549096-dfbb-11f0-98df-2ccf676ee7bc/camera-2*.log[0m
[31m[camera-2] process has died [pid 27032, exit code 1, cmd /opt/ros/noetic/lib/usb_cam/usb_cam_node __name:=camera __log:=/root/.ros/log/5b549096-dfbb-11f0-98df-2ccf676ee7bc/camera-2.log].
log file: /root/.ros/log/5b549096-dfbb-11f0-98df-2ccf676ee7bc/camera-2*.log[0m
[31m[camera-2] process has died [pid 27078, exit code 1, cmd /opt/ros/noetic/lib/usb_cam/usb_cam_node __name:=camera __log:=/root/.ros/log/5b549096-dfbb-11f0-98df-2ccf676ee7bc/camera-2.log].
log file: /root/.ros/log/5b549096-dfbb-11f0-98df-2ccf676ee7bc/camera-2*.log[0m
[31m[camera-2] process has died [pid 27245, exit code 1, cmd /opt/ros/noetic/lib/usb_cam/usb_cam_node __name:=camera __log:=/root/.ros/log/5b549096-dfbb-11f0-98df-2ccf676ee7bc/camera-2.log].
log file: /root/.ros/log/5b549096-dfbb-11f0-98df-2ccf676ee7bc/camera-2*.log[0m
[31m[camera-2] process has died [pid 27304, exit code 1, cmd /opt/ros/noetic/lib/usb_cam/usb_cam_node __name:=camera __log:=/root/.ros/log/5b549096-dfbb-11f0-98df-2ccf676ee7bc/camera-2.log].
log file: /root/.ros/log/5b549096-dfbb-11f0-98df-2ccf676ee7bc/camera-2*.log[0m
[31m[camera-2] process has died [pid 27395, exit code 1, cmd /opt/ros/noetic/lib/usb_cam/usb_cam_node __name:=camera __log:=/root/.ros/log/5b549096-dfbb-11f0-98df-2ccf676ee7bc/camera-2.log].
log file: /root/.ros/log/5b549096-dfbb-11f0-98df-2ccf676ee7bc/camera-2*.log[0m
[31m[camera-2] process has died [pid 27423, exit code 1, cmd /opt/ros/noetic/lib/usb_cam/usb_cam_node __name:=camera __log:=/root/.ros/log/5b549096-dfbb-11f0-98df-2ccf676ee7bc/camera-2.log].
log file: /root/.ros/log/5b549096-dfbb-11f0-98df-2ccf676ee7bc/camera-2*.log[0m
[31m[camera-2] process has died [pid 27446, exit code 1, cmd /opt/ros/noetic/lib/usb_cam/usb_cam_node __name:=camera __log:=/root/.ros/log/5b549096-dfbb-11f0-98df-2ccf676ee7bc/camera-2.log].
log file: /root/.ros/log/5b549096-dfbb-11f0-98df-2ccf676ee7bc/camera-2*.log[0m
[31m[camera-2] process has died [pid 27476, exit code 1, cmd /opt/ros/noetic/lib/usb_cam/usb_cam_node __name:=camera __log:=/root/.ros/log/5b549096-dfbb-11f0-98df-2ccf676ee7bc/camera-2.log].
log file: /root/.ros/log/5b549096-dfbb-11f0-98df-2ccf676ee7bc/camera-2*.log[0m
[31m[camera-2] process has died [pid 27504, exit code 1, cmd /opt/ros/noetic/lib/usb_cam/usb_cam_node __name:=camera __log:=/root/.ros/log/5b549096-dfbb-11f0-98df-2ccf676ee7bc/camera-2.log].
log file: /root/.ros/log/5b549096-dfbb-11f0-98df-2ccf676ee7bc/camera-2*.log[0m
[31m[camera-2] process has died [pid 27526, exit code 1, cmd /opt/ros/noetic/lib/usb_cam/usb_cam_node __name:=camera __log:=/root/.ros/log/5b549096-dfbb-11f0-98df-2ccf676ee7bc/camera-2.log].
log file: /root/.ros/log/5b549096-dfbb-11f0-98df-2ccf676ee7bc/camera-2*.log[0m
[31m[camera-2] process has died [pid 27554, exit code 1, cmd /opt/ros/noetic/lib/usb_cam/usb_cam_node __name:=camera __log:=/root/.ros/log/5b549096-dfbb-11f0-98df-2ccf676ee7bc/camera-2.log].
log file: /root/.ros/log/5b549096-dfbb-11f0-98df-2ccf676ee7bc/camera-2*.log[0m
[31m[camera-2] process has died [pid 27576, exit code 1, cmd /opt/ros/noetic/lib/usb_cam/usb_cam_node __name:=camera __log:=/root/.ros/log/5b549096-dfbb-11f0-98df-2ccf676ee7bc/camera-2.log].
log file: /root/.ros/log/5b549096-dfbb-11f0-98df-2ccf676ee7bc/camera-2*.log[0m
[31m[camera-2] process has died [pid 27784, exit code 1, cmd /opt/ros/noetic/lib/usb_cam/usb_cam_node __name:=camera __log:=/root/.ros/log/5b549096-dfbb-11f0-98df-2ccf676ee7bc/camera-2.log].
log file: /root/.ros/log/5b549096-dfbb-11f0-98df-2ccf676ee7bc/camera-2*.log[0m
[31m[camera-2] process has died [pid 27888, exit code 1, cmd /opt/ros/noetic/lib/usb_cam/usb_cam_node __name:=camera __log:=/root/.ros/log/5b549096-dfbb-11f0-98df-2ccf676ee7bc/camera-2.log].
log file: /root/.ros/log/5b549096-dfbb-11f0-98df-2ccf676ee7bc/camera-2*.log[0m
[31m[camera-2] process has died [pid 27986, exit code 1, cmd /opt/ros/noetic/lib/usb_cam/usb_cam_node __name:=camera __log:=/root/.ros/log/5b549096-dfbb-11f0-98df-2ccf676ee7bc/camera-2.log].
log file: /root/.ros/log/5b549096-dfbb-11f0-98df-2ccf676ee7bc/camera-2*.log[0m
[31m[camera-2] process has died [pid 28094, exit code 1, cmd /opt/ros/noetic/lib/usb_cam/usb_cam_node __name:=camera __log:=/root/.ros/log/5b549096-dfbb-11f0-98df-2ccf676ee7bc/camera-2.log].
log file: /root/.ros/log/5b549096-dfbb-11f0-98df-2ccf676ee7bc/camera-2*.log[0m
[31m[camera-2] process has died [pid 28205, exit code 1, cmd /opt/ros/noetic/lib/usb_cam/usb_cam_node __name:=camera __log:=/root/.ros/log/5b549096-dfbb-11f0-98df-2ccf676ee7bc/camera-2.log].
log file: /root/.ros/log/5b549096-dfbb-11f0-98df-2ccf676ee7bc/camera-2*.log[0m
[31m[camera-2] process has died [pid 28312, exit code 1, cmd /opt/ros/noetic/lib/usb_cam/usb_cam_node __name:=camera __log:=/root/.ros/log/5b549096-dfbb-11f0-98df-2ccf676ee7bc/camera-2.log].
log file: /root/.ros/log/5b549096-dfbb-11f0-98df-2ccf676ee7bc/camera-2*.log[0m
[31m[camera-2] process has died [pid 28340, exit code 1, cmd /opt/ros/noetic/lib/usb_cam/usb_cam_node __name:=camera __log:=/root/.ros/log/5b549096-dfbb-11f0-98df-2ccf676ee7bc/camera-2.log].
log file: /root/.ros/log/5b549096-dfbb-11f0-98df-2ccf676ee7bc/camera-2*.log[0m
[31m[camera-2] process has died [pid 28368, exit code 1, cmd /opt/ros/noetic/lib/usb_cam/usb_cam_node __name:=camera __log:=/root/.ros/log/5b549096-dfbb-11f0-98df-2ccf676ee7bc/camera-2.log].
log file: /root/.ros/log/5b549096-dfbb-11f0-98df-2ccf676ee7bc/camera-2*.log[0m
[31m[camera-2] process has died [pid 28390, exit code 1, cmd /opt/ros/noetic/lib/usb_cam/usb_cam_node __name:=camera __log:=/root/.ros/log/5b549096-dfbb-11f0-98df-2ccf676ee7bc/camera-2.log].
log file: /root/.ros/log/5b549096-dfbb-11f0-98df-2ccf676ee7bc/camera-2*.log[0m
[31m[camera-2] process has died [pid 28418, exit code 1, cmd /opt/ros/noetic/lib/usb_cam/usb_cam_node __name:=camera __log:=/root/.ros/log/5b549096-dfbb-11f0-98df-2ccf676ee7bc/camera-2.log].
log file: /root/.ros/log/5b549096-dfbb-11f0-98df-2ccf676ee7bc/camera-2*.log[0m
[31m[camera-2] process has died [pid 28761, exit code 1, cmd /opt/ros/noetic/lib/usb_cam/usb_cam_node __name:=camera __log:=/root/.ros/log/5b549096-dfbb-11f0-98df-2ccf676ee7bc/camera-2.log].
log file: /root/.ros/log/5b549096-dfbb-11f0-98df-2ccf676ee7bc/camera-2*.log[0m
[31m[camera-2] process has died [pid 28855, exit code 1, cmd /opt/ros/noetic/lib/usb_cam/usb_cam_node __name:=camera __log:=/root/.ros/log/5b549096-dfbb-11f0-98df-2ccf676ee7bc/camera-2.log].
log file: /root/.ros/log/5b549096-dfbb-11f0-98df-2ccf676ee7bc/camera-2*.log[0m
[31m[camera-2] process has died [pid 28883, exit code 1, cmd /opt/ros/noetic/lib/usb_cam/usb_cam_node __name:=camera __log:=/root/.ros/log/5b549096-dfbb-11f0-98df-2ccf676ee7bc/camera-2.log].
log file: /root/.ros/log/5b549096-dfbb-11f0-98df-2ccf676ee7bc/camera-2*.log[0m
[31m[camera-2] process has died [pid 28987, exit code 1, cmd /opt/ros/noetic/lib/usb_cam/usb_cam_node __name:=camera __log:=/root/.ros/log/5b549096-dfbb-11f0-98df-2ccf676ee7bc/camera-2.log].
log file: /root/.ros/log/5b549096-dfbb-11f0-98df-2ccf676ee7bc/camera-2*.log[0m
[31m[camera-2] process has died [pid 29085, exit code 1, cmd /opt/ros/noetic/lib/usb_cam/usb_cam_node __name:=camera __log:=/root/.ros/log/5b549096-dfbb-11f0-98df-2ccf676ee7bc/camera-2.log].
log file: /root/.ros/log/5b549096-dfbb-11f0-98df-2ccf676ee7bc/camera-2*.log[0m
[31m[ERROR] [1766468063.315041592]: Cannot identify '/dev/usb_cam': 2, No such file or directory[0m
[0m[ INFO] [1766468063.313192057]: camera calibration URL: file:///home/ubuntu/.ros/camera_info/head_camera.yaml[0m
[0m[ INFO] [1766468063.314986592]: Starting 'camera' (/dev/usb_cam) at 640x480 via mmap (yuyv) at 30 FPS[0m
[31m[ERROR] [1766468068.792637452]: Cannot identify '/dev/usb_cam': 2, No such file or directory[0m
[0m[ INFO] [1766468068.790949639]: camera calibration URL: file:///home/ubuntu/.ros/camera_info/head_camera.yaml[0m
[0m[ INFO] [1766468068.792578489]: Starting 'camera' (/dev/usb_cam) at 640x480 via mmap (yuyv) at 30 FPS[0m
[31m[ERROR] [1766468074.203509505]: Cannot identify '/dev/usb_cam': 2, No such file or directory[0m
[0m[ INFO] [1766468074.202277469]: camera calibration URL: file:///home/ubuntu/.ros/camera_info/head_camera.yaml[0m
[0m[ INFO] [1766468074.203454635]: Starting 'camera' (/dev/usb_cam) at 640x480 via mmap (yuyv) at 30 FPS[0m
[31m[ERROR] [1766468079.637686443]: Cannot identify '/dev/usb_cam': 2, No such file or directory[0m
[0m[ INFO] [1766468079.636151000]: camera calibration URL: file:///home/ubuntu/.ros/camera_info/head_camera.yaml[0m
[0m[ INFO] [1766468079.637635147]: Starting 'camera' (/dev/usb_cam) at 640x480 via mmap (yuyv) at 30 FPS[0m
[31m[ERROR] [1766468085.089635880]: Cannot identify '/dev/usb_cam': 2, No such file or directory[0m
[0m[ INFO] [1766468085.088492973]: camera calibration URL: file:///home/ubuntu/.ros/camera_info/head_camera.yaml[0m
[0m[ INFO] [1766468085.089587768]: Starting 'camera' (/dev/usb_cam) at 640x480 via mmap (yuyv) at 30 FPS[0m
[31m[ERROR] [1766468090.521690178]: Cannot identify '/dev/usb_cam': 2, No such file or directory[0m
[0m[ INFO] [1766468090.520474160]: camera calibration URL: file:///home/ubuntu/.ros/camera_info/head_camera.yaml[0m
[0m[ INFO] [1766468090.521637344]: Starting 'camera' (/dev/usb_cam) at 640x480 via mmap (yuyv) at 30 FPS[0m
[31m[ERROR] [1766468095.974126486]: Cannot identify '/dev/usb_cam': 2, No such file or directory[0m
[0m[ INFO] [1766468095.972857117]: camera calibration URL: file:///home/ubuntu/.ros/camera_info/head_camera.yaml[0m
[0m[ INFO] [1766468095.974066023]: Starting 'camera' (/dev/usb_cam) at 640x480 via mmap (yuyv) at 30 FPS[0m
[31m[ERROR] [1766468101.415974125]: Cannot identify '/dev/usb_cam': 2, No such file or directory[0m
[0m[ INFO] [1766468101.414628237]: camera calibration URL: file:///home/ubuntu/.ros/camera_info/head_camera.yaml[0m
[0m[ INFO] [1766468101.415895996]: Starting 'camera' (/dev/usb_cam) at 640x480 via mmap (yuyv) at 30 FPS[0m
[31m[ERROR] [1766468106.844152088]: Cannot identify '/dev/usb_cam': 2, No such file or directory[0m
[0m[ INFO] [1766468106.842963441]: camera calibration URL: file:///home/ubuntu/.ros/camera_info/head_camera.yaml[0m
[0m[ INFO] [1766468106.844106940]: Starting 'camera' (/dev/usb_cam) at 640x480 via mmap (yuyv) at 30 FPS[0m
[31m[ERROR] [1766468112.291213078]: Cannot identify '/dev/usb_cam': 2, No such file or directory[0m
[0m[ INFO] [1766468112.290030393]: camera calibration URL: file:///home/ubuntu/.ros/camera_info/head_camera.yaml[0m
[0m[ INFO] [1766468112.291160948]: Starting 'camera' (/dev/usb_cam) at 640x480 via mmap (yuyv) at 30 FPS[0m
[31m[ERROR] [1766468117.731950994]: Cannot identify '/dev/usb_cam': 2, No such file or directory[0m
[0m[ INFO] [1766468117.730751272]: camera calibration URL: file:///home/ubuntu/.ros/camera_info/head_camera.yaml[0m
[0m[ INFO] [1766468117.731899439]: Starting 'camera' (/dev/usb_cam) at 640x480 via mmap (yuyv) at 30 FPS[0m
[31m[ERROR] [1766468123.166138630]: Cannot identify '/dev/usb_cam': 2, No such file or directory[0m
[0m[ INFO] [1766468123.164756001]: camera calibration URL: file:///home/ubuntu/.ros/camera_info/head_camera.yaml[0m
[0m[ INFO] [1766468123.166081241]: Starting 'camera' (/dev/usb_cam) at 640x480 via mmap (yuyv) at 30 FPS[0m
[31m[ERROR] [1766468128.610765272]: Cannot identify '/dev/usb_cam': 2, No such file or directory[0m
[0m[ INFO] [1766468128.609534958]: camera calibration URL: file:///home/ubuntu/.ros/camera_info/head_camera.yaml[0m
[0m[ INFO] [1766468128.610713420]: Starting 'camera' (/dev/usb_cam) at 640x480 via mmap (yuyv) at 30 FPS[0m
[31m[ERROR] [1766468134.042818870]: Cannot identify '/dev/usb_cam': 2, No such file or directory[0m
[0m[ INFO] [1766468134.041610796]: camera calibration URL: file:///home/ubuntu/.ros/camera_info/head_camera.yaml[0m
[0m[ INFO] [1766468134.042758703]: Starting 'camera' (/dev/usb_cam) at 640x480 via mmap (yuyv) at 30 FPS[0m
[31m[ERROR] [1766468139.488815099]: Cannot identify '/dev/usb_cam': 2, No such file or directory[0m
[0m[ INFO] [1766468139.487631266]: camera calibration URL: file:///home/ubuntu/.ros/camera_info/head_camera.yaml[0m
[0m[ INFO] [1766468139.488763636]: Starting 'camera' (/dev/usb_cam) at 640x480 via mmap (yuyv) at 30 FPS[0m
[31m[ERROR] [1766468144.912391002]: Cannot identify '/dev/usb_cam': 2, No such file or directory[0m
[0m[ INFO] [1766468144.911130651]: camera calibration URL: file:///home/ubuntu/.ros/camera_info/head_camera.yaml[0m
[0m[ INFO] [1766468144.912337984]: Starting 'camera' (/dev/usb_cam) at 640x480 via mmap (yuyv) at 30 FPS[0m
[31m[ERROR] [1766468150.260652365]: Cannot identify '/dev/usb_cam': 2, No such file or directory[0m
[0m[ INFO] [1766468150.259388718]: camera calibration URL: file:///home/ubuntu/.ros/camera_info/head_camera.yaml[0m
[0m[ INFO] [1766468150.260600958]: Starting 'camera' (/dev/usb_cam) at 640x480 via mmap (yuyv) at 30 FPS[0m
[31m[ERROR] [1766468155.619795624]: Cannot identify '/dev/usb_cam': 2, No such file or directory[0m
[0m[ INFO] [1766468155.618563568]: camera calibration URL: file:///home/ubuntu/.ros/camera_info/head_camera.yaml[0m
[0m[ INFO] [1766468155.619736827]: Starting 'camera' (/dev/usb_cam) at 640x480 via mmap (yuyv) at 30 FPS[0m
[31m[ERROR] [1766468161.059783173]: Cannot identify '/dev/usb_cam': 2, No such file or directory[0m
[0m[ INFO] [1766468161.058506951]: camera calibration URL: file:///home/ubuntu/.ros/camera_info/head_camera.yaml[0m
[0m[ INFO] [1766468161.059727080]: Starting 'camera' (/dev/usb_cam) at 640x480 via mmap (yuyv) at 30 FPS[0m
[31m[ERROR] [1766468166.491619199]: Cannot identify '/dev/usb_cam': 2, No such file or directory[0m
[0m[ INFO] [1766468166.490434588]: camera calibration URL: file:///home/ubuntu/.ros/camera_info/head_camera.yaml[0m
[0m[ INFO] [1766468166.491566254]: Starting 'camera' (/dev/usb_cam) at 640x480 via mmap (yuyv) at 30 FPS[0m
[31m[ERROR] [1766468171.930356286]: Cannot identify '/dev/usb_cam': 2, No such file or directory[0m
[0m[ INFO] [1766468171.929159490]: camera calibration URL: file:///home/ubuntu/.ros/camera_info/head_camera.yaml[0m
[0m[ INFO] [1766468171.930305823]: Starting 'camera' (/dev/usb_cam) at 640x480 via mmap (yuyv) at 30 FPS[0m
[31m[ERROR] [1766468177.375092825]: Cannot identify '/dev/usb_cam': 2, No such file or directory[0m
[0m[ INFO] [1766468177.373857269]: camera calibration URL: file:///home/ubuntu/.ros/camera_info/head_camera.yaml[0m
[0m[ INFO] [1766468177.375038380]: Starting 'camera' (/dev/usb_cam) at 640x480 via mmap (yuyv) at 30 FPS[0m
[31m[ERROR] [1766468182.795687329]: Cannot identify '/dev/usb_cam': 2, No such file or directory[0m
[0m[ INFO] [1766468182.794343625]: camera calibration URL: file:///home/ubuntu/.ros/camera_info/head_camera.yaml[0m
[0m[ INFO] [1766468182.795629606]: Starting 'camera' (/dev/usb_cam) at 640x480 via mmap (yuyv) at 30 FPS[0m
[31m[ERROR] [1766468188.152851772]: Cannot identify '/dev/usb_cam': 2, No such file or directory[0m
[0m[ INFO] [1766468188.151695439]: camera calibration URL: file:///home/ubuntu/.ros/camera_info/head_camera.yaml[0m
[0m[ INFO] [1766468188.152805587]: Starting 'camera' (/dev/usb_cam) at 640x480 via mmap (yuyv) at 30 FPS[0m
[31m[ERROR] [1766468193.586030569]: Cannot identify '/dev/usb_cam': 2, No such file or directory[0m
[0m[ INFO] [1766468193.584778161]: camera calibration URL: file:///home/ubuntu/.ros/camera_info/head_camera.yaml[0m
[0m[ INFO] [1766468193.585970754]: Starting 'camera' (/dev/usb_cam) at 640x480 via mmap (yuyv) at 30 FPS[0m
[31m[ERROR] [1766468199.041724494]: Cannot identify '/dev/usb_cam': 2, No such file or directory[0m
[0m[ INFO] [1766468199.040554290]: camera calibration URL: file:///home/ubuntu/.ros/camera_info/head_camera.yaml[0m
[0m[ INFO] [1766468199.041674253]: Starting 'camera' (/dev/usb_cam) at 640x480 via mmap (yuyv) at 30 FPS[0m
[31m[ERROR] [1766468204.476445189]: Cannot identify '/dev/usb_cam': 2, No such file or directory[0m
[0m[ INFO] [1766468204.475225763]: camera calibration URL: file:///home/ubuntu/.ros/camera_info/head_camera.yaml[0m
[0m[ INFO] [1766468204.476384689]: Starting 'camera' (/dev/usb_cam) at 640x480 via mmap (yuyv) at 30 FPS[0m
[31m[ERROR] [1766468209.916826191]: Cannot identify '/dev/usb_cam': 2, No such file or directory[0m
[0m[ INFO] [1766468209.915578302]: camera calibration URL: file:///home/ubuntu/.ros/camera_info/head_camera.yaml[0m
[0m[ INFO] [1766468209.916773247]: Starting 'camera' (/dev/usb_cam) at 640x480 via mmap (yuyv) at 30 FPS[0m
[31m[ERROR] [1766468215.366211891]: Cannot identify '/dev/usb_cam': 2, No such file or directory[0m
[0m[ INFO] [1766468215.364961205]: camera calibration URL: file:///home/ubuntu/.ros/camera_info/head_camera.yaml[0m
[0m[ INFO] [1766468215.366157631]: Starting 'camera' (/dev/usb_cam) at 640x480 via mmap (yuyv) at 30 FPS[0m
[31m[ERROR] [1766468220.804704092]: Cannot identify '/dev/usb_cam': 2, No such file or directory[0m
[0m[ INFO] [1766468220.803327073]: camera calibration URL: file:///home/ubuntu/.ros/camera_info/head_camera.yaml[0m
[0m[ INFO] [1766468220.804649092]: Starting 'camera' (/dev/usb_cam) at 640x480 via mmap (yuyv) at 30 FPS[0m
[31m[camera-2] process has died [pid 29191, exit code 1, cmd /opt/ros/noetic/lib/usb_cam/usb_cam_node __name:=camera __log:=/root/.ros/log/5b549096-dfbb-11f0-98df-2ccf676ee7bc/camera-2.log].
log file: /root/.ros/log/5b549096-dfbb-11f0-98df-2ccf676ee7bc/camera-2*.log[0m
[31m[camera-2] process has died [pid 29293, exit code 1, cmd /opt/ros/noetic/lib/usb_cam/usb_cam_node __name:=camera __log:=/root/.ros/log/5b549096-dfbb-11f0-98df-2ccf676ee7bc/camera-2.log].
log file: /root/.ros/log/5b549096-dfbb-11f0-98df-2ccf676ee7bc/camera-2*.log[0m
[31m[camera-2] process has died [pid 29422, exit code 1, cmd /opt/ros/noetic/lib/usb_cam/usb_cam_node __name:=camera __log:=/root/.ros/log/5b549096-dfbb-11f0-98df-2ccf676ee7bc/camera-2.log].
log file: /root/.ros/log/5b549096-dfbb-11f0-98df-2ccf676ee7bc/camera-2*.log[0m
[31m[camera-2] process has died [pid 29528, exit code 1, cmd /opt/ros/noetic/lib/usb_cam/usb_cam_node __name:=camera __log:=/root/.ros/log/5b549096-dfbb-11f0-98df-2ccf676ee7bc/camera-2.log].
log file: /root/.ros/log/5b549096-dfbb-11f0-98df-2ccf676ee7bc/camera-2*.log[0m
[31m[camera-2] process has died [pid 29599, exit code 1, cmd /opt/ros/noetic/lib/usb_cam/usb_cam_node __name:=camera __log:=/root/.ros/log/5b549096-dfbb-11f0-98df-2ccf676ee7bc/camera-2.log].
log file: /root/.ros/log/5b549096-dfbb-11f0-98df-2ccf676ee7bc/camera-2*.log[0m
[31m[camera-2] process has died [pid 29621, exit code 1, cmd /opt/ros/noetic/lib/usb_cam/usb_cam_node __name:=camera __log:=/root/.ros/log/5b549096-dfbb-11f0-98df-2ccf676ee7bc/camera-2.log].
log file: /root/.ros/log/5b549096-dfbb-11f0-98df-2ccf676ee7bc/camera-2*.log[0m
[31m[camera-2] process has died [pid 29649, exit code 1, cmd /opt/ros/noetic/lib/usb_cam/usb_cam_node __name:=camera __log:=/root/.ros/log/5b549096-dfbb-11f0-98df-2ccf676ee7bc/camera-2.log].
log file: /root/.ros/log/5b549096-dfbb-11f0-98df-2ccf676ee7bc/camera-2*.log[0m
[31m[camera-2] process has died [pid 29677, exit code 1, cmd /opt/ros/noetic/lib/usb_cam/usb_cam_node __name:=camera __log:=/root/.ros/log/5b549096-dfbb-11f0-98df-2ccf676ee7bc/camera-2.log].
log file: /root/.ros/log/5b549096-dfbb-11f0-98df-2ccf676ee7bc/camera-2*.log[0m
[31m[camera-2] process has died [pid 29699, exit code 1, cmd /opt/ros/noetic/lib/usb_cam/usb_cam_node __name:=camera __log:=/root/.ros/log/5b549096-dfbb-11f0-98df-2ccf676ee7bc/camera-2.log].
log file: /root/.ros/log/5b549096-dfbb-11f0-98df-2ccf676ee7bc/camera-2*.log[0m
[31m[camera-2] process has died [pid 29727, exit code 1, cmd /opt/ros/noetic/lib/usb_cam/usb_cam_node __name:=camera __log:=/root/.ros/log/5b549096-dfbb-11f0-98df-2ccf676ee7bc/camera-2.log].
log file: /root/.ros/log/5b549096-dfbb-11f0-98df-2ccf676ee7bc/camera-2*.log[0m
[31m[camera-2] process has died [pid 29755, exit code 1, cmd /opt/ros/noetic/lib/usb_cam/usb_cam_node __name:=camera __log:=/root/.ros/log/5b549096-dfbb-11f0-98df-2ccf676ee7bc/camera-2.log].
log file: /root/.ros/log/5b549096-dfbb-11f0-98df-2ccf676ee7bc/camera-2*.log[0m
[31m[camera-2] process has died [pid 29777, exit code 1, cmd /opt/ros/noetic/lib/usb_cam/usb_cam_node __name:=camera __log:=/root/.ros/log/5b549096-dfbb-11f0-98df-2ccf676ee7bc/camera-2.log].
log file: /root/.ros/log/5b549096-dfbb-11f0-98df-2ccf676ee7bc/camera-2*.log[0m
[31m[camera-2] process has died [pid 29805, exit code 1, cmd /opt/ros/noetic/lib/usb_cam/usb_cam_node __name:=camera __log:=/root/.ros/log/5b549096-dfbb-11f0-98df-2ccf676ee7bc/camera-2.log].
log file: /root/.ros/log/5b549096-dfbb-11f0-98df-2ccf676ee7bc/camera-2*.log[0m
[31m[camera-2] process has died [pid 29833, exit code 1, cmd /opt/ros/noetic/lib/usb_cam/usb_cam_node __name:=camera __log:=/root/.ros/log/5b549096-dfbb-11f0-98df-2ccf676ee7bc/camera-2.log].
log file: /root/.ros/log/5b549096-dfbb-11f0-98df-2ccf676ee7bc/camera-2*.log[0m
[31m[camera-2] process has died [pid 29855, exit code 1, cmd /opt/ros/noetic/lib/usb_cam/usb_cam_node __name:=camera __log:=/root/.ros/log/5b549096-dfbb-11f0-98df-2ccf676ee7bc/camera-2.log].
log file: /root/.ros/log/5b549096-dfbb-11f0-98df-2ccf676ee7bc/camera-2*.log[0m
[31m[camera-2] process has died [pid 29883, exit code 1, cmd /opt/ros/noetic/lib/usb_cam/usb_cam_node __name:=camera __log:=/root/.ros/log/5b549096-dfbb-11f0-98df-2ccf676ee7bc/camera-2.log].
log file: /root/.ros/log/5b549096-dfbb-11f0-98df-2ccf676ee7bc/camera-2*.log[0m
[31m[camera-2] process has died [pid 29911, exit code 1, cmd /opt/ros/noetic/lib/usb_cam/usb_cam_node __name:=camera __log:=/root/.ros/log/5b549096-dfbb-11f0-98df-2ccf676ee7bc/camera-2.log].
log file: /root/.ros/log/5b549096-dfbb-11f0-98df-2ccf676ee7bc/camera-2*.log[0m
[31m[camera-2] process has died [pid 29933, exit code 1, cmd /opt/ros/noetic/lib/usb_cam/usb_cam_node __name:=camera __log:=/root/.ros/log/5b549096-dfbb-11f0-98df-2ccf676ee7bc/camera-2.log].
log file: /root/.ros/log/5b549096-dfbb-11f0-98df-2ccf676ee7bc/camera-2*.log[0m
[31m[camera-2] process has died [pid 29961, exit code 1, cmd /opt/ros/noetic/lib/usb_cam/usb_cam_node __name:=camera __log:=/root/.ros/log/5b549096-dfbb-11f0-98df-2ccf676ee7bc/camera-2.log].
log file: /root/.ros/log/5b549096-dfbb-11f0-98df-2ccf676ee7bc/camera-2*.log[0m
[31m[camera-2] process has died [pid 29983, exit code 1, cmd /opt/ros/noetic/lib/usb_cam/usb_cam_node __name:=camera __log:=/root/.ros/log/5b549096-dfbb-11f0-98df-2ccf676ee7bc/camera-2.log].
log file: /root/.ros/log/5b549096-dfbb-11f0-98df-2ccf676ee7bc/camera-2*.log[0m
[31m[camera-2] process has died [pid 30011, exit code 1, cmd /opt/ros/noetic/lib/usb_cam/usb_cam_node __name:=camera __log:=/root/.ros/log/5b549096-dfbb-11f0-98df-2ccf676ee7bc/camera-2.log].
log file: /root/.ros/log/5b549096-dfbb-11f0-98df-2ccf676ee7bc/camera-2*.log[0m
[31m[camera-2] process has died [pid 30039, exit code 1, cmd /opt/ros/noetic/lib/usb_cam/usb_cam_node __name:=camera __log:=/root/.ros/log/5b549096-dfbb-11f0-98df-2ccf676ee7bc/camera-2.log].
log file: /root/.ros/log/5b549096-dfbb-11f0-98df-2ccf676ee7bc/camera-2*.log[0m
[31m[camera-2] process has died [pid 30061, exit code 1, cmd /opt/ros/noetic/lib/usb_cam/usb_cam_node __name:=camera __log:=/root/.ros/log/5b549096-dfbb-11f0-98df-2ccf676ee7bc/camera-2.log].
log file: /root/.ros/log/5b549096-dfbb-11f0-98df-2ccf676ee7bc/camera-2*.log[0m
[31m[camera-2] process has died [pid 30415, exit code 1, cmd /opt/ros/noetic/lib/usb_cam/usb_cam_node __name:=camera __log:=/root/.ros/log/5b549096-dfbb-11f0-98df-2ccf676ee7bc/camera-2.log].
log file: /root/.ros/log/5b549096-dfbb-11f0-98df-2ccf676ee7bc/camera-2*.log[0m
[31m[camera-2] process has died [pid 30518, exit code 1, cmd /opt/ros/noetic/lib/usb_cam/usb_cam_node __name:=camera __log:=/root/.ros/log/5b549096-dfbb-11f0-98df-2ccf676ee7bc/camera-2.log].
log file: /root/.ros/log/5b549096-dfbb-11f0-98df-2ccf676ee7bc/camera-2*.log[0m
[31m[camera-2] process has died [pid 30544, exit code 1, cmd /opt/ros/noetic/lib/usb_cam/usb_cam_node __name:=camera __log:=/root/.ros/log/5b549096-dfbb-11f0-98df-2ccf676ee7bc/camera-2.log].
log file: /root/.ros/log/5b549096-dfbb-11f0-98df-2ccf676ee7bc/camera-2*.log[0m
[31m[camera-2] process has died [pid 30572, exit code 1, cmd /opt/ros/noetic/lib/usb_cam/usb_cam_node __name:=camera __log:=/root/.ros/log/5b549096-dfbb-11f0-98df-2ccf676ee7bc/camera-2.log].
log file: /root/.ros/log/5b549096-dfbb-11f0-98df-2ccf676ee7bc/camera-2*.log[0m
[31m[camera-2] process has died [pid 30680, exit code 1, cmd /opt/ros/noetic/lib/usb_cam/usb_cam_node __name:=camera __log:=/root/.ros/log/5b549096-dfbb-11f0-98df-2ccf676ee7bc/camera-2.log].
log file: /root/.ros/log/5b549096-dfbb-11f0-98df-2ccf676ee7bc/camera-2*.log[0m
[31m[camera-2] process has died [pid 30778, exit code 1, cmd /opt/ros/noetic/lib/usb_cam/usb_cam_node __name:=camera __log:=/root/.ros/log/5b549096-dfbb-11f0-98df-2ccf676ee7bc/camera-2.log].
log file: /root/.ros/log/5b549096-dfbb-11f0-98df-2ccf676ee7bc/camera-2*.log[0m
[31m[camera-2] process has died [pid 30878, exit code 1, cmd /opt/ros/noetic/lib/usb_cam/usb_cam_node __name:=camera __log:=/root/.ros/log/5b549096-dfbb-11f0-98df-2ccf676ee7bc/camera-2.log].
log file: /root/.ros/log/5b549096-dfbb-11f0-98df-2ccf676ee7bc/camera-2*.log[0m
[31m[ERROR] [1766468226.241189056]: Cannot identify '/dev/usb_cam': 2, No such file or directory[0m
[0m[ INFO] [1766468226.240030222]: camera calibration URL: file:///home/ubuntu/.ros/camera_info/head_camera.yaml[0m
[0m[ INFO] [1766468226.241143408]: Starting 'camera' (/dev/usb_cam) at 640x480 via mmap (yuyv) at 30 FPS[0m
[31m[ERROR] [1766468231.994740534]: Cannot identify '/dev/usb_cam': 2, No such file or directory[0m
[0m[ INFO] [1766468231.991163292]: camera calibration URL: file:///home/ubuntu/.ros/camera_info/head_camera.yaml[0m
[0m[ INFO] [1766468231.994642997]: Starting 'camera' (/dev/usb_cam) at 640x480 via mmap (yuyv) at 30 FPS[0m
[31m[ERROR] [1766468237.478965883]: Cannot identify '/dev/usb_cam': 2, No such file or directory[0m
[0m[ INFO] [1766468237.477822586]: camera calibration URL: file:///home/ubuntu/.ros/camera_info/head_camera.yaml[0m
[0m[ INFO] [1766468237.478920142]: Starting 'camera' (/dev/usb_cam) at 640x480 via mmap (yuyv) at 30 FPS[0m
[camera-2] restarting process
[1mprocess[camera-2]: started with pid [23050][0m
[camera-2] restarting process
[1mprocess[camera-2]: started with pid [23259][0m
[camera-2] restarting process
[1mprocess[camera-2]: started with pid [23359][0m
[camera-2] restarting process
[1mprocess[camera-2]: started with pid [23473][0m
[camera-2] restarting process
[1mprocess[camera-2]: started with pid [23673][0m
[camera-2] restarting process
[1mprocess[camera-2]: started with pid [23824][0m
[camera-2] restarting process
[1mprocess[camera-2]: started with pid [23846][0m
[camera-2] restarting process
[1mprocess[camera-2]: started with pid [23874][0m
[camera-2] restarting process
[1mprocess[camera-2]: started with pid [23902][0m
[camera-2] restarting process
[1mprocess[camera-2]: started with pid [23928][0m
[camera-2] restarting process
[1mprocess[camera-2]: started with pid [24028][0m
[camera-2] restarting process
[1mprocess[camera-2]: started with pid [24131][0m
[camera-2] restarting process
[1mprocess[camera-2]: started with pid [24232][0m
[camera-2] restarting process
[1mprocess[camera-2]: started with pid [24336][0m
[camera-2] restarting process
[1mprocess[camera-2]: started with pid [24358][0m
[camera-2] restarting process
[1mprocess[camera-2]: started with pid [24386][0m
[camera-2] restarting process
[1mprocess[camera-2]: started with pid [24434][0m
[camera-2] restarting process
[1mprocess[camera-2]: started with pid [24775][0m
[camera-2] restarting process
[1mprocess[camera-2]: started with pid [25004][0m
[camera-2] restarting process
[1mprocess[camera-2]: started with pid [25131][0m
[camera-2] restarting process
[1mprocess[camera-2]: started with pid [25306][0m
[camera-2] restarting process
[1mprocess[camera-2]: started with pid [25377][0m
[camera-2] restarting process
[1mprocess[camera-2]: started with pid [25418][0m
[camera-2] restarting process
[1mprocess[camera-2]: started with pid [25444][0m
[camera-2] restarting process
[1mprocess[camera-2]: started with pid [25544][0m
[camera-2] restarting process
[1mprocess[camera-2]: started with pid [25679][0m
[camera-2] restarting process
[1mprocess[camera-2]: started with pid [25777][0m
[camera-2] restarting process
[1mprocess[camera-2]: started with pid [25877][0m
[camera-2] restarting process
[1mprocess[camera-2]: started with pid [25981][0m
[camera-2] restarting process
[1mprocess[camera-2]: started with pid [26075][0m
[camera-2] restarting process
[1mprocess[camera-2]: started with pid [26146][0m
[camera-2] restarting process
[1mprocess[camera-2]: started with pid [26174][0m
[camera-2] restarting process
[1mprocess[camera-2]: started with pid [26450][0m
[camera-2] restarting process
[1mprocess[camera-2]: started with pid [26608][0m
[camera-2] restarting process
[1mprocess[camera-2]: started with pid [26636][0m
[camera-2] restarting process
[1mprocess[camera-2]: started with pid [26734][0m
[camera-2] restarting process
[1mprocess[camera-2]: started with pid [26834][0m
[camera-2] restarting process
[1mprocess[camera-2]: started with pid [26938][0m
[camera-2] restarting process
[1mprocess[camera-2]: started with pid [27032][0m
[camera-2] restarting process
[1mprocess[camera-2]: started with pid [27078][0m
[camera-2] restarting process
[1mprocess[camera-2]: started with pid [27245][0m
[camera-2] restarting process
[1mprocess[camera-2]: started with pid [27304][0m
[camera-2] restarting process
[1mprocess[camera-2]: started with pid [27395][0m
[camera-2] restarting process
[1mprocess[camera-2]: started with pid [27423][0m
[camera-2] restarting process
[1mprocess[camera-2]: started with pid [27446][0m
[camera-2] restarting process
[1mprocess[camera-2]: started with pid [27476][0m
[camera-2] restarting process
[1mprocess[camera-2]: started with pid [27504][0m
[camera-2] restarting process
[1mprocess[camera-2]: started with pid [27526][0m
[camera-2] restarting process
[1mprocess[camera-2]: started with pid [27554][0m
[camera-2] restarting process
[1mprocess[camera-2]: started with pid [27576][0m
[camera-2] restarting process
[1mprocess[camera-2]: started with pid [27784][0m
[camera-2] restarting process
[1mprocess[camera-2]: started with pid [27888][0m
[camera-2] restarting process
[1mprocess[camera-2]: started with pid [27986][0m
[camera-2] restarting process
[1mprocess[camera-2]: started with pid [28094][0m
[camera-2] restarting process
[1mprocess[camera-2]: started with pid [28205][0m
[camera-2] restarting process
[1mprocess[camera-2]: started with pid [28312][0m
[camera-2] restarting process
[1mprocess[camera-2]: started with pid [28340][0m
[camera-2] restarting process
[1mprocess[camera-2]: started with pid [28368][0m
[camera-2] restarting process
[1mprocess[camera-2]: started with pid [28390][0m
[camera-2] restarting process
[1mprocess[camera-2]: started with pid [28418][0m
[camera-2] restarting process
[1mprocess[camera-2]: started with pid [28761][0m
[camera-2] restarting process
[1mprocess[camera-2]: started with pid [28855][0m
[camera-2] restarting process
[1mprocess[camera-2]: started with pid [28883][0m
[camera-2] restarting process
[1mprocess[camera-2]: started with pid [28987][0m
[camera-2] restarting process
[1mprocess[camera-2]: started with pid [29085][0m
[camera-2] restarting process
[1mprocess[camera-2]: started with pid [29191][0m
[camera-2] restarting process
[1mprocess[camera-2]: started with pid [29293][0m
[camera-2] restarting process
[1mprocess[camera-2]: started with pid [29422][0m
[camera-2] restarting process
[1mprocess[camera-2]: started with pid [29528][0m
[camera-2] restarting process
[1mprocess[camera-2]: started with pid [29599][0m
[camera-2] restarting process
[1mprocess[camera-2]: started with pid [29621][0m
[camera-2] restarting process
[1mprocess[camera-2]: started with pid [29649][0m
[camera-2] restarting process
[1mprocess[camera-2]: started with pid [29677][0m
[camera-2] restarting process
[1mprocess[camera-2]: started with pid [29699][0m
[camera-2] restarting process
[1mprocess[camera-2]: started with pid [29727][0m
[camera-2] restarting process
[1mprocess[camera-2]: started with pid [29755][0m
[camera-2] restarting process
[1mprocess[camera-2]: started with pid [29777][0m
[camera-2] restarting process
[1mprocess[camera-2]: started with pid [29805][0m
[camera-2] restarting process
[1mprocess[camera-2]: started with pid [29833][0m
[camera-2] restarting process
[1mprocess[camera-2]: started with pid [29855][0m
[camera-2] restarting process
[1mprocess[camera-2]: started with pid [29883][0m
[camera-2] restarting process
[1mprocess[camera-2]: started with pid [29911][0m
[camera-2] restarting process
[1mprocess[camera-2]: started with pid [29933][0m
[camera-2] restarting process
[1mprocess[camera-2]: started with pid [29961][0m
[camera-2] restarting process
[1mprocess[camera-2]: started with pid [29983][0m
[camera-2] restarting process
[1mprocess[camera-2]: started with pid [30011][0m
[camera-2] restarting process
[1mprocess[camera-2]: started with pid [30039][0m
[camera-2] restarting process
[1mprocess[camera-2]: started with pid [30061][0m
[camera-2] restarting process
[1mprocess[camera-2]: started with pid [30415][0m
[camera-2] restarting process
[1mprocess[camera-2]: started with pid [30518][0m
[camera-2] restarting process
[1mprocess[camera-2]: started with pid [30544][0m
[camera-2] restarting process
[1mprocess[camera-2]: started with pid [30572][0m
[camera-2] restarting process
[1mprocess[camera-2]: started with pid [30680][0m
[camera-2] restarting process
[1mprocess[camera-2]: started with pid [30778][0m
[camera-2] restarting process
[1mprocess[camera-2]: started with pid [30878][0m
[camera-2] restarting process
[1mprocess[camera-2]: started with pid [30986][0m
[camera-2] restarting process
[1mprocess[camera-2]: started with pid [31084][0m
[camera-2] restarting process
[1mprocess[camera-2]: started with pid [31344][0m
[camera-2] restarting process
[1mprocess[camera-2]: started with pid [31498][0m
[camera-2] restarting process
[31m[ERROR] [1766468242.948487243]: Cannot identify '/dev/usb_cam': 2, No such file or directory[0m
[0m[ INFO] [1766468242.947244372]: camera calibration URL: file:///home/ubuntu/.ros/camera_info/head_camera.yaml[0m
[0m[ INFO] [1766468242.948435132]: Starting 'camera' (/dev/usb_cam) at 640x480 via mmap (yuyv) at 30 FPS[0m
[31m[ERROR] [1766468248.353102995]: Cannot identify '/dev/usb_cam': 2, No such file or directory[0m
[0m[ INFO] [1766468248.351893846]: camera calibration URL: file:///home/ubuntu/.ros/camera_info/head_camera.yaml[0m
[0m[ INFO] [1766468248.353046606]: Starting 'camera' (/dev/usb_cam) at 640x480 via mmap (yuyv) at 30 FPS[0m
[31m[ERROR] [1766468253.864451812]: Cannot identify '/dev/usb_cam': 2, No such file or directory[0m
[0m[ INFO] [1766468253.862204847]: camera calibration URL: file:///home/ubuntu/.ros/camera_info/head_camera.yaml[0m
[0m[ INFO] [1766468253.864368719]: Starting 'camera' (/dev/usb_cam) at 640x480 via mmap (yuyv) at 30 FPS[0m
[31m[ERROR] [1766468259.269189805]: Cannot identify '/dev/usb_cam': 2, No such file or directory[0m
[0m[ INFO] [1766468259.268046415]: camera calibration URL: file:///home/ubuntu/.ros/camera_info/head_camera.yaml[0m
[0m[ INFO] [1766468259.269138842]: Starting 'camera' (/dev/usb_cam) at 640x480 via mmap (yuyv) at 30 FPS[0m
[31m[ERROR] [1766468264.705128766]: Cannot identify '/dev/usb_cam': 2, No such file or directory[0m
[0m[ INFO] [1766468264.703847894]: camera calibration URL: file:///home/ubuntu/.ros/camera_info/head_camera.yaml[0m
[0m[ INFO] [1766468264.705072247]: Starting 'camera' (/dev/usb_cam) at 640x480 via mmap (yuyv) at 30 FPS[0m
[31m[ERROR] [1766468270.141534954]: Cannot identify '/dev/usb_cam': 2, No such file or directory[0m
[0m[ INFO] [1766468270.140306490]: camera calibration URL: file:///home/ubuntu/.ros/camera_info/head_camera.yaml[0m
[0m[ INFO] [1766468270.141483250]: Starting 'camera' (/dev/usb_cam) at 640x480 via mmap (yuyv) at 30 FPS[0m
[31m[ERROR] [1766468275.607974407]: Cannot identify '/dev/usb_cam': 2, No such file or directory[0m
[0m[ INFO] [1766468275.606420294]: camera calibration URL: file:///home/ubuntu/.ros/camera_info/head_camera.yaml[0m
[0m[ INFO] [1766468275.607920147]: Starting 'camera' (/dev/usb_cam) at 640x480 via mmap (yuyv) at 30 FPS[0m
[31m[ERROR] [1766468281.036386612]: Cannot identify '/dev/usb_cam': 2, No such file or directory[0m
[0m[ INFO] [1766468281.035098222]: camera calibration URL: file:///home/ubuntu/.ros/camera_info/head_camera.yaml[0m
[0m[ INFO] [1766468281.036326223]: Starting 'camera' (/dev/usb_cam) at 640x480 via mmap (yuyv) at 30 FPS[0m
[31m[ERROR] [1766468286.471139878]: Cannot identify '/dev/usb_cam': 2, No such file or directory[0m
[0m[ INFO] [1766468286.469998136]: camera calibration URL: file:///home/ubuntu/.ros/camera_info/head_camera.yaml[0m
[0m[ INFO] [1766468286.471083989]: Starting 'camera' (/dev/usb_cam) at 640x480 via mmap (yuyv) at 30 FPS[0m
[31m[ERROR] [1766468291.931814104]: Cannot identify '/dev/usb_cam': 2, No such file or directory[0m
[0m[ INFO] [1766468291.930532417]: camera calibration URL: file:///home/ubuntu/.ros/camera_info/head_camera.yaml[0m
[0m[ INFO] [1766468291.931767529]: Starting 'camera' (/dev/usb_cam) at 640x480 via mmap (yuyv) at 30 FPS[0m
[31m[ERROR] [1766468297.333827094]: Cannot identify '/dev/usb_cam': 2, No such file or directory[0m
[0m[ INFO] [1766468297.332615353]: camera calibration URL: file:///home/ubuntu/.ros/camera_info/head_camera.yaml[0m
[0m[ INFO] [1766468297.333780687]: Starting 'camera' (/dev/usb_cam) at 640x480 via mmap (yuyv) at 30 FPS[0m
[31m[ERROR] [1766468302.791209696]: Cannot identify '/dev/usb_cam': 2, No such file or directory[0m
[0m[ INFO] [1766468302.790033936]: camera calibration URL: file:///home/ubuntu/.ros/camera_info/head_camera.yaml[0m
[0m[ INFO] [1766468302.791155807]: Starting 'camera' (/dev/usb_cam) at 640x480 via mmap (yuyv) at 30 FPS[0m
[31m[ERROR] [1766468308.234014612]: Cannot identify '/dev/usb_cam': 2, No such file or directory[0m
[0m[ INFO] [1766468308.232432962]: camera calibration URL: file:///home/ubuntu/.ros/camera_info/head_camera.yaml[0m
[0m[ INFO] [1766468308.233948038]: Starting 'camera' (/dev/usb_cam) at 640x480 via mmap (yuyv) at 30 FPS[0m
[31m[ERROR] [1766468313.680239576]: Cannot identify '/dev/usb_cam': 2, No such file or directory[0m
[0m[ INFO] [1766468313.679011760]: camera calibration URL: file:///home/ubuntu/.ros/camera_info/head_camera.yaml[0m
[0m[ INFO] [1766468313.680192668]: Starting 'camera' (/dev/usb_cam) at 640x480 via mmap (yuyv) at 30 FPS[0m
[31m[ERROR] [1766468319.112323570]: Cannot identify '/dev/usb_cam': 2, No such file or directory[0m
[0m[ INFO] [1766468319.111160624]: camera calibration URL: file:///home/ubuntu/.ros/camera_info/head_camera.yaml[0m
[0m[ INFO] [1766468319.112276662]: Starting 'camera' (/dev/usb_cam) at 640x480 via mmap (yuyv) at 30 FPS[0m
[31m[ERROR] [1766468324.565698552]: Cannot identify '/dev/usb_cam': 2, No such file or directory[0m
[0m[ INFO] [1766468324.564520255]: camera calibration URL: file:///home/ubuntu/.ros/camera_info/head_camera.yaml[0m
[0m[ INFO] [1766468324.565641460]: Starting 'camera' (/dev/usb_cam) at 640x480 via mmap (yuyv) at 30 FPS[0m
[31m[ERROR] [1766468330.001014186]: Cannot identify '/dev/usb_cam': 2, No such file or directory[0m
[0m[ INFO] [1766468329.999794166]: camera calibration URL: file:///home/ubuntu/.ros/camera_info/head_camera.yaml[0m
[0m[ INFO] [1766468330.000964279]: Starting 'camera' (/dev/usb_cam) at 640x480 via mmap (yuyv) at 30 FPS[0m
[31m[ERROR] [1766468335.430077130]: Cannot identify '/dev/usb_cam': 2, No such file or directory[0m
[0m[ INFO] [1766468335.428823814]: camera calibration URL: file:///home/ubuntu/.ros/camera_info/head_camera.yaml[0m
[0m[ INFO] [1766468335.430019111]: Starting 'camera' (/dev/usb_cam) at 640x480 via mmap (yuyv) at 30 FPS[0m
[31m[ERROR] [1766468340.809390370]: Cannot identify '/dev/usb_cam': 2, No such file or directory[0m
[0m[ INFO] [1766468340.808149628]: camera calibration URL: file:///home/ubuntu/.ros/camera_info/head_camera.yaml[0m
[0m[ INFO] [1766468340.809337092]: Starting 'camera' (/dev/usb_cam) at 640x480 via mmap (yuyv) at 30 FPS[0m
[31m[ERROR] [1766468346.218774859]: Cannot identify '/dev/usb_cam': 2, No such file or directory[0m
[0m[ INFO] [1766468346.217574321]: camera calibration URL: file:///home/ubuntu/.ros/camera_info/head_camera.yaml[0m
[0m[ INFO] [1766468346.218726248]: Starting 'camera' (/dev/usb_cam) at 640x480 via mmap (yuyv) at 30 FPS[0m
[31m[ERROR] [1766468351.678837289]: Cannot identify '/dev/usb_cam': 2, No such file or directory[0m
[0m[ INFO] [1766468351.677366861]: camera calibration URL: file:///home/ubuntu/.ros/camera_info/head_camera.yaml[0m
[0m[ INFO] [1766468351.678779733]: Starting 'camera' (/dev/usb_cam) at 640x480 via mmap (yuyv) at 30 FPS[0m
[31m[ERROR] [1766468357.120127061]: Cannot identify '/dev/usb_cam': 2, No such file or directory[0m
[0m[ INFO] [1766468357.118888301]: camera calibration URL: file:///home/ubuntu/.ros/camera_info/head_camera.yaml[0m
[0m[ INFO] [1766468357.120069654]: Starting 'camera' (/dev/usb_cam) at 640x480 via mmap (yuyv) at 30 FPS[0m
[31m[ERROR] [1766468362.545843494]: Cannot identify '/dev/usb_cam': 2, No such file or directory[0m
[0m[ INFO] [1766468362.544500826]: camera calibration URL: file:///home/ubuntu/.ros/camera_info/head_camera.yaml[0m
[0m[ INFO] [1766468362.545784068]: Starting 'camera' (/dev/usb_cam) at 640x480 via mmap (yuyv) at 30 FPS[0m
[31m[ERROR] [1766468367.995307851]: Cannot identify '/dev/usb_cam': 2, No such file or directory[0m
[0m[ INFO] [1766468367.994046165]: camera calibration URL: file:///home/ubuntu/.ros/camera_info/head_camera.yaml[0m
[0m[ INFO] [1766468367.995256462]: Starting 'camera' (/dev/usb_cam) at 640x480 via mmap (yuyv) at 30 FPS[0m
[31m[ERROR] [1766468373.446804257]: Cannot identify '/dev/usb_cam': 2, No such file or directory[0m
[0m[ INFO] [1766468373.445451274]: camera calibration URL: file:///home/ubuntu/.ros/camera_info/head_camera.yaml[0m
[0m[ INFO] [1766468373.446738961]: Starting 'camera' (/dev/usb_cam) at 640x480 via mmap (yuyv) at 30 FPS[0m
[31m[ERROR] [1766468378.890758771]: Cannot identify '/dev/usb_cam': 2, No such file or directory[0m
[0m[ INFO] [1766468378.889558306]: camera calibration URL: file:///home/ubuntu/.ros/camera_info/head_camera.yaml[0m
[0m[ INFO] [1766468378.890711160]: Starting 'camera' (/dev/usb_cam) at 640x480 via mmap (yuyv) at 30 FPS[0m
[31m[ERROR] [1766468384.321723809]: Cannot identify '/dev/usb_cam': 2, No such file or directory[0m
[0m[ INFO] [1766468384.320467770]: camera calibration URL: file:///home/ubuntu/.ros/camera_info/head_camera.yaml[0m
[0m[ INFO] [1766468384.321671605]: Starting 'camera' (/dev/usb_cam) at 640x480 via mmap (yuyv) at 30 FPS[0m
[31m[camera-2] process has died [pid 30986, exit code 1, cmd /opt/ros/noetic/lib/usb_cam/usb_cam_node __name:=camera __log:=/root/.ros/log/5b549096-dfbb-11f0-98df-2ccf676ee7bc/camera-2.log].
log file: /root/.ros/log/5b549096-dfbb-11f0-98df-2ccf676ee7bc/camera-2*.log[0m
[31m[camera-2] process has died [pid 31084, exit code 1, cmd /opt/ros/noetic/lib/usb_cam/usb_cam_node __name:=camera __log:=/root/.ros/log/5b549096-dfbb-11f0-98df-2ccf676ee7bc/camera-2.log].
log file: /root/.ros/log/5b549096-dfbb-11f0-98df-2ccf676ee7bc/camera-2*.log[0m
[31m[camera-2] process has died [pid 31344, exit code 1, cmd /opt/ros/noetic/lib/usb_cam/usb_cam_node __name:=camera __log:=/root/.ros/log/5b549096-dfbb-11f0-98df-2ccf676ee7bc/camera-2.log].
log file: /root/.ros/log/5b549096-dfbb-11f0-98df-2ccf676ee7bc/camera-2*.log[0m
[31m[camera-2] process has died [pid 31498, exit code 1, cmd /opt/ros/noetic/lib/usb_cam/usb_cam_node __name:=camera __log:=/root/.ros/log/5b549096-dfbb-11f0-98df-2ccf676ee7bc/camera-2.log].
log file: /root/.ros/log/5b549096-dfbb-11f0-98df-2ccf676ee7bc/camera-2*.log[0m
[31m[camera-2] process has died [pid 31812, exit code 1, cmd /opt/ros/noetic/lib/usb_cam/usb_cam_node __name:=camera __log:=/root/.ros/log/5b549096-dfbb-11f0-98df-2ccf676ee7bc/camera-2.log].
log file: /root/.ros/log/5b549096-dfbb-11f0-98df-2ccf676ee7bc/camera-2*.log[0m
[31m[camera-2] process has died [pid 31840, exit code 1, cmd /opt/ros/noetic/lib/usb_cam/usb_cam_node __name:=camera __log:=/root/.ros/log/5b549096-dfbb-11f0-98df-2ccf676ee7bc/camera-2.log].
log file: /root/.ros/log/5b549096-dfbb-11f0-98df-2ccf676ee7bc/camera-2*.log[0m
[31m[camera-2] process has died [pid 31886, exit code 1, cmd /opt/ros/noetic/lib/usb_cam/usb_cam_node __name:=camera __log:=/root/.ros/log/5b549096-dfbb-11f0-98df-2ccf676ee7bc/camera-2.log].
log file: /root/.ros/log/5b549096-dfbb-11f0-98df-2ccf676ee7bc/camera-2*.log[0m
[31m[camera-2] process has died [pid 32053, exit code 1, cmd /opt/ros/noetic/lib/usb_cam/usb_cam_node __name:=camera __log:=/root/.ros/log/5b549096-dfbb-11f0-98df-2ccf676ee7bc/camera-2.log].
log file: /root/.ros/log/5b549096-dfbb-11f0-98df-2ccf676ee7bc/camera-2*.log[0m
[31m[camera-2] process has died [pid 32118, exit code 1, cmd /opt/ros/noetic/lib/usb_cam/usb_cam_node __name:=camera __log:=/root/.ros/log/5b549096-dfbb-11f0-98df-2ccf676ee7bc/camera-2.log].
log file: /root/.ros/log/5b549096-dfbb-11f0-98df-2ccf676ee7bc/camera-2*.log[0m
[31m[camera-2] process has died [pid 32325, exit code 1, cmd /opt/ros/noetic/lib/usb_cam/usb_cam_node __name:=camera __log:=/root/.ros/log/5b549096-dfbb-11f0-98df-2ccf676ee7bc/camera-2.log].
log file: /root/.ros/log/5b549096-dfbb-11f0-98df-2ccf676ee7bc/camera-2*.log[0m
[31m[camera-2] process has died [pid 32423, exit code 1, cmd /opt/ros/noetic/lib/usb_cam/usb_cam_node __name:=camera __log:=/root/.ros/log/5b549096-dfbb-11f0-98df-2ccf676ee7bc/camera-2.log].
log file: /root/.ros/log/5b549096-dfbb-11f0-98df-2ccf676ee7bc/camera-2*.log[0m
[31m[camera-2] process has died [pid 32523, exit code 1, cmd /opt/ros/noetic/lib/usb_cam/usb_cam_node __name:=camera __log:=/root/.ros/log/5b549096-dfbb-11f0-98df-2ccf676ee7bc/camera-2.log].
log file: /root/.ros/log/5b549096-dfbb-11f0-98df-2ccf676ee7bc/camera-2*.log[0m
[31m[camera-2] process has died [pid 32623, exit code 1, cmd /opt/ros/noetic/lib/usb_cam/usb_cam_node __name:=camera __log:=/root/.ros/log/5b549096-dfbb-11f0-98df-2ccf676ee7bc/camera-2.log].
log file: /root/.ros/log/5b549096-dfbb-11f0-98df-2ccf676ee7bc/camera-2*.log[0m
[31m[camera-2] process has died [pid 32729, exit code 1, cmd /opt/ros/noetic/lib/usb_cam/usb_cam_node __name:=camera __log:=/root/.ros/log/5b549096-dfbb-11f0-98df-2ccf676ee7bc/camera-2.log].
log file: /root/.ros/log/5b549096-dfbb-11f0-98df-2ccf676ee7bc/camera-2*.log[0m
[31m[camera-2] process has died [pid 32860, exit code 1, cmd /opt/ros/noetic/lib/usb_cam/usb_cam_node __name:=camera __log:=/root/.ros/log/5b549096-dfbb-11f0-98df-2ccf676ee7bc/camera-2.log].
log file: /root/.ros/log/5b549096-dfbb-11f0-98df-2ccf676ee7bc/camera-2*.log[0m
[31m[camera-2] process has died [pid 32960, exit code 1, cmd /opt/ros/noetic/lib/usb_cam/usb_cam_node __name:=camera __log:=/root/.ros/log/5b549096-dfbb-11f0-98df-2ccf676ee7bc/camera-2.log].
log file: /root/.ros/log/5b549096-dfbb-11f0-98df-2ccf676ee7bc/camera-2*.log[0m
[31m[camera-2] process has died [pid 33097, exit code 1, cmd /opt/ros/noetic/lib/usb_cam/usb_cam_node __name:=camera __log:=/root/.ros/log/5b549096-dfbb-11f0-98df-2ccf676ee7bc/camera-2.log].
log file: /root/.ros/log/5b549096-dfbb-11f0-98df-2ccf676ee7bc/camera-2*.log[0m
[31m[camera-2] process has died [pid 33201, exit code 1, cmd /opt/ros/noetic/lib/usb_cam/usb_cam_node __name:=camera __log:=/root/.ros/log/5b549096-dfbb-11f0-98df-2ccf676ee7bc/camera-2.log].
log file: /root/.ros/log/5b549096-dfbb-11f0-98df-2ccf676ee7bc/camera-2*.log[0m
[31m[camera-2] process has died [pid 33229, exit code 1, cmd /opt/ros/noetic/lib/usb_cam/usb_cam_node __name:=camera __log:=/root/.ros/log/5b549096-dfbb-11f0-98df-2ccf676ee7bc/camera-2.log].
log file: /root/.ros/log/5b549096-dfbb-11f0-98df-2ccf676ee7bc/camera-2*.log[0m
[31m[camera-2] process has died [pid 33327, exit code 1, cmd /opt/ros/noetic/lib/usb_cam/usb_cam_node __name:=camera __log:=/root/.ros/log/5b549096-dfbb-11f0-98df-2ccf676ee7bc/camera-2.log].
log file: /root/.ros/log/5b549096-dfbb-11f0-98df-2ccf676ee7bc/camera-2*.log[0m
[31m[camera-2] process has died [pid 33427, exit code 1, cmd /opt/ros/noetic/lib/usb_cam/usb_cam_node __name:=camera __log:=/root/.ros/log/5b549096-dfbb-11f0-98df-2ccf676ee7bc/camera-2.log].
log file: /root/.ros/log/5b549096-dfbb-11f0-98df-2ccf676ee7bc/camera-2*.log[0m
[31m[camera-2] process has died [pid 33527, exit code 1, cmd /opt/ros/noetic/lib/usb_cam/usb_cam_node __name:=camera __log:=/root/.ros/log/5b549096-dfbb-11f0-98df-2ccf676ee7bc/camera-2.log].
log file: /root/.ros/log/5b549096-dfbb-11f0-98df-2ccf676ee7bc/camera-2*.log[0m
[31m[camera-2] process has died [pid 33621, exit code 1, cmd /opt/ros/noetic/lib/usb_cam/usb_cam_node __name:=camera __log:=/root/.ros/log/5b549096-dfbb-11f0-98df-2ccf676ee7bc/camera-2.log].
log file: /root/.ros/log/5b549096-dfbb-11f0-98df-2ccf676ee7bc/camera-2*.log[0m
[31m[camera-2] process has died [pid 33725, exit code 1, cmd /opt/ros/noetic/lib/usb_cam/usb_cam_node __name:=camera __log:=/root/.ros/log/5b549096-dfbb-11f0-98df-2ccf676ee7bc/camera-2.log].
log file: /root/.ros/log/5b549096-dfbb-11f0-98df-2ccf676ee7bc/camera-2*.log[0m
[31m[camera-2] process has died [pid 33825, exit code 1, cmd /opt/ros/noetic/lib/usb_cam/usb_cam_node __name:=camera __log:=/root/.ros/log/5b549096-dfbb-11f0-98df-2ccf676ee7bc/camera-2.log].
log file: /root/.ros/log/5b549096-dfbb-11f0-98df-2ccf676ee7bc/camera-2*.log[0m
[31m[camera-2] process has died [pid 33850, exit code 1, cmd /opt/ros/noetic/lib/usb_cam/usb_cam_node __name:=camera __log:=/root/.ros/log/5b549096-dfbb-11f0-98df-2ccf676ee7bc/camera-2.log].
log file: /root/.ros/log/5b549096-dfbb-11f0-98df-2ccf676ee7bc/camera-2*.log[0m
[31m[camera-2] process has died [pid 33894, exit code 1, cmd /opt/ros/noetic/lib/usb_cam/usb_cam_node __name:=camera __log:=/root/.ros/log/5b549096-dfbb-11f0-98df-2ccf676ee7bc/camera-2.log].
log file: /root/.ros/log/5b549096-dfbb-11f0-98df-2ccf676ee7bc/camera-2*.log[0m
[31m[camera-2] process has died [pid 33924, exit code 1, cmd /opt/ros/noetic/lib/usb_cam/usb_cam_node __name:=camera __log:=/root/.ros/log/5b549096-dfbb-11f0-98df-2ccf676ee7bc/camera-2.log].
log file: /root/.ros/log/5b549096-dfbb-11f0-98df-2ccf676ee7bc/camera-2*.log[0m
[31m[camera-2] process has died [pid 33946, exit code 1, cmd /opt/ros/noetic/lib/usb_cam/usb_cam_node __name:=camera __log:=/root/.ros/log/5b549096-dfbb-11f0-98df-2ccf676ee7bc/camera-2.log].
log file: /root/.ros/log/5b549096-dfbb-11f0-98df-2ccf676ee7bc/camera-2*.log[0m
[31m[camera-2] process has died [pid 33974, exit code 1, cmd /opt/ros/noetic/lib/usb_cam/usb_cam_node __name:=camera __log:=/root/.ros/log/5b549096-dfbb-11f0-98df-2ccf676ee7bc/camera-2.log].
log file: /root/.ros/log/5b549096-dfbb-11f0-98df-2ccf676ee7bc/camera-2*.log[0m
[31m[ERROR] [1766468389.774761156]: Cannot identify '/dev/usb_cam': 2, No such file or directory[0m
[0m[ INFO] [1766468389.773546173]: camera calibration URL: file:///home/ubuntu/.ros/camera_info/head_camera.yaml[0m
[0m[ INFO] [1766468389.774700971]: Starting 'camera' (/dev/usb_cam) at 640x480 via mmap (yuyv) at 30 FPS[0m
[31m[ERROR] [1766468395.231103139]: Cannot identify '/dev/usb_cam': 2, No such file or directory[0m
[0m[ INFO] [1766468395.229761230]: camera calibration URL: file:///home/ubuntu/.ros/camera_info/head_camera.yaml[0m
[0m[ INFO] [1766468395.231051732]: Starting 'camera' (/dev/usb_cam) at 640x480 via mmap (yuyv) at 30 FPS[0m
[31m[ERROR] [1766468400.652456574]: Cannot identify '/dev/usb_cam': 2, No such file or directory[0m
[0m[ INFO] [1766468400.651267295]: camera calibration URL: file:///home/ubuntu/.ros/camera_info/head_camera.yaml[0m
[0m[ INFO] [1766468400.652407982]: Starting 'camera' (/dev/usb_cam) at 640x480 via mmap (yuyv) at 30 FPS[0m
[31m[ERROR] [1766468406.090069066]: Cannot identify '/dev/usb_cam': 2, No such file or directory[0m
[0m[ INFO] [1766468406.088854805]: camera calibration URL: file:///home/ubuntu/.ros/camera_info/head_camera.yaml[0m
[0m[ INFO] [1766468406.090022825]: Starting 'camera' (/dev/usb_cam) at 640x480 via mmap (yuyv) at 30 FPS[0m
[31m[ERROR] [1766468411.534102600]: Cannot identify '/dev/usb_cam': 2, No such file or directory[0m
[0m[ INFO] [1766468411.532668950]: camera calibration URL: file:///home/ubuntu/.ros/camera_info/head_camera.yaml[0m
[0m[ INFO] [1766468411.534043359]: Starting 'camera' (/dev/usb_cam) at 640x480 via mmap (yuyv) at 30 FPS[0m
[31m[ERROR] [1766468416.972369213]: Cannot identify '/dev/usb_cam': 2, No such file or directory[0m
[0m[ INFO] [1766468416.971190452]: camera calibration URL: file:///home/ubuntu/.ros/camera_info/head_camera.yaml[0m
[0m[ INFO] [1766468416.972313953]: Starting 'camera' (/dev/usb_cam) at 640x480 via mmap (yuyv) at 30 FPS[0m
[31m[ERROR] [1766468422.416109513]: Cannot identify '/dev/usb_cam': 2, No such file or directory[0m
[0m[ INFO] [1766468422.414938993]: camera calibration URL: file:///home/ubuntu/.ros/camera_info/head_camera.yaml[0m
[0m[ INFO] [1766468422.416046439]: Starting 'camera' (/dev/usb_cam) at 640x480 via mmap (yuyv) at 30 FPS[0m
[31m[ERROR] [1766468427.853174498]: Cannot identify '/dev/usb_cam': 2, No such file or directory[0m
[0m[ INFO] [1766468427.851937144]: camera calibration URL: file:///home/ubuntu/.ros/camera_info/head_camera.yaml[0m
[0m[ INFO] [1766468427.853118220]: Starting 'camera' (/dev/usb_cam) at 640x480 via mmap (yuyv) at 30 FPS[0m
[31m[ERROR] [1766468433.298969301]: Cannot identify '/dev/usb_cam': 2, No such file or directory[0m
[0m[ INFO] [1766468433.297738522]: camera calibration URL: file:///home/ubuntu/.ros/camera_info/head_camera.yaml[0m
[0m[ INFO] [1766468433.298922005]: Starting 'camera' (/dev/usb_cam) at 640x480 via mmap (yuyv) at 30 FPS[0m
[31m[ERROR] [1766468438.737197897]: Cannot identify '/dev/usb_cam': 2, No such file or directory[0m
[0m[ INFO] [1766468438.735824210]: camera calibration URL: file:///home/ubuntu/.ros/camera_info/head_camera.yaml[0m
[0m[ INFO] [1766468438.737143878]: Starting 'camera' (/dev/usb_cam) at 640x480 via mmap (yuyv) at 30 FPS[0m
[31m[ERROR] [1766468444.167872745]: Cannot identify '/dev/usb_cam': 2, No such file or directory[0m
[0m[ INFO] [1766468444.166208021]: camera calibration URL: file:///home/ubuntu/.ros/camera_info/head_camera.yaml[0m
[0m[ INFO] [1766468444.167818727]: Starting 'camera' (/dev/usb_cam) at 640x480 via mmap (yuyv) at 30 FPS[0m
[31m[ERROR] [1766468449.624393473]: Cannot identify '/dev/usb_cam': 2, No such file or directory[0m
[0m[ INFO] [1766468449.623169823]: camera calibration URL: file:///home/ubuntu/.ros/camera_info/head_camera.yaml[0m
[0m[ INFO] [1766468449.624336640]: Starting 'camera' (/dev/usb_cam) at 640x480 via mmap (yuyv) at 30 FPS[0m
[31m[ERROR] [1766468455.054056086]: Cannot identify '/dev/usb_cam': 2, No such file or directory[0m
[0m[ INFO] [1766468455.052815418]: camera calibration URL: file:///home/ubuntu/.ros/camera_info/head_camera.yaml[0m
[0m[ INFO] [1766468455.054005068]: Starting 'camera' (/dev/usb_cam) at 640x480 via mmap (yuyv) at 30 FPS[0m
[31m[ERROR] [1766468460.496315944]: Cannot identify '/dev/usb_cam': 2, No such file or directory[0m
[0m[ INFO] [1766468460.495034720]: camera calibration URL: file:///home/ubuntu/.ros/camera_info/head_camera.yaml[0m
[0m[ INFO] [1766468460.496255703]: Starting 'camera' (/dev/usb_cam) at 640x480 via mmap (yuyv) at 30 FPS[0m
[31m[ERROR] [1766468465.945384461]: Cannot identify '/dev/usb_cam': 2, No such file or directory[0m
[0m[ INFO] [1766468465.944068570]: camera calibration URL: file:///home/ubuntu/.ros/camera_info/head_camera.yaml[0m
[0m[ INFO] [1766468465.945330535]: Starting 'camera' (/dev/usb_cam) at 640x480 via mmap (yuyv) at 30 FPS[0m
[31m[ERROR] [1766468471.365506003]: Cannot identify '/dev/usb_cam': 2, No such file or directory[0m
[0m[ INFO] [1766468471.364263353]: camera calibration URL: file:///home/ubuntu/.ros/camera_info/head_camera.yaml[0m
[0m[ INFO] [1766468471.365452577]: Starting 'camera' (/dev/usb_cam) at 640x480 via mmap (yuyv) at 30 FPS[0m
[31m[ERROR] [1766468476.850728468]: Cannot identify '/dev/usb_cam': 2, No such file or directory[0m
[0m[ INFO] [1766468476.849389466]: camera calibration URL: file:///home/ubuntu/.ros/camera_info/head_camera.yaml[0m
[0m[ INFO] [1766468476.850669672]: Starting 'camera' (/dev/usb_cam) at 640x480 via mmap (yuyv) at 30 FPS[0m
[31m[ERROR] [1766468482.245582644]: Cannot identify '/dev/usb_cam': 2, No such file or directory[0m
[0m[ INFO] [1766468482.244392661]: camera calibration URL: file:///home/ubuntu/.ros/camera_info/head_camera.yaml[0m
[0m[ INFO] [1766468482.245535774]: Starting 'camera' (/dev/usb_cam) at 640x480 via mmap (yuyv) at 30 FPS[0m
[31m[ERROR] [1766468487.622738893]: Cannot identify '/dev/usb_cam': 2, No such file or directory[0m
[0m[ INFO] [1766468487.621505687]: camera calibration URL: file:///home/ubuntu/.ros/camera_info/head_camera.yaml[0m
[0m[ INFO] [1766468487.622688115]: Starting 'camera' (/dev/usb_cam) at 640x480 via mmap (yuyv) at 30 FPS[0m
[31m[ERROR] [1766468493.063887469]: Cannot identify '/dev/usb_cam': 2, No such file or directory[0m
[0m[ INFO] [1766468493.062577170]: camera calibration URL: file:///home/ubuntu/.ros/camera_info/head_camera.yaml[0m
[0m[ INFO] [1766468493.063834394]: Starting 'camera' (/dev/usb_cam) at 640x480 via mmap (yuyv) at 30 FPS[0m
[31m[ERROR] [1766468498.502119495]: Cannot identify '/dev/usb_cam': 2, No such file or directory[0m
[0m[ INFO] [1766468498.500920196]: camera calibration URL: file:///home/ubuntu/.ros/camera_info/head_camera.yaml[0m
[0m[ INFO] [1766468498.502067976]: Starting 'camera' (/dev/usb_cam) at 640x480 via mmap (yuyv) at 30 FPS[0m
[31m[ERROR] [1766468503.929707603]: Cannot identify '/dev/usb_cam': 2, No such file or directory[0m
[0m[ INFO] [1766468503.928534230]: camera calibration URL: file:///home/ubuntu/.ros/camera_info/head_camera.yaml[0m
[0m[ INFO] [1766468503.929656881]: Starting 'camera' (/dev/usb_cam) at 640x480 via mmap (yuyv) at 30 FPS[0m
[31m[ERROR] [1766468509.373376823]: Cannot identify '/dev/usb_cam': 2, No such file or directory[0m
[0m[ INFO] [1766468509.372176080]: camera calibration URL: file:///home/ubuntu/.ros/camera_info/head_camera.yaml[0m
[0m[ INFO] [1766468509.373319230]: Starting 'camera' (/dev/usb_cam) at 640x480 via mmap (yuyv) at 30 FPS[0m
[31m[ERROR] [1766468514.835250047]: Cannot identify '/dev/usb_cam': 2, No such file or directory[0m
[0m[ INFO] [1766468514.834060193]: camera calibration URL: file:///home/ubuntu/.ros/camera_info/head_camera.yaml[0m
[0m[ INFO] [1766468514.835194010]: Starting 'camera' (/dev/usb_cam) at 640x480 via mmap (yuyv) at 30 FPS[0m
[31m[ERROR] [1766468520.262174638]: Cannot identify '/dev/usb_cam': 2, No such file or directory[0m
[0m[ INFO] [1766468520.261029117]: camera calibration URL: file:///home/ubuntu/.ros/camera_info/head_camera.yaml[0m
[0m[ INFO] [1766468520.262125360]: Starting 'camera' (/dev/usb_cam) at 640x480 via mmap (yuyv) at 30 FPS[0m
[31m[ERROR] [1766468525.692551775]: Cannot identify '/dev/usb_cam': 2, No such file or directory[0m
[0m[ INFO] [1766468525.691434477]: camera calibration URL: file:///home/ubuntu/.ros/camera_info/head_camera.yaml[0m
[0m[ INFO] [1766468525.692505312]: Starting 'camera' (/dev/usb_cam) at 640x480 via mmap (yuyv) at 30 FPS[0m
[31m[ERROR] [1766468531.053830522]: Cannot identify '/dev/usb_cam': 2, No such file or directory[0m
[0m[ INFO] [1766468531.052342927]: camera calibration URL: file:///home/ubuntu/.ros/camera_info/head_camera.yaml[0m
[0m[ INFO] [1766468531.053758874]: Starting 'camera' (/dev/usb_cam) at 640x480 via mmap (yuyv) at 30 FPS[0m
[31m[ERROR] [1766468536.482710994]: Cannot identify '/dev/usb_cam': 2, No such file or directory[0m
[0m[ INFO] [1766468536.481507269]: camera calibration URL: file:///home/ubuntu/.ros/camera_info/head_camera.yaml[0m
[0m[ INFO] [1766468536.482660364]: Starting 'camera' (/dev/usb_cam) at 640x480 via mmap (yuyv) at 30 FPS[0m
[31m[ERROR] [1766468541.926336587]: Cannot identify '/dev/usb_cam': 2, No such file or directory[0m
[0m[ INFO] [1766468541.925072528]: camera calibration URL: file:///home/ubuntu/.ros/camera_info/head_camera.yaml[0m
[0m[ INFO] [1766468541.926269531]: Starting 'camera' (/dev/usb_cam) at 640x480 via mmap (yuyv) at 30 FPS[0m
[31m[ERROR] [1766468547.373969873]: Cannot identify '/dev/usb_cam': 2, No such file or directory[0m
[0m[ INFO] [1766468547.372779112]: camera calibration URL: file:///home/ubuntu/.ros/camera_info/head_camera.yaml[0m
[0m[ INFO] [1766468547.373920725]: Starting 'camera' (/dev/usb_cam) at 640x480 via mmap (yuyv) at 30 FPS[0m
[31m[camera-2] process has died [pid 34002, exit code 1, cmd /opt/ros/noetic/lib/usb_cam/usb_cam_node __name:=camera __log:=/root/.ros/log/5b549096-dfbb-11f0-98df-2ccf676ee7bc/camera-2.log].
log file: /root/.ros/log/5b549096-dfbb-11f0-98df-2ccf676ee7bc/camera-2*.log[0m
[31m[camera-2] process has died [pid 34024, exit code 1, cmd /opt/ros/noetic/lib/usb_cam/usb_cam_node __name:=camera __log:=/root/.ros/log/5b549096-dfbb-11f0-98df-2ccf676ee7bc/camera-2.log].
log file: /root/.ros/log/5b549096-dfbb-11f0-98df-2ccf676ee7bc/camera-2*.log[0m
[31m[camera-2] process has died [pid 34052, exit code 1, cmd /opt/ros/noetic/lib/usb_cam/usb_cam_node __name:=camera __log:=/root/.ros/log/5b549096-dfbb-11f0-98df-2ccf676ee7bc/camera-2.log].
log file: /root/.ros/log/5b549096-dfbb-11f0-98df-2ccf676ee7bc/camera-2*.log[0m
[31m[camera-2] process has died [pid 34080, exit code 1, cmd /opt/ros/noetic/lib/usb_cam/usb_cam_node __name:=camera __log:=/root/.ros/log/5b549096-dfbb-11f0-98df-2ccf676ee7bc/camera-2.log].
log file: /root/.ros/log/5b549096-dfbb-11f0-98df-2ccf676ee7bc/camera-2*.log[0m
[31m[camera-2] process has died [pid 34102, exit code 1, cmd /opt/ros/noetic/lib/usb_cam/usb_cam_node __name:=camera __log:=/root/.ros/log/5b549096-dfbb-11f0-98df-2ccf676ee7bc/camera-2.log].
log file: /root/.ros/log/5b549096-dfbb-11f0-98df-2ccf676ee7bc/camera-2*.log[0m
[31m[camera-2] process has died [pid 34132, exit code 1, cmd /opt/ros/noetic/lib/usb_cam/usb_cam_node __name:=camera __log:=/root/.ros/log/5b549096-dfbb-11f0-98df-2ccf676ee7bc/camera-2.log].
log file: /root/.ros/log/5b549096-dfbb-11f0-98df-2ccf676ee7bc/camera-2*.log[0m
[31m[camera-2] process has died [pid 34165, exit code 1, cmd /opt/ros/noetic/lib/usb_cam/usb_cam_node __name:=camera __log:=/root/.ros/log/5b549096-dfbb-11f0-98df-2ccf676ee7bc/camera-2.log].
log file: /root/.ros/log/5b549096-dfbb-11f0-98df-2ccf676ee7bc/camera-2*.log[0m
[31m[camera-2] process has died [pid 34187, exit code 1, cmd /opt/ros/noetic/lib/usb_cam/usb_cam_node __name:=camera __log:=/root/.ros/log/5b549096-dfbb-11f0-98df-2ccf676ee7bc/camera-2.log].
log file: /root/.ros/log/5b549096-dfbb-11f0-98df-2ccf676ee7bc/camera-2*.log[0m
[31m[camera-2] process has died [pid 34215, exit code 1, cmd /opt/ros/noetic/lib/usb_cam/usb_cam_node __name:=camera __log:=/root/.ros/log/5b549096-dfbb-11f0-98df-2ccf676ee7bc/camera-2.log].
log file: /root/.ros/log/5b549096-dfbb-11f0-98df-2ccf676ee7bc/camera-2*.log[0m
[31m[camera-2] process has died [pid 34243, exit code 1, cmd /opt/ros/noetic/lib/usb_cam/usb_cam_node __name:=camera __log:=/root/.ros/log/5b549096-dfbb-11f0-98df-2ccf676ee7bc/camera-2.log].
log file: /root/.ros/log/5b549096-dfbb-11f0-98df-2ccf676ee7bc/camera-2*.log[0m
[31m[camera-2] process has died [pid 34268, exit code 1, cmd /opt/ros/noetic/lib/usb_cam/usb_cam_node __name:=camera __log:=/root/.ros/log/5b549096-dfbb-11f0-98df-2ccf676ee7bc/camera-2.log].
log file: /root/.ros/log/5b549096-dfbb-11f0-98df-2ccf676ee7bc/camera-2*.log[0m
[31m[camera-2] process has died [pid 34296, exit code 1, cmd /opt/ros/noetic/lib/usb_cam/usb_cam_node __name:=camera __log:=/root/.ros/log/5b549096-dfbb-11f0-98df-2ccf676ee7bc/camera-2.log].
log file: /root/.ros/log/5b549096-dfbb-11f0-98df-2ccf676ee7bc/camera-2*.log[0m
[31m[camera-2] process has died [pid 34324, exit code 1, cmd /opt/ros/noetic/lib/usb_cam/usb_cam_node __name:=camera __log:=/root/.ros/log/5b549096-dfbb-11f0-98df-2ccf676ee7bc/camera-2.log].
log file: /root/.ros/log/5b549096-dfbb-11f0-98df-2ccf676ee7bc/camera-2*.log[0m
[31m[camera-2] process has died [pid 34346, exit code 1, cmd /opt/ros/noetic/lib/usb_cam/usb_cam_node __name:=camera __log:=/root/.ros/log/5b549096-dfbb-11f0-98df-2ccf676ee7bc/camera-2.log].
log file: /root/.ros/log/5b549096-dfbb-11f0-98df-2ccf676ee7bc/camera-2*.log[0m
[31m[camera-2] process has died [pid 34380, exit code 1, cmd /opt/ros/noetic/lib/usb_cam/usb_cam_node __name:=camera __log:=/root/.ros/log/5b549096-dfbb-11f0-98df-2ccf676ee7bc/camera-2.log].
log file: /root/.ros/log/5b549096-dfbb-11f0-98df-2ccf676ee7bc/camera-2*.log[0m
[31m[camera-2] process has died [pid 34408, exit code 1, cmd /opt/ros/noetic/lib/usb_cam/usb_cam_node __name:=camera __log:=/root/.ros/log/5b549096-dfbb-11f0-98df-2ccf676ee7bc/camera-2.log].
log file: /root/.ros/log/5b549096-dfbb-11f0-98df-2ccf676ee7bc/camera-2*.log[0m
[31m[camera-2] process has died [pid 34430, exit code 1, cmd /opt/ros/noetic/lib/usb_cam/usb_cam_node __name:=camera __log:=/root/.ros/log/5b549096-dfbb-11f0-98df-2ccf676ee7bc/camera-2.log].
log file: /root/.ros/log/5b549096-dfbb-11f0-98df-2ccf676ee7bc/camera-2*.log[0m
[31m[camera-2] process has died [pid 34458, exit code 1, cmd /opt/ros/noetic/lib/usb_cam/usb_cam_node __name:=camera __log:=/root/.ros/log/5b549096-dfbb-11f0-98df-2ccf676ee7bc/camera-2.log].
log file: /root/.ros/log/5b549096-dfbb-11f0-98df-2ccf676ee7bc/camera-2*.log[0m
[31m[camera-2] process has died [pid 34795, exit code 1, cmd /opt/ros/noetic/lib/usb_cam/usb_cam_node __name:=camera __log:=/root/.ros/log/5b549096-dfbb-11f0-98df-2ccf676ee7bc/camera-2.log].
log file: /root/.ros/log/5b549096-dfbb-11f0-98df-2ccf676ee7bc/camera-2*.log[0m
[31m[camera-2] process has died [pid 34886, exit code 1, cmd /opt/ros/noetic/lib/usb_cam/usb_cam_node __name:=camera __log:=/root/.ros/log/5b549096-dfbb-11f0-98df-2ccf676ee7bc/camera-2.log].
log file: /root/.ros/log/5b549096-dfbb-11f0-98df-2ccf676ee7bc/camera-2*.log[0m
[31m[camera-2] process has died [pid 34999, exit code 1, cmd /opt/ros/noetic/lib/usb_cam/usb_cam_node __name:=camera __log:=/root/.ros/log/5b549096-dfbb-11f0-98df-2ccf676ee7bc/camera-2.log].
log file: /root/.ros/log/5b549096-dfbb-11f0-98df-2ccf676ee7bc/camera-2*.log[0m
[31m[camera-2] process has died [pid 35132, exit code 1, cmd /opt/ros/noetic/lib/usb_cam/usb_cam_node __name:=camera __log:=/root/.ros/log/5b549096-dfbb-11f0-98df-2ccf676ee7bc/camera-2.log].
log file: /root/.ros/log/5b549096-dfbb-11f0-98df-2ccf676ee7bc/camera-2*.log[0m
[31m[camera-2] process has died [pid 35223, exit code 1, cmd /opt/ros/noetic/lib/usb_cam/usb_cam_node __name:=camera __log:=/root/.ros/log/5b549096-dfbb-11f0-98df-2ccf676ee7bc/camera-2.log].
log file: /root/.ros/log/5b549096-dfbb-11f0-98df-2ccf676ee7bc/camera-2*.log[0m
[31m[camera-2] process has died [pid 35251, exit code 1, cmd /opt/ros/noetic/lib/usb_cam/usb_cam_node __name:=camera __log:=/root/.ros/log/5b549096-dfbb-11f0-98df-2ccf676ee7bc/camera-2.log].
log file: /root/.ros/log/5b549096-dfbb-11f0-98df-2ccf676ee7bc/camera-2*.log[0m
[31m[camera-2] process has died [pid 35453, exit code 1, cmd /opt/ros/noetic/lib/usb_cam/usb_cam_node __name:=camera __log:=/root/.ros/log/5b549096-dfbb-11f0-98df-2ccf676ee7bc/camera-2.log].
log file: /root/.ros/log/5b549096-dfbb-11f0-98df-2ccf676ee7bc/camera-2*.log[0m
[31m[camera-2] process has died [pid 35557, exit code 1, cmd /opt/ros/noetic/lib/usb_cam/usb_cam_node __name:=camera __log:=/root/.ros/log/5b549096-dfbb-11f0-98df-2ccf676ee7bc/camera-2.log].
log file: /root/.ros/log/5b549096-dfbb-11f0-98df-2ccf676ee7bc/camera-2*.log[0m
[31m[camera-2] process has died [pid 35665, exit code 1, cmd /opt/ros/noetic/lib/usb_cam/usb_cam_node __name:=camera __log:=/root/.ros/log/5b549096-dfbb-11f0-98df-2ccf676ee7bc/camera-2.log].
log file: /root/.ros/log/5b549096-dfbb-11f0-98df-2ccf676ee7bc/camera-2*.log[0m
[31m[camera-2] process has died [pid 35763, exit code 1, cmd /opt/ros/noetic/lib/usb_cam/usb_cam_node __name:=camera __log:=/root/.ros/log/5b549096-dfbb-11f0-98df-2ccf676ee7bc/camera-2.log].
log file: /root/.ros/log/5b549096-dfbb-11f0-98df-2ccf676ee7bc/camera-2*.log[0m
[31m[camera-2] process has died [pid 35863, exit code 1, cmd /opt/ros/noetic/lib/usb_cam/usb_cam_node __name:=camera __log:=/root/.ros/log/5b549096-dfbb-11f0-98df-2ccf676ee7bc/camera-2.log].
log file: /root/.ros/log/5b549096-dfbb-11f0-98df-2ccf676ee7bc/camera-2*.log[0m
[31m[camera-2] process has died [pid 35968, exit code 1, cmd /opt/ros/noetic/lib/usb_cam/usb_cam_node __name:=camera __log:=/root/.ros/log/5b549096-dfbb-11f0-98df-2ccf676ee7bc/camera-2.log].
log file: /root/.ros/log/5b549096-dfbb-11f0-98df-2ccf676ee7bc/camera-2*.log[0m
[31m[ERROR] [1766468552.800298226]: Cannot identify '/dev/usb_cam': 2, No such file or directory[0m
[0m[ INFO] [1766468552.799151131]: camera calibration URL: file:///home/ubuntu/.ros/camera_info/head_camera.yaml[0m
[0m[ INFO] [1766468552.800247578]: Starting 'camera' (/dev/usb_cam) at 640x480 via mmap (yuyv) at 30 FPS[0m
[31m[ERROR] [1766468558.250988052]: Cannot identify '/dev/usb_cam': 2, No such file or directory[0m
[0m[ INFO] [1766468558.249773735]: camera calibration URL: file:///home/ubuntu/.ros/camera_info/head_camera.yaml[0m
[0m[ INFO] [1766468558.250937848]: Starting 'camera' (/dev/usb_cam) at 640x480 via mmap (yuyv) at 30 FPS[0m
[31m[ERROR] [1766468563.682875946]: Cannot identify '/dev/usb_cam': 2, No such file or directory[0m
[0m[ INFO] [1766468563.681735555]: camera calibration URL: file:///home/ubuntu/.ros/camera_info/head_camera.yaml[0m
[0m[ INFO] [1766468563.682832057]: Starting 'camera' (/dev/usb_cam) at 640x480 via mmap (yuyv) at 30 FPS[0m
[31m[ERROR] [1766468569.142380134]: Cannot identify '/dev/usb_cam': 2, No such file or directory[0m
[0m[ INFO] [1766468569.140752241]: camera calibration URL: file:///home/ubuntu/.ros/camera_info/head_camera.yaml[0m
[0m[ INFO] [1766468569.142319096]: Starting 'camera' (/dev/usb_cam) at 640x480 via mmap (yuyv) at 30 FPS[0m
[31m[ERROR] [1766468574.566572649]: Cannot identify '/dev/usb_cam': 2, No such file or directory[0m
[0m[ INFO] [1766468574.565380424]: camera calibration URL: file:///home/ubuntu/.ros/camera_info/head_camera.yaml[0m
[0m[ INFO] [1766468574.566520612]: Starting 'camera' (/dev/usb_cam) at 640x480 via mmap (yuyv) at 30 FPS[0m
[31m[ERROR] [1766468580.011976442]: Cannot identify '/dev/usb_cam': 2, No such file or directory[0m
[0m[ INFO] [1766468580.010837884]: camera calibration URL: file:///home/ubuntu/.ros/camera_info/head_camera.yaml[0m
[0m[ INFO] [1766468580.011926571]: Starting 'camera' (/dev/usb_cam) at 640x480 via mmap (yuyv) at 30 FPS[0m
[31m[ERROR] [1766468585.360759650]: Cannot identify '/dev/usb_cam': 2, No such file or directory[0m
[0m[ INFO] [1766468585.359641888]: camera calibration URL: file:///home/ubuntu/.ros/camera_info/head_camera.yaml[0m
[0m[ INFO] [1766468585.360713909]: Starting 'camera' (/dev/usb_cam) at 640x480 via mmap (yuyv) at 30 FPS[0m
[31m[ERROR] [1766468590.803351825]: Cannot identify '/dev/usb_cam': 2, No such file or directory[0m
[0m[ INFO] [1766468590.802209711]: camera calibration URL: file:///home/ubuntu/.ros/camera_info/head_camera.yaml[0m
[0m[ INFO] [1766468590.803299788]: Starting 'camera' (/dev/usb_cam) at 640x480 via mmap (yuyv) at 30 FPS[0m
[31m[ERROR] [1766468596.229468899]: Cannot identify '/dev/usb_cam': 2, No such file or directory[0m
[0m[ INFO] [1766468596.228256211]: camera calibration URL: file:///home/ubuntu/.ros/camera_info/head_camera.yaml[0m
[0m[ INFO] [1766468596.229422510]: Starting 'camera' (/dev/usb_cam) at 640x480 via mmap (yuyv) at 30 FPS[0m
[31m[ERROR] [1766468601.573553132]: Cannot identify '/dev/usb_cam': 2, No such file or directory[0m
[0m[ INFO] [1766468601.572248907]: camera calibration URL: file:///home/ubuntu/.ros/camera_info/head_camera.yaml[0m
[0m[ INFO] [1766468601.573497946]: Starting 'camera' (/dev/usb_cam) at 640x480 via mmap (yuyv) at 30 FPS[0m
[31m[ERROR] [1766468607.011416297]: Cannot identify '/dev/usb_cam': 2, No such file or directory[0m
[0m[ INFO] [1766468607.010244350]: camera calibration URL: file:///home/ubuntu/.ros/camera_info/head_camera.yaml[0m
[0m[ INFO] [1766468607.011364945]: Starting 'camera' (/dev/usb_cam) at 640x480 via mmap (yuyv) at 30 FPS[0m
[31m[ERROR] [1766468612.454680961]: Cannot identify '/dev/usb_cam': 2, No such file or directory[0m
[0m[ INFO] [1766468612.453448440]: camera calibration URL: file:///home/ubuntu/.ros/camera_info/head_camera.yaml[0m
[0m[ INFO] [1766468612.454630498]: Starting 'camera' (/dev/usb_cam) at 640x480 via mmap (yuyv) at 30 FPS[0m
[31m[ERROR] [1766468617.898014611]: Cannot identify '/dev/usb_cam': 2, No such file or directory[0m
[0m[ INFO] [1766468617.896767997]: camera calibration URL: file:///home/ubuntu/.ros/camera_info/head_camera.yaml[0m
[0m[ INFO] [1766468617.897968222]: Starting 'camera' (/dev/usb_cam) at 640x480 via mmap (yuyv) at 30 FPS[0m
[31m[ERROR] [1766468623.330959610]: Cannot identify '/dev/usb_cam': 2, No such file or directory[0m
[0m[ INFO] [1766468623.329824107]: camera calibration URL: file:///home/ubuntu/.ros/camera_info/head_camera.yaml[0m
[0m[ INFO] [1766468623.330913647]: Starting 'camera' (/dev/usb_cam) at 640x480 via mmap (yuyv) at 30 FPS[0m
[31m[ERROR] [1766468628.688199771]: Cannot identify '/dev/usb_cam': 2, No such file or directory[0m
[0m[ INFO] [1766468628.687049991]: camera calibration URL: file:///home/ubuntu/.ros/camera_info/head_camera.yaml[0m
[0m[ INFO] [1766468628.688154197]: Starting 'camera' (/dev/usb_cam) at 640x480 via mmap (yuyv) at 30 FPS[0m
[31m[ERROR] [1766468634.125324225]: Cannot identify '/dev/usb_cam': 2, No such file or directory[0m
[0m[ INFO] [1766468634.124138926]: camera calibration URL: file:///home/ubuntu/.ros/camera_info/head_camera.yaml[0m
[0m[ INFO] [1766468634.125274540]: Starting 'camera' (/dev/usb_cam) at 640x480 via mmap (yuyv) at 30 FPS[0m
[31m[ERROR] [1766468639.631430581]: Cannot identify '/dev/usb_cam': 2, No such file or directory[0m
[0m[ INFO] [1766468639.629985836]: camera calibration URL: file:///home/ubuntu/.ros/camera_info/head_camera.yaml[0m
[0m[ INFO] [1766468639.631354395]: Starting 'camera' (/dev/usb_cam) at 640x480 via mmap (yuyv) at 30 FPS[0m
[31m[ERROR] [1766468645.019201789]: Cannot identify '/dev/usb_cam': 2, No such file or directory[0m
[0m[ INFO] [1766468645.018036453]: camera calibration URL: file:///home/ubuntu/.ros/camera_info/head_camera.yaml[0m
[0m[ INFO] [1766468645.019145919]: Starting 'camera' (/dev/usb_cam) at 640x480 via mmap (yuyv) at 30 FPS[0m
[31m[ERROR] [1766468650.466804617]: Cannot identify '/dev/usb_cam': 2, No such file or directory[0m
[0m[ INFO] [1766468650.465466947]: camera calibration URL: file:///home/ubuntu/.ros/camera_info/head_camera.yaml[0m
[0m[ INFO] [1766468650.466749395]: Starting 'camera' (/dev/usb_cam) at 640x480 via mmap (yuyv) at 30 FPS[0m
[31m[ERROR] [1766468655.912133103]: Cannot identify '/dev/usb_cam': 2, No such file or directory[0m
[0m[ INFO] [1766468655.910981156]: camera calibration URL: file:///home/ubuntu/.ros/camera_info/head_camera.yaml[0m
[0m[ INFO] [1766468655.912077770]: Starting 'camera' (/dev/usb_cam) at 640x480 via mmap (yuyv) at 30 FPS[0m
[31m[ERROR] [1766468661.343904146]: Cannot identify '/dev/usb_cam': 2, No such file or directory[0m
[0m[ INFO] [1766468661.342707236]: camera calibration URL: file:///home/ubuntu/.ros/camera_info/head_camera.yaml[0m
[0m[ INFO] [1766468661.343854275]: Starting 'camera' (/dev/usb_cam) at 640x480 via mmap (yuyv) at 30 FPS[0m
[31m[ERROR] [1766468666.774754737]: Cannot identify '/dev/usb_cam': 2, No such file or directory[0m
[0m[ INFO] [1766468666.773592845]: camera calibration URL: file:///home/ubuntu/.ros/camera_info/head_camera.yaml[0m
[0m[ INFO] [1766468666.774706940]: Starting 'camera' (/dev/usb_cam) at 640x480 via mmap (yuyv) at 30 FPS[0m
